PRT2
780
631
1663
4 0 6 (1280 1152 2176) (1280 1152 2112) (1328 1152 2112) (1328 1152 2176) 
4 0 5 (1328 1152 2112) (1408 1152 2112) (1408 1152 2176) (1328 1152 2176) 
4 0 4 (1328 1152 2112) (1280 1152 2112) (1280 1280 2112) (1328 1280 2112) 
4 0 3 (1280 1280 2112) (1280 2816 2112) (1328 2816 2112) (1328 1280 2112) 
4 0 2 (1408 1152 2112) (1328 1152 2112) (1328 1280 2112) (1408 1280 2112) 
4 0 1 (1328 1280 2112) (1328 2816 2112) (1408 2816 2112) (1408 1280 2112) 
4 1 8 (1328 1280 2096) (1328 2816 2096) (1408 2816 2096) (1408 1280 2096) 
4 1 3 (1328 2816 2112) (1328 2816 2096) (1328 1280 2096) (1328 1280 2112) 
4 1 2 (1328 1280 2112) (1328 1280 2096) (1408 1280 2096) (1408 1280 2112) 
4 2 9 (1408 1152 2096) (1328 1152 2096) (1328 1280 2096) (1408 1280 2096) 
4 2 5 (1328 1152 2096) (1408 1152 2096) (1408 1152 2112) (1328 1152 2112) 
4 2 4 (1328 1280 2096) (1328 1152 2096) (1328 1152 2112) (1328 1280 2112) 
4 3 11 (1280 2816 2096) (1280 1280 2096) (1280 1280 2112) (1280 2816 2112) 
4 3 8 (1280 1280 2096) (1280 2816 2096) (1328 2816 2096) (1328 1280 2096) 
4 3 4 (1280 1280 2096) (1328 1280 2096) (1328 1280 2112) (1280 1280 2112) 
4 4 12 (1280 1280 2096) (1280 1152 2096) (1280 1152 2112) (1280 1280 2112) 
4 4 9 (1328 1152 2096) (1280 1152 2096) (1280 1280 2096) (1328 1280 2096) 
4 4 7 (1280 1152 2112) (1280 1152 2096) (1328 1152 2096) (1328 1152 2112) 
4 5 21 (1328 1136 2176) (1328 1136 2096) (1408 1136 2096) (1408 1136 2176) 
4 5 10 (1408 1136 2096) (1328 1136 2096) (1328 1152 2096) (1408 1152 2096) 
4 5 7 (1328 1152 2112) (1328 1152 2096) (1328 1136 2096) (1328 1136 2112) 
4 5 6 (1328 1152 2176) (1328 1152 2112) (1328 1136 2112) (1328 1136 2176) 
4 6 22 (1280 1136 2176) (1280 1136 2112) (1328 1136 2112) (1328 1136 2176) 
4 6 7 (1280 1136 2112) (1280 1152 2112) (1328 1152 2112) (1328 1136 2112) 
4 7 23 (1280 1136 2112) (1280 1136 2096) (1328 1136 2096) (1328 1136 2112) 
4 7 13 (1280 1152 2112) (1280 1152 2096) (1280 1136 2096) (1280 1136 2112) 
4 7 10 (1328 1136 2096) (1280 1136 2096) (1280 1152 2096) (1328 1152 2096) 
4 8 18 (1280 1280 -192) (1280 2816 -192) (1328 2816 -192) (1328 1280 -192) 
4 8 17 (1328 2816 -192) (1408 2816 -192) (1408 1280 -192) (1328 1280 -192) 
4 8 9 (1408 1280 -192) (1408 1280 2096) (1280 1280 2096) (1280 1280 -192) 
4 9 18 (1328 1152 -192) (1280 1152 -192) (1280 1280 -192) (1328 1280 -192) 
4 9 17 (1408 1152 -192) (1328 1152 -192) (1328 1280 -192) (1408 1280 -192) 
4 9 14 (1280 1280 -192) (1280 1152 -192) (1280 1152 2096) (1280 1280 2096) 
4 9 10 (1408 1152 2096) (1280 1152 2096) (1280 1152 -192) (1408 1152 -192) 
4 10 55 (1280 1136 752) (1280 1136 -192) (1408 1136 -192) (1408 1136 752) 
4 10 24 (1280 1136 2096) (1280 1136 752) (1408 1136 752) (1408 1136 2096) 
4 10 18 (1328 1136 -192) (1280 1136 -192) (1280 1152 -192) (1328 1152 -192) 
4 10 17 (1408 1136 -192) (1328 1136 -192) (1328 1152 -192) (1408 1152 -192) 
4 11 94 (-32 2816 2096) (-32 1280 2096) (-32 1280 2112) (-32 2816 2112) 
4 11 12 (-32 1280 2096) (1280 1280 2096) (1280 1280 2112) (-32 1280 2112) 
4 12 95 (-32 1280 2096) (-32 1152 2096) (-32 1152 2112) (-32 1280 2112) 
4 12 14 (1280 1280 2096) (1280 1152 2096) (-32 1152 2096) (-32 1280 2096) 
4 12 13 (-32 1152 2112) (-32 1152 2096) (1280 1152 2096) (1280 1152 2112) 
4 13 96 (-32 1152 2112) (-32 1152 2096) (-32 1136 2096) (-32 1136 2112) 
4 13 41 (-32 1136 2112) (-32 1136 2096) (312 1136 2096) (312 1136 2112) 
4 13 27 (312 1136 2096) (928 1136 2096) (928 1136 2112) (312 1136 2112) 
4 13 25 (928 1136 2096) (1280 1136 2096) (1280 1136 2112) (928 1136 2112) 
4 14 118 (-32 1280 -192) (-32 1152 -192) (-32 1152 1032) (-32 1280 1032) 
4 14 110 (-32 1152 1032) (-32 1152 1152) (-32 1280 1152) (-32 1280 1032) 
4 14 97 (-32 1152 1152) (-32 1152 2096) (-32 1280 2096) (-32 1280 1152) 
4 14 20 (-32 1152 -192) (-32 1280 -192) (1280 1280 -192) (1280 1152 -192) 
4 15 119 (-32 1152 -192) (-32 1136 -192) (-32 1136 1032) (-32 1152 1032) 
4 15 111 (-32 1136 1032) (-32 1136 1152) (-32 1152 1152) (-32 1152 1032) 
4 15 98 (-32 1136 1152) (-32 1136 2096) (-32 1152 2096) (-32 1152 1152) 
4 15 59 (-32 1136 752) (-32 1136 -192) (1280 1136 -192) (1280 1136 752) 
4 15 52 (-32 1136 1128) (-32 1136 752) (312 1136 752) (312 1136 1128) 
4 15 51 (-32 1136 1256) (-32 1136 1128) (96 1136 1128) (96 1136 1256) 
4 15 50 (96 1136 1128) (120 1136 1128) (120 1136 1248) (96 1136 1248) 
4 15 49 (112 1136 1256) (104 1136 1256) (104 1136 1248) (112 1136 1248) 
4 15 48 (120 1136 1128) (304 1136 1128) (304 1136 1256) (120 1136 1256) 
4 15 46 (304 1136 1128) (312 1136 1128) (312 1136 1256) (304 1136 1256) 
4 15 43 (-32 1136 1800) (-32 1136 1256) (312 1136 1256) (312 1136 1800) 
4 15 42 (-32 1136 2096) (-32 1136 1800) (312 1136 1800) (312 1136 2096) 
4 15 30 (312 1136 752) (928 1136 752) (928 1136 1152) (312 1136 1152) 
4 15 29 (928 1136 1152) (928 1136 1800) (312 1136 1800) (312 1136 1152) 
4 15 28 (928 1136 1800) (928 1136 2096) (312 1136 2096) (312 1136 1800) 
4 15 26 (928 1136 752) (1280 1136 752) (1280 1136 2096) (928 1136 2096) 
4 16 20 (1280 2816 -208) (1280 2816 -192) (1280 2880 -192) (1280 2880 -208) 
4 16 18 (1280 2816 -192) (1280 2816 -208) (1328 2816 -208) (1328 2816 -192) 
4 17 56 (1408 1136 -256) (1408 1136 -192) (1328 1136 -192) (1328 1136 -256) 
4 17 19 (1328 2816 -208) (1328 2816 -256) (1328 1136 -256) (1328 1136 -208) 
4 17 18 (1328 2816 -192) (1328 2816 -208) (1328 1136 -208) (1328 1136 -192) 
4 18 57 (1328 1136 -208) (1328 1136 -192) (1280 1136 -192) (1280 1136 -208) 
4 18 20 (1280 1136 -208) (1280 1136 -192) (1280 2816 -192) (1280 2816 -208) 
4 18 19 (1280 1136 -208) (1280 2816 -208) (1328 2816 -208) (1328 1136 -208) 
4 19 58 (1328 1136 -256) (1328 1136 -208) (1280 1136 -208) (1280 1136 -256) 
4 20 125 (-32 1136 -208) (-32 1136 -192) (-32 2880 -192) (-32 2880 -208) 
4 20 60 (-32 1136 -192) (-32 1136 -208) (1280 1136 -208) (1280 1136 -192) 
4 21 31 (1328 -80 2176) (1328 -80 2096) (1408 -80 2096) (1408 -80 2176) 
4 21 24 (1408 -80 2096) (1328 -80 2096) (1328 1136 2096) (1408 1136 2096) 
4 21 23 (1328 1136 2112) (1328 1136 2096) (1328 -80 2096) (1328 -80 2112) 
4 21 22 (1328 1136 2176) (1328 1136 2112) (1328 -80 2112) (1328 -80 2176) 
4 22 32 (1280 -80 2176) (1280 -80 2112) (1328 -80 2112) (1328 -80 2176) 
4 22 23 (1280 -80 2112) (1280 1136 2112) (1328 1136 2112) (1328 -80 2112) 
4 23 33 (1280 -80 2112) (1280 -80 2096) (1328 -80 2096) (1328 -80 2112) 
4 23 25 (1280 1136 2112) (1280 1136 2096) (1280 -80 2096) (1280 -80 2112) 
4 23 24 (1328 -80 2096) (1280 -80 2096) (1280 1136 2096) (1328 1136 2096) 
4 24 55 (1408 -80 752) (1280 -80 752) (1280 1136 752) (1408 1136 752) 
4 24 34 (1280 -80 2096) (1280 -80 752) (1408 -80 752) (1408 -80 2096) 
4 25 35 (928 -80 2112) (928 -80 2096) (1280 -80 2096) (1280 -80 2112) 
4 25 27 (928 1136 2112) (928 1136 2096) (928 -80 2096) (928 -80 2112) 
4 26 59 (1280 -80 752) (928 -80 752) (928 1136 752) (1280 1136 752) 
4 26 36 (928 -80 2096) (928 -80 752) (1280 -80 752) (1280 -80 2096) 
4 26 30 (928 1136 1152) (928 1136 752) (928 536 752) (928 536 1152) 
4 26 29 (928 1136 1800) (928 1136 1152) (928 536 1152) (928 536 1800) 
4 26 28 (928 1136 2096) (928 1136 1800) (928 -80 1800) (928 -80 2096) 
4 27 41 (312 1136 2112) (312 1136 2096) (312 -80 2096) (312 -80 2112) 
4 27 37 (312 -80 2112) (312 -80 2096) (752 -80 2096) (752 -80 2112) 
4 27 35 (752 -80 2096) (928 -80 2096) (928 -80 2112) (752 -80 2112) 
4 28 42 (312 1136 2096) (312 1136 1800) (312 -80 1800) (312 -80 2096) 
4 28 38 (312 -80 2096) (312 -80 1800) (752 -80 1800) (752 -80 2096) 
4 28 36 (752 -80 1800) (928 -80 1800) (928 -80 2096) (752 -80 2096) 
4 28 29 (928 1136 1800) (928 536 1800) (312 536 1800) (312 1136 1800) 
4 29 46 (312 1136 1256) (312 1136 1152) (312 536 1152) (312 536 1256) 
4 29 43 (312 1136 1800) (312 1136 1256) (312 536 1256) (312 536 1800) 
4 29 30 (928 1136 1152) (928 536 1152) (312 536 1152) (312 1136 1152) 
4 30 59 (312 536 752) (312 1136 752) (928 1136 752) (928 536 752) 
4 30 52 (312 1136 1128) (312 1136 752) (312 536 752) (312 536 1128) 
4 30 46 (312 1136 1152) (312 1136 1128) (312 536 1128) (312 536 1152) 
4 31 61 (1328 -96 2176) (1328 -96 2096) (1408 -96 2096) (1408 -96 2176) 
4 31 34 (1408 -96 2096) (1328 -96 2096) (1328 -80 2096) (1408 -80 2096) 
4 31 33 (1328 -80 2112) (1328 -80 2096) (1328 -96 2096) (1328 -96 2112) 
4 31 32 (1328 -80 2176) (1328 -80 2112) (1328 -96 2112) (1328 -96 2176) 
4 32 62 (1280 -96 2176) (1280 -96 2112) (1328 -96 2112) (1328 -96 2176) 
4 32 33 (1280 -96 2112) (1280 -80 2112) (1328 -80 2112) (1328 -96 2112) 
4 33 63 (1280 -96 2112) (1280 -96 2096) (1328 -96 2096) (1328 -96 2112) 
4 33 35 (1280 -80 2112) (1280 -80 2096) (1280 -96 2096) (1280 -96 2112) 
4 33 34 (1328 -96 2096) (1280 -96 2096) (1280 -80 2096) (1328 -80 2096) 
4 34 74 (1280 -96 904) (1280 -96 752) (1408 -96 752) (1408 -96 904) 
4 34 64 (1280 -96 2096) (1280 -96 904) (1408 -96 904) (1408 -96 2096) 
4 34 55 (1408 -96 752) (1280 -96 752) (1280 -80 752) (1408 -80 752) 
4 35 65 (752 -96 2112) (752 -96 2096) (1280 -96 2096) (1280 -96 2112) 
4 35 37 (752 -80 2112) (752 -80 2096) (752 -96 2096) (752 -96 2112) 
4 36 78 (752 -96 904) (752 -96 752) (1280 -96 752) (1280 -96 904) 
4 36 67 (752 -96 2096) (752 -96 1232) (760 -96 1232) (760 -96 2096) 
4 36 66 (760 -96 904) (1280 -96 904) (1280 -96 2096) (760 -96 2096) 
4 36 59 (1280 -96 752) (752 -96 752) (752 -80 752) (1280 -80 752) 
4 36 39 (752 -80 904) (752 -80 752) (752 -96 752) (752 -96 904) 
4 36 38 (752 -80 2096) (752 -80 1016) (752 -96 1016) (752 -96 2096) 
4 37 68 (312 -96 2112) (312 -96 2096) (744 -96 2096) (744 -96 2112) 
4 37 65 (744 -96 2096) (752 -96 2096) (752 -96 2112) (744 -96 2112) 
4 37 41 (312 -80 2112) (312 -80 2096) (312 -96 2096) (312 -96 2112) 
4 38 73 (312 -96 1248) (312 -96 1016) (744 -96 1016) (744 -96 1248) 
4 38 70 (312 -96 1256) (312 -96 1248) (744 -96 1248) (744 -96 1256) 
4 38 69 (312 -96 2096) (312 -96 1256) (744 -96 1256) (744 -96 2096) 
4 38 67 (752 -96 1232) (752 -96 2096) (744 -96 2096) (744 -96 1232) 
4 38 53 (312 -80 1128) (312 -80 1016) (312 -96 1016) (312 -96 1128) 
4 38 47 (312 -80 1256) (312 -80 1128) (312 -96 1128) (312 -96 1256) 
4 38 45 (312 -80 2096) (312 -80 1256) (312 -96 1256) (312 -96 2096) 
4 39 78 (744 -96 752) (752 -96 752) (752 -96 904) (744 -96 904) 
4 39 59 (752 -96 752) (744 -96 752) (744 -80 752) (752 -80 752) 
4 39 40 (744 -80 888) (744 -80 752) (744 -96 752) (744 -96 888) 
4 40 79 (400 -96 752) (744 -96 752) (744 -96 888) (400 -96 888) 
4 40 59 (744 -96 752) (400 -96 752) (400 -80 752) (744 -80 752) 
4 41 96 (-32 1136 2112) (-32 1136 2096) (-32 -96 2096) (-32 -96 2112) 
4 41 68 (-32 -96 2112) (-32 -96 2096) (312 -96 2096) (312 -96 2112) 
4 42 98 (-32 1136 2096) (-32 1136 1800) (-32 -80 1800) (-32 -80 2096) 
4 42 45 (312 -80 1800) (312 -80 2096) (-32 -80 2096) (-32 -80 1800) 
4 42 44 (304 -80 1800) (-32 -80 1800) (-32 536 1800) (304 536 1800) 
4 42 43 (-32 536 1800) (-32 1136 1800) (312 1136 1800) (312 536 1800) 
4 43 98 (-32 1136 1800) (-32 1136 1256) (-32 536 1256) (-32 536 1800) 
4 43 51 (-32 1136 1256) (96 1136 1256) (96 536 1256) (-32 536 1256) 
4 43 49 (104 1136 1256) (112 1136 1256) (112 536 1256) (104 536 1256) 
4 43 48 (120 1136 1256) (304 1136 1256) (304 536 1256) (120 536 1256) 
4 43 46 (304 1136 1256) (312 1136 1256) (312 536 1256) (304 536 1256) 
4 43 44 (-32 536 1256) (304 536 1256) (304 536 1800) (-32 536 1800) 
4 44 98 (-32 536 1256) (-32 -80 1256) (-32 -80 1800) (-32 536 1800) 
4 44 51 (96 -80 1256) (-32 -80 1256) (-32 536 1256) (96 536 1256) 
4 44 49 (112 -80 1256) (104 -80 1256) (104 536 1256) (112 536 1256) 
4 44 48 (304 -80 1256) (120 -80 1256) (120 536 1256) (304 536 1256) 
4 44 45 (-32 -80 1256) (304 -80 1256) (304 -80 1800) (-32 -80 1800) 
4 45 98 (-32 -80 1256) (-32 -96 1256) (-32 -96 2096) (-32 -80 2096) 
4 45 69 (-32 -96 2096) (-32 -96 1256) (312 -96 1256) (312 -96 2096) 
4 45 51 (96 -96 1256) (-32 -96 1256) (-32 -80 1256) (96 -80 1256) 
4 45 49 (112 -96 1256) (104 -96 1256) (104 -80 1256) (112 -80 1256) 
4 45 48 (304 -96 1256) (120 -96 1256) (120 -80 1256) (304 -80 1256) 
4 45 47 (312 -80 1256) (312 -96 1256) (304 -96 1256) (304 -80 1256) 
4 46 52 (304 1136 1128) (312 1136 1128) (312 536 1128) (304 536 1128) 
4 46 48 (304 1136 1128) (304 536 1128) (304 536 1256) (304 1136 1256) 
4 47 73 (304 -96 1128) (312 -96 1128) (312 -96 1248) (304 -96 1248) 
4 47 70 (312 -96 1248) (312 -96 1256) (304 -96 1256) (304 -96 1248) 
4 47 53 (312 -80 1128) (312 -96 1128) (304 -96 1128) (304 -80 1128) 
4 47 48 (304 -80 1128) (304 -96 1128) (304 -96 1256) (304 -80 1256) 
4 48 73 (120 -96 1128) (304 -96 1128) (304 -96 1248) (120 -96 1248) 
4 48 70 (304 -96 1248) (304 -96 1256) (120 -96 1256) (120 -96 1248) 
4 48 53 (304 272 1128) (304 -96 1128) (120 -96 1128) (120 272 1128) 
4 48 52 (120 1136 1128) (304 1136 1128) (304 344 1128) (120 344 1128) 
4 48 50 (120 1136 1128) (120 -96 1128) (120 -96 1248) (120 1136 1248) 
4 49 71 (112 -96 1256) (104 -96 1256) (104 -96 1248) (112 -96 1248) 
4 49 50 (104 1136 1248) (112 1136 1248) (112 -96 1248) (104 -96 1248) 
4 50 73 (96 -96 1128) (120 -96 1128) (120 -96 1248) (96 -96 1248) 
4 50 53 (120 272 1128) (120 -96 1128) (96 -96 1128) (96 272 1128) 
4 50 52 (96 1136 1128) (120 1136 1128) (120 344 1128) (96 344 1128) 
4 50 51 (96 1136 1128) (96 -96 1128) (96 -96 1248) (96 1136 1248) 
4 51 112 (-32 -80 1128) (-32 -96 1128) (-32 -96 1152) (-32 -80 1152) 
4 51 111 (-32 1136 1152) (-32 1136 1128) (-32 272 1128) (-32 272 1152) 
4 51 98 (-32 1136 1256) (-32 1136 1152) (-32 -96 1152) (-32 -96 1256) 
4 51 73 (-32 -96 1248) (-32 -96 1128) (96 -96 1128) (96 -96 1248) 
4 51 72 (-32 -96 1256) (-32 -96 1248) (96 -96 1248) (96 -96 1256) 
4 51 53 (96 272 1128) (96 -96 1128) (-32 -96 1128) (-32 272 1128) 
4 51 52 (-32 1136 1128) (96 1136 1128) (96 344 1128) (-32 344 1128) 
4 52 119 (-32 1136 1032) (-32 1136 752) (-32 344 752) (-32 344 1032) 
4 52 111 (-32 1136 1128) (-32 1136 1032) (-32 344 1032) (-32 344 1128) 
4 52 59 (-32 344 752) (-32 1136 752) (312 1136 752) (312 344 752) 
4 53 112 (-32 -96 1032) (-32 -96 1128) (-32 -80 1128) (-32 -80 1032) 
4 53 73 (-32 -96 1128) (-32 -96 904) (312 -96 904) (312 -96 1128) 
4 53 54 (288 -96 904) (-8 -96 904) (-8 272 904) (288 272 904) 
4 54 88 (56 -96 904) (-8 -96 904) (-8 -96 768) (56 -96 768) 
4 54 86 (112 -96 904) (56 -96 904) (56 -96 768) (112 -96 768) 
4 54 85 (288 -96 768) (288 -96 904) (112 -96 904) (112 -96 768) 
4 55 74 (1408 -96 752) (1280 -96 752) (1280 -96 -192) (1408 -96 -192) 
4 55 57 (1328 -96 -192) (1280 -96 -192) (1280 1136 -192) (1328 1136 -192) 
4 55 56 (1408 -96 -192) (1328 -96 -192) (1328 1136 -192) (1408 1136 -192) 
4 56 75 (1408 -96 -256) (1408 -96 -192) (1328 -96 -192) (1328 -96 -256) 
4 56 58 (1328 -96 -256) (1328 -96 -208) (1328 1136 -208) (1328 1136 -256) 
4 56 57 (1328 -96 -208) (1328 -96 -192) (1328 1136 -192) (1328 1136 -208) 
4 57 76 (1328 -96 -208) (1328 -96 -192) (1280 -96 -192) (1280 -96 -208) 
4 57 60 (1280 -96 -208) (1280 -96 -192) (1280 1136 -192) (1280 1136 -208) 
4 57 58 (1280 -96 -208) (1280 1136 -208) (1328 1136 -208) (1328 -96 -208) 
4 58 77 (1328 -96 -256) (1328 -96 -208) (1280 -96 -208) (1280 -96 -256) 
4 59 130 (-32 -80 -192) (-32 -96 -192) (-32 -96 752) (-32 -80 752) 
4 59 120 (-32 272 -192) (-32 -80 -192) (-32 -80 752) (-32 272 752) 
4 59 119 (-32 1136 752) (-32 1136 -192) (-32 272 -192) (-32 272 752) 
4 59 92 (-32 -96 752) (-32 -96 -192) (-8 -96 -192) (-8 -96 752) 
4 59 89 (-8 -96 -192) (384 -96 -192) (384 -96 752) (-8 -96 752) 
4 59 81 (384 -96 -192) (400 -96 -192) (400 -96 752) (384 -96 752) 
4 59 79 (400 -96 -192) (744 -96 -192) (744 -96 752) (400 -96 752) 
4 59 78 (744 -96 -192) (1280 -96 -192) (1280 -96 752) (744 -96 752) 
4 60 131 (-32 -80 -208) (-32 -96 -208) (-32 -96 -192) (-32 -80 -192) 
4 60 125 (-32 1136 -192) (-32 1136 -208) (-32 -80 -208) (-32 -80 -192) 
4 60 93 (-32 -96 -192) (-32 -96 -208) (-8 -96 -208) (-8 -96 -192) 
4 60 90 (-8 -96 -208) (384 -96 -208) (384 -96 -192) (-8 -96 -192) 
4 60 82 (384 -96 -208) (400 -96 -208) (400 -96 -192) (384 -96 -192) 
4 60 80 (400 -96 -208) (1280 -96 -208) (1280 -96 -192) (400 -96 -192) 
4 61 236 (1328 -248 2176) (1328 -248 2096) (1408 -248 2096) (1408 -248 2176) 
4 61 64 (1408 -248 2096) (1328 -248 2096) (1328 -96 2096) (1408 -96 2096) 
4 61 63 (1328 -96 2112) (1328 -96 2096) (1328 -248 2096) (1328 -248 2112) 
4 61 62 (1328 -96 2176) (1328 -96 2112) (1328 -248 2112) (1328 -248 2176) 
4 62 237 (1280 -248 2176) (1280 -248 2112) (1328 -248 2112) (1328 -248 2176) 
4 62 63 (1280 -248 2112) (1280 -96 2112) (1328 -96 2112) (1328 -248 2112) 
4 63 238 (1280 -248 2112) (1280 -248 2096) (1328 -248 2096) (1328 -248 2112) 
4 63 65 (1280 -96 2112) (1280 -96 2096) (1280 -248 2096) (1280 -248 2112) 
4 63 64 (1328 -248 2096) (1280 -248 2096) (1280 -96 2096) (1328 -96 2096) 
4 64 307 (1280 -248 1032) (1280 -248 904) (1408 -248 904) (1408 -248 1032) 
4 64 243 (1280 -248 1128) (1280 -248 1032) (1408 -248 1032) (1408 -248 1128) 
4 64 239 (1280 -248 2096) (1280 -248 1128) (1408 -248 1128) (1408 -248 2096) 
4 64 74 (1408 -248 904) (1280 -248 904) (1280 -96 904) (1408 -96 904) 
4 65 240 (744 -248 2112) (744 -248 2096) (1280 -248 2096) (1280 -248 2112) 
4 65 68 (744 -96 2112) (744 -96 2096) (744 -248 2096) (744 -248 2112) 
4 66 308 (760 -248 904) (1280 -248 904) (1280 -248 1032) (760 -248 1032) 
4 66 244 (1280 -248 1032) (1280 -248 1128) (760 -248 1128) (760 -248 1032) 
4 66 241 (1280 -248 1128) (1280 -248 2096) (760 -248 2096) (760 -248 1128) 
4 66 78 (1280 -248 904) (760 -248 904) (760 -96 904) (1280 -96 904) 
4 66 67 (760 -248 1232) (760 -248 2096) (760 -96 2096) (760 -96 1232) 
4 67 242 (744 -248 2096) (744 -248 1648) (760 -248 1648) (760 -248 2096) 
4 67 73 (744 -96 1248) (744 -96 1232) (744 -248 1232) (744 -248 1248) 
4 67 70 (744 -96 1256) (744 -96 1248) (744 -248 1248) (744 -248 1256) 
4 67 69 (744 -96 2096) (744 -96 1256) (744 -248 1256) (744 -248 2096) 
4 68 271 (-32 -248 2112) (-32 -248 2096) (520 -248 2096) (520 -248 2112) 
4 68 247 (520 -248 2096) (536 -248 2096) (536 -248 2112) (520 -248 2112) 
4 68 240 (536 -248 2096) (744 -248 2096) (744 -248 2112) (536 -248 2112) 
4 68 96 (-32 -96 2112) (-32 -96 2096) (-32 -248 2096) (-32 -248 2112) 
4 69 272 (-32 -248 2096) (-32 -248 1256) (520 -248 1256) (520 -248 2096) 
4 69 248 (536 -248 1648) (536 -248 2096) (520 -248 2096) (520 -248 1648) 
4 69 242 (744 -248 1648) (744 -248 2096) (536 -248 2096) (536 -248 1648) 
4 69 98 (-32 -96 2096) (-32 -96 1256) (-32 -248 1256) (-32 -248 2096) 
4 69 72 (-32 -248 1256) (-32 -96 1256) (96 -96 1256) (96 -248 1256) 
4 69 71 (104 -96 1256) (112 -96 1256) (112 -248 1256) (104 -248 1256) 
4 69 70 (120 -96 1256) (744 -96 1256) (744 -248 1256) (120 -248 1256) 
4 70 280 (120 -248 1248) (520 -248 1248) (520 -248 1256) (120 -248 1256) 
4 70 73 (120 -96 1248) (744 -96 1248) (744 -248 1248) (120 -248 1248) 
4 71 281 (104 -248 1248) (112 -248 1248) (112 -248 1256) (104 -248 1256) 
4 71 73 (104 -96 1248) (112 -96 1248) (112 -248 1248) (104 -248 1248) 
4 72 288 (-32 -248 1256) (-32 -248 1248) (40 -248 1248) (40 -248 1256) 
4 72 282 (48 -248 1248) (96 -248 1248) (96 -248 1256) (48 -248 1256) 
4 72 98 (-32 -96 1256) (-32 -96 1248) (-32 -248 1248) (-32 -248 1256) 
4 72 73 (-32 -248 1248) (-32 -96 1248) (96 -96 1248) (96 -248 1248) 
4 73 329 (-32 -248 992) (-32 -248 904) (-24 -248 904) (-24 -248 992) 
4 73 328 (-24 -248 904) (288 -248 904) (288 -248 992) (-24 -248 992) 
4 73 317 (296 -248 904) (520 -248 904) (520 -248 992) (296 -248 992) 
4 73 315 (536 -248 904) (640 -248 904) (640 -248 992) (536 -248 992) 
4 73 313 (640 -248 904) (744 -248 904) (744 -248 992) (640 -248 992) 
4 73 311 (-32 -248 1032) (-32 -248 992) (520 -248 992) (520 -248 1032) 
4 73 309 (536 -248 992) (744 -248 992) (744 -248 1016) (536 -248 1016) 
4 73 289 (-32 -248 1080) (-32 -248 1032) (48 -248 1032) (48 -248 1080) 
4 73 288 (-32 -248 1248) (-32 -248 1120) (40 -248 1120) (40 -248 1248) 
4 73 283 (48 -248 1032) (520 -248 1032) (520 -248 1248) (48 -248 1248) 
4 73 249 (520 -248 1032) (536 -248 1032) (536 -248 1072) (520 -248 1072) 
4 73 112 (-32 -96 1152) (-32 -96 1032) (-32 -248 1032) (-32 -248 1152) 
4 73 98 (-32 -96 1248) (-32 -96 1152) (-32 -248 1152) (-32 -248 1248) 
4 73 88 (56 -248 904) (-8 -248 904) (-8 -96 904) (56 -96 904) 
4 73 87 (112 -248 904) (56 -248 904) (56 -216 904) (112 -216 904) 
4 73 86 (56 -216 904) (56 -96 904) (112 -96 904) (112 -216 904) 
4 73 85 (312 -248 904) (112 -248 904) (112 -96 904) (312 -96 904) 
4 73 83 (312 -192 904) (312 -96 904) (384 -96 904) (384 -192 904) 
4 74 339 (1408 -248 904) (1280 -248 904) (1280 -248 -192) (1408 -248 -192) 
4 74 76 (1328 -248 -192) (1280 -248 -192) (1280 -96 -192) (1328 -96 -192) 
4 74 75 (1408 -248 -192) (1328 -248 -192) (1328 -96 -192) (1408 -96 -192) 
4 75 340 (1408 -248 -256) (1408 -248 -192) (1328 -248 -192) (1328 -248 -256) 
4 75 77 (1328 -248 -256) (1328 -248 -208) (1328 -96 -208) (1328 -96 -256) 
4 75 76 (1328 -248 -208) (1328 -248 -192) (1328 -96 -192) (1328 -96 -208) 
4 76 341 (1328 -248 -208) (1328 -248 -192) (1280 -248 -192) (1280 -248 -208) 
4 76 80 (1280 -248 -208) (1280 -248 -192) (1280 -96 -192) (1280 -96 -208) 
4 76 77 (1280 -248 -208) (1280 -96 -208) (1328 -96 -208) (1328 -248 -208) 
4 77 342 (1328 -248 -256) (1328 -248 -208) (1280 -248 -208) (1280 -248 -256) 
4 78 343 (1280 -248 -192) (1280 -248 904) (744 -248 904) (744 -248 -192) 
4 78 79 (744 -96 -192) (744 -248 -192) (744 -248 888) (744 -96 888) 
4 79 344 (400 -248 888) (400 -248 -192) (744 -248 -192) (744 -248 888) 
4 79 81 (400 -248 -192) (400 -248 752) (400 -96 752) (400 -96 -192) 
4 80 345 (1280 -248 -208) (1280 -248 -192) (400 -248 -192) (400 -248 -208) 
4 80 82 (400 -248 -208) (400 -248 -192) (400 -96 -192) (400 -96 -208) 
4 81 346 (400 -248 -192) (400 -248 752) (384 -248 752) (384 -248 -192) 
4 81 89 (384 -248 -192) (384 -248 752) (384 -96 752) (384 -96 -192) 
4 82 347 (400 -248 -208) (400 -248 -192) (384 -248 -192) (384 -248 -208) 
4 82 90 (384 -248 -208) (384 -248 -192) (384 -96 -192) (384 -96 -208) 
4 83 85 (312 -96 768) (312 -192 768) (312 -192 904) (312 -96 904) 
4 83 84 (312 -192 896) (312 -192 768) (384 -192 768) (384 -192 896) 
4 84 85 (312 -192 768) (312 -248 768) (312 -248 896) (312 -192 896) 
4 85 365 (288 -248 904) (112 -248 904) (112 -248 768) (288 -248 768) 
4 85 87 (112 -248 824) (112 -248 904) (112 -216 904) (112 -216 824) 
4 85 86 (112 -96 768) (112 -216 768) (112 -216 904) (112 -96 904) 
4 86 88 (56 -96 768) (56 -216 768) (56 -216 904) (56 -96 904) 
4 86 87 (56 -216 904) (56 -216 824) (112 -216 824) (112 -216 904) 
4 87 366 (112 -248 904) (56 -248 904) (56 -248 824) (112 -248 824) 
4 87 88 (56 -248 824) (56 -248 904) (56 -216 904) (56 -216 824) 
4 88 368 (56 -248 904) (-8 -248 904) (-8 -248 768) (56 -248 768) 
4 88 91 (-8 -248 768) (-8 -248 864) (-8 -96 864) (-8 -96 768) 
4 89 371 (312 -248 752) (-8 -248 752) (-8 -248 -192) (312 -248 -192) 
4 89 346 (384 -248 -192) (384 -248 752) (312 -248 752) (312 -248 -192) 
4 89 92 (-8 -248 -192) (-8 -248 752) (-8 -96 752) (-8 -96 -192) 
4 90 372 (312 -248 -192) (-8 -248 -192) (-8 -248 -208) (312 -248 -208) 
4 90 347 (384 -248 -208) (384 -248 -192) (312 -248 -192) (312 -248 -208) 
4 90 93 (-8 -248 -208) (-8 -248 -192) (-8 -96 -192) (-8 -96 -208) 
4 91 169 (-32 -112 768) (-32 -232 768) (-32 -232 864) (-32 -112 864) 
4 92 371 (-32 -248 752) (-32 -248 -192) (-8 -248 -192) (-8 -248 752) 
4 92 229 (-32 -232 -192) (-32 -248 -192) (-32 -248 752) (-32 -232 752) 
4 92 172 (-32 -112 -192) (-32 -232 -192) (-32 -232 752) (-32 -112 752) 
4 92 150 (-32 -96 752) (-32 -96 -192) (-32 -112 -192) (-32 -112 752) 
4 93 372 (-32 -248 -192) (-32 -248 -208) (-8 -248 -208) (-8 -248 -192) 
4 93 231 (-32 -232 -208) (-32 -248 -208) (-32 -248 -192) (-32 -232 -192) 
4 93 173 (-32 -112 -208) (-32 -232 -208) (-32 -232 -192) (-32 -112 -192) 
4 93 152 (-32 -96 -192) (-32 -96 -208) (-32 -112 -208) (-32 -112 -192) 
4 94 100 (-1280 2816 2096) (-1280 1280 2096) (-1280 1280 2112) (-1280 2816 2112) 
4 94 95 (-1280 1280 2096) (-32 1280 2096) (-32 1280 2112) (-1280 1280 2112) 
4 95 101 (-1280 1280 2096) (-1280 1152 2096) (-1280 1152 2112) (-1280 1280 2112) 
4 95 97 (-1280 1152 2096) (-1280 1280 2096) (-32 1280 2096) (-32 1152 2096) 
4 95 96 (-1280 1152 2112) (-1280 1152 2096) (-32 1152 2096) (-32 1152 2112) 
4 96 469 (-1280 -248 2112) (-1280 -248 2096) (-1112 -248 2096) (-1112 -248 2112) 
4 96 459 (-1112 -248 2096) (-480 -248 2096) (-480 -248 2112) (-1112 -248 2112) 
4 96 384 (-480 -248 2096) (-48 -248 2096) (-48 -248 2112) (-480 -248 2112) 
4 96 378 (-48 -248 2096) (-32 -248 2096) (-32 -248 2112) (-48 -248 2112) 
4 96 105 (-1280 1152 2112) (-1280 1152 2096) (-1280 -248 2096) (-1280 -248 2112) 
4 97 113 (-360 1152 1152) (-1280 1152 1152) (-1280 1280 1152) (-360 1280 1152) 
4 97 110 (-32 1280 1152) (-32 1152 1152) (-360 1152 1152) (-360 1280 1152) 
4 97 108 (-1280 1280 1152) (-1280 1152 1152) (-1280 1152 2096) (-1280 1280 2096) 
4 98 517 (-1280 -248 1240) (-1280 -248 1152) (-1112 -248 1152) (-1112 -248 1240) 
4 98 495 (-1280 -248 1368) (-1280 -248 1240) (-1264 -248 1240) (-1264 -248 1368) 
4 98 494 (-1264 -248 1240) (-1112 -248 1240) (-1112 -248 1368) (-1264 -248 1368) 
4 98 472 (-1280 -248 2096) (-1280 -248 1368) (-1264 -248 1368) (-1264 -248 2096) 
4 98 470 (-1264 -248 1368) (-1112 -248 1368) (-1112 -248 2096) (-1264 -248 2096) 
4 98 462 (-480 -248 1736) (-480 -248 1776) (-1112 -248 1776) (-1112 -248 1736) 
4 98 460 (-480 -248 1776) (-480 -248 2096) (-1112 -248 2096) (-1112 -248 1776) 
4 98 385 (-48 -248 1736) (-48 -248 2096) (-480 -248 2096) (-480 -248 1736) 
4 98 379 (-32 -248 1736) (-32 -248 2096) (-48 -248 2096) (-48 -248 1736) 
4 98 114 (-360 -248 1152) (-1280 -248 1152) (-1280 1152 1152) (-360 1152 1152) 
4 98 112 (-32 -80 1152) (-32 -248 1152) (-360 -248 1152) (-360 -80 1152) 
4 98 111 (-32 1152 1152) (-32 272 1152) (-360 272 1152) (-360 1152 1152) 
4 99 106 (-1408 1152 2176) (-1408 1152 2112) (-1344 1152 2112) (-1344 1152 2176) 
4 99 104 (-1344 1152 2112) (-1280 1152 2112) (-1280 1152 2176) (-1344 1152 2176) 
4 99 103 (-1344 1152 2112) (-1408 1152 2112) (-1408 1280 2112) (-1344 1280 2112) 
4 99 102 (-1408 1280 2112) (-1408 2816 2112) (-1344 2816 2112) (-1344 1280 2112) 
4 99 101 (-1280 1152 2112) (-1344 1152 2112) (-1344 1280 2112) (-1280 1280 2112) 
4 99 100 (-1344 1280 2112) (-1344 2816 2112) (-1280 2816 2112) (-1280 1280 2112) 
4 100 107 (-1280 2816 2096) (-1280 1280 2096) (-1344 1280 2096) (-1344 2816 2096) 
4 100 102 (-1344 2816 2112) (-1344 2816 2096) (-1344 1280 2096) (-1344 1280 2112) 
4 100 101 (-1344 1280 2112) (-1344 1280 2096) (-1280 1280 2096) (-1280 1280 2112) 
4 101 108 (-1280 1280 2096) (-1280 1152 2096) (-1344 1152 2096) (-1344 1280 2096) 
4 101 105 (-1344 1152 2096) (-1280 1152 2096) (-1280 1152 2112) (-1344 1152 2112) 
4 101 103 (-1344 1280 2096) (-1344 1152 2096) (-1344 1152 2112) (-1344 1280 2112) 
4 102 107 (-1408 1280 2096) (-1408 2816 2096) (-1344 2816 2096) (-1344 1280 2096) 
4 102 103 (-1408 1280 2112) (-1408 1280 2096) (-1344 1280 2096) (-1344 1280 2112) 
4 103 108 (-1344 1152 2096) (-1408 1152 2096) (-1408 1280 2096) (-1344 1280 2096) 
4 103 106 (-1408 1152 2096) (-1344 1152 2096) (-1344 1152 2112) (-1408 1152 2112) 
4 104 473 (-1344 -248 2176) (-1344 -248 2112) (-1280 -248 2112) (-1280 -248 2176) 
4 104 106 (-1344 1152 2176) (-1344 1152 2112) (-1344 -248 2112) (-1344 -248 2176) 
4 104 105 (-1344 -248 2112) (-1344 1152 2112) (-1280 1152 2112) (-1280 -248 2112) 
4 105 474 (-1344 -248 2112) (-1344 -248 2096) (-1280 -248 2096) (-1280 -248 2112) 
4 105 109 (-1344 1152 2096) (-1280 1152 2096) (-1280 -248 2096) (-1344 -248 2096) 
4 105 106 (-1344 1152 2112) (-1344 1152 2096) (-1344 -248 2096) (-1344 -248 2112) 
4 106 475 (-1408 -248 2176) (-1408 -248 2096) (-1344 -248 2096) (-1344 -248 2176) 
4 106 109 (-1408 1152 2096) (-1344 1152 2096) (-1344 -248 2096) (-1408 -248 2096) 
4 107 115 (-1280 2816 1152) (-1280 1280 1152) (-1408 1280 1152) (-1408 2816 1152) 
4 107 108 (-1408 1280 2096) (-1408 1280 1152) (-1280 1280 1152) (-1280 1280 2096) 
4 108 116 (-1280 1280 1152) (-1280 1152 1152) (-1408 1152 1152) (-1408 1280 1152) 
4 108 109 (-1408 1152 1152) (-1280 1152 1152) (-1280 1152 2096) (-1408 1152 2096) 
4 109 518 (-1408 -248 1152) (-1280 -248 1152) (-1280 -248 1240) (-1408 -248 1240) 
4 109 496 (-1280 -248 1240) (-1280 -248 1368) (-1408 -248 1368) (-1408 -248 1240) 
4 109 476 (-1280 -248 1368) (-1280 -248 2096) (-1408 -248 2096) (-1408 -248 1368) 
4 109 117 (-1408 1152 1152) (-1280 1152 1152) (-1280 -248 1152) (-1408 -248 1152) 
4 110 118 (-32 1280 1032) (-32 1152 1032) (-360 1152 1032) (-360 1280 1032) 
4 110 113 (-360 1280 1032) (-360 1152 1032) (-360 1152 1152) (-360 1280 1152) 
4 111 119 (-32 1152 1032) (-32 272 1032) (-360 272 1032) (-360 1152 1032) 
4 111 114 (-360 1152 1032) (-360 272 1032) (-360 272 1152) (-360 1152 1152) 
4 112 222 (-176 -248 1032) (-360 -248 1032) (-360 -232 1032) (-176 -232 1032) 
4 112 157 (-48 -232 1032) (-176 -232 1032) (-176 -112 1032) (-48 -112 1032) 
4 112 140 (-176 -112 1032) (-360 -112 1032) (-360 -96 1032) (-176 -96 1032) 
4 112 114 (-360 -80 1032) (-360 -248 1032) (-360 -248 1152) (-360 -80 1152) 
4 113 118 (-360 1280 1032) (-360 1152 1032) (-1280 1152 1032) (-1280 1280 1032) 
4 113 116 (-1280 1280 1032) (-1280 1152 1032) (-1280 1152 1152) (-1280 1280 1152) 
4 114 517 (-1280 -248 1032) (-1112 -248 1032) (-1112 -248 1152) (-1280 -248 1152) 
4 114 227 (-1272 -248 1032) (-1280 -248 1032) (-1280 -232 1032) (-1272 -232 1032) 
4 114 225 (-1080 -248 1032) (-1256 -248 1032) (-1256 -240 1032) (-1080 -240 1032) 
4 114 223 (-960 -248 1032) (-1064 -248 1032) (-1064 -232 1032) (-960 -232 1032) 
4 114 222 (-360 -232 1032) (-360 -248 1032) (-944 -248 1032) (-944 -232 1032) 
4 114 214 (-1272 -232 1032) (-1280 -232 1032) (-1280 -112 1032) (-1272 -112 1032) 
4 114 148 (-1272 -112 1032) (-1280 -112 1032) (-1280 -96 1032) (-1272 -96 1032) 
4 114 146 (-1256 -104 1032) (-1256 -96 1032) (-1080 -96 1032) (-1080 -104 1032) 
4 114 144 (-960 -112 1032) (-1064 -112 1032) (-1064 -96 1032) (-960 -96 1032) 
4 114 141 (-424 -112 1032) (-944 -112 1032) (-944 -96 1032) (-424 -96 1032) 
4 114 140 (-360 -96 1032) (-360 -112 1032) (-424 -112 1032) (-424 -96 1032) 
4 114 132 (-1256 -96 1032) (-1280 -96 1032) (-1280 -80 1032) (-1256 -80 1032) 
4 114 121 (-360 272 1032) (-360 -80 1032) (-1280 -80 1032) (-1280 272 1032) 
4 114 119 (-360 1152 1032) (-360 272 1032) (-1280 272 1032) (-1280 1152 1032) 
4 115 122 (-1280 2816 1032) (-1280 1280 1032) (-1408 1280 1032) (-1408 2816 1032) 
4 115 116 (-1408 1280 1152) (-1408 1280 1032) (-1280 1280 1032) (-1280 1280 1152) 
4 116 123 (-1280 1280 1032) (-1280 1152 1032) (-1408 1152 1032) (-1408 1280 1032) 
4 116 117 (-1408 1152 1032) (-1280 1152 1032) (-1280 1152 1152) (-1408 1152 1152) 
4 117 518 (-1408 -248 1032) (-1280 -248 1032) (-1280 -248 1152) (-1408 -248 1152) 
4 117 228 (-1280 -232 1032) (-1280 -248 1032) (-1408 -248 1032) (-1408 -232 1032) 
4 117 216 (-1280 -112 1032) (-1280 -232 1032) (-1408 -232 1032) (-1408 -112 1032) 
4 117 149 (-1280 -96 1032) (-1280 -112 1032) (-1408 -112 1032) (-1408 -96 1032) 
4 117 134 (-1280 -80 1032) (-1280 -96 1032) (-1408 -96 1032) (-1408 -80 1032) 
4 117 124 (-1408 1152 1032) (-1280 1152 1032) (-1280 -80 1032) (-1408 -80 1032) 
4 118 125 (-1280 1152 -192) (-1280 1280 -192) (-32 1280 -192) (-32 1152 -192) 
4 118 123 (-1280 1280 -192) (-1280 1152 -192) (-1280 1152 1032) (-1280 1280 1032) 
4 119 121 (-1280 272 1032) (-1280 272 -192) (-360 272 -192) (-360 272 1032) 
4 119 120 (-360 272 -192) (-32 272 -192) (-32 272 752) (-360 272 752) 
4 120 130 (-360 -80 -192) (-32 -80 -192) (-32 -80 752) (-360 -80 752) 
4 120 121 (-360 272 752) (-360 272 -192) (-360 -80 -192) (-360 -80 752) 
4 121 132 (-1280 -80 -192) (-1256 -80 -192) (-1256 -80 1032) (-1280 -80 1032) 
4 121 130 (-1256 -80 -192) (-360 -80 -192) (-360 -80 752) (-1256 -80 752) 
4 122 129 (-1344 1280 -192) (-1408 1280 -192) (-1408 2816 -192) (-1344 2816 -192) 
4 122 127 (-1280 2816 -192) (-1280 1280 -192) (-1344 1280 -192) (-1344 2816 -192) 
4 122 123 (-1408 1280 1032) (-1408 1280 -192) (-1280 1280 -192) (-1280 1280 1032) 
4 123 129 (-1344 1152 -192) (-1408 1152 -192) (-1408 1280 -192) (-1344 1280 -192) 
4 123 127 (-1280 1280 -192) (-1280 1152 -192) (-1344 1152 -192) (-1344 1280 -192) 
4 123 124 (-1408 1152 -192) (-1280 1152 -192) (-1280 1152 1032) (-1408 1152 1032) 
4 124 134 (-1408 -80 -192) (-1280 -80 -192) (-1280 -80 1032) (-1408 -80 1032) 
4 124 129 (-1344 -80 -192) (-1408 -80 -192) (-1408 1152 -192) (-1344 1152 -192) 
4 124 127 (-1280 -80 -192) (-1344 -80 -192) (-1344 1152 -192) (-1280 1152 -192) 
4 125 133 (-1256 -80 -192) (-1280 -80 -192) (-1280 -80 -208) (-1256 -80 -208) 
4 125 131 (-32 -80 -208) (-32 -80 -192) (-1256 -80 -192) (-1256 -80 -208) 
4 125 127 (-1280 -80 -208) (-1280 -80 -192) (-1280 2816 -192) (-1280 2816 -208) 
4 125 126 (-1280 2816 -192) (-1280 2880 -192) (-1280 2880 -208) (-1280 2816 -208) 
4 126 127 (-1280 2816 -208) (-1280 2816 -192) (-1344 2816 -192) (-1344 2816 -208) 
4 127 135 (-1280 -80 -208) (-1280 -80 -192) (-1344 -80 -192) (-1344 -80 -208) 
4 127 129 (-1344 2816 -192) (-1344 2816 -208) (-1344 -80 -208) (-1344 -80 -192) 
4 127 128 (-1344 -80 -208) (-1344 2816 -208) (-1280 2816 -208) (-1280 -80 -208) 
4 128 136 (-1280 -80 -256) (-1280 -80 -208) (-1344 -80 -208) (-1344 -80 -256) 
4 128 129 (-1344 2816 -208) (-1344 2816 -256) (-1344 -80 -256) (-1344 -80 -208) 
4 129 137 (-1344 -80 -256) (-1344 -80 -192) (-1408 -80 -192) (-1408 -80 -256) 
4 130 150 (-32 -96 -192) (-32 -96 752) (-1256 -96 752) (-1256 -96 -192) 
4 130 132 (-1256 -80 752) (-1256 -80 -192) (-1256 -96 -192) (-1256 -96 752) 
4 131 152 (-32 -96 -208) (-32 -96 -192) (-1256 -96 -192) (-1256 -96 -208) 
4 131 133 (-1256 -80 -192) (-1256 -80 -208) (-1256 -96 -208) (-1256 -96 -192) 
4 132 151 (-1256 -96 -192) (-1256 -96 768) (-1280 -96 768) (-1280 -96 -192) 
4 132 148 (-1272 -96 1032) (-1280 -96 1032) (-1280 -96 768) (-1272 -96 768) 
4 133 152 (-1256 -96 -208) (-1256 -96 -192) (-1280 -96 -192) (-1280 -96 -208) 
4 133 135 (-1280 -80 -192) (-1280 -80 -208) (-1280 -96 -208) (-1280 -96 -192) 
4 134 153 (-1408 -96 -192) (-1280 -96 -192) (-1280 -96 768) (-1408 -96 768) 
4 134 149 (-1280 -96 768) (-1280 -96 1032) (-1408 -96 1032) (-1408 -96 768) 
4 134 137 (-1408 -80 -192) (-1344 -80 -192) (-1344 -96 -192) (-1408 -96 -192) 
4 134 135 (-1344 -80 -192) (-1280 -80 -192) (-1280 -96 -192) (-1344 -96 -192) 
4 135 154 (-1280 -96 -208) (-1280 -96 -192) (-1344 -96 -192) (-1344 -96 -208) 
4 135 137 (-1344 -96 -208) (-1344 -96 -192) (-1344 -80 -192) (-1344 -80 -208) 
4 135 136 (-1344 -96 -208) (-1344 -80 -208) (-1280 -80 -208) (-1280 -96 -208) 
4 136 155 (-1280 -96 -256) (-1280 -96 -208) (-1344 -96 -208) (-1344 -96 -256) 
4 136 137 (-1344 -96 -256) (-1344 -96 -208) (-1344 -80 -208) (-1344 -80 -256) 
4 137 156 (-1344 -96 -256) (-1344 -96 -192) (-1408 -96 -192) (-1408 -96 -256) 
4 138 158 (-48 -112 888) (-48 -112 1016) (-176 -112 1016) (-176 -112 888) 
4 138 140 (-176 -104 888) (-176 -112 888) (-176 -112 1016) (-176 -104 1016) 
4 139 169 (-176 -112 768) (-48 -112 768) (-48 -112 872) (-176 -112 872) 
4 139 143 (-176 -96 872) (-176 -96 768) (-176 -112 768) (-176 -112 872) 
4 140 159 (-424 -112 1024) (-424 -112 888) (-192 -112 888) (-192 -112 1024) 
4 140 158 (-176 -112 888) (-176 -112 1016) (-192 -112 1016) (-192 -112 888) 
4 140 143 (-424 -96 888) (-176 -96 888) (-176 -112 888) (-424 -112 888) 
4 140 141 (-424 -96 1032) (-424 -96 944) (-424 -112 944) (-424 -112 1032) 
4 141 162 (-944 -112 1024) (-944 -112 944) (-472 -112 944) (-472 -112 1024) 
4 141 160 (-472 -112 944) (-424 -112 944) (-424 -112 1024) (-472 -112 1024) 
4 141 142 (-944 -112 944) (-944 -96 944) (-472 -96 944) (-472 -112 944) 
4 142 162 (-944 -112 944) (-944 -112 888) (-472 -112 888) (-472 -112 944) 
4 142 143 (-944 -112 888) (-944 -96 888) (-472 -96 888) (-472 -112 888) 
4 143 169 (-944 -112 768) (-176 -112 768) (-176 -112 872) (-944 -112 872) 
4 143 168 (-944 -112 880) (-944 -112 872) (-192 -112 872) (-192 -112 880) 
4 144 174 (-960 -112 888) (-960 -112 1024) (-1064 -112 1024) (-1064 -112 888) 
4 145 188 (-1064 -112 768) (-976 -112 768) (-976 -112 776) (-1064 -112 776) 
4 145 187 (-1024 -112 800) (-1064 -112 800) (-1064 -112 776) (-1024 -112 776) 
4 145 186 (-1024 -112 792) (-1024 -112 776) (-1008 -112 776) (-1008 -112 792) 
4 145 185 (-1008 -112 784) (-1008 -112 776) (-992 -112 776) (-992 -112 784) 
4 145 184 (-992 -112 800) (-1008 -112 800) (-1008 -112 792) (-992 -112 792) 
4 145 183 (-976 -112 800) (-992 -112 800) (-992 -112 784) (-976 -112 784) 
4 145 182 (-960 -112 776) (-960 -112 800) (-976 -112 800) (-976 -112 776) 
4 145 180 (-1064 -112 816) (-1064 -112 800) (-1056 -112 800) (-1056 -112 816) 
4 145 179 (-1056 -112 808) (-1056 -112 800) (-1040 -112 800) (-1040 -112 808) 
4 145 178 (-1040 -112 824) (-1056 -112 824) (-1056 -112 816) (-1040 -112 816) 
4 145 177 (-1024 -112 824) (-1040 -112 824) (-1040 -112 808) (-1024 -112 808) 
4 145 176 (-960 -112 800) (-960 -112 824) (-1024 -112 824) (-1024 -112 800) 
4 145 175 (-960 -112 824) (-960 -112 832) (-1064 -112 832) (-1064 -112 824) 
4 145 174 (-960 -112 832) (-960 -112 872) (-1064 -112 872) (-1064 -112 832) 
4 147 188 (-1256 -112 768) (-1080 -112 768) (-1080 -112 776) (-1256 -112 776) 
4 147 187 (-1080 -112 776) (-1080 -112 800) (-1256 -112 800) (-1256 -112 776) 
4 147 181 (-1080 -112 800) (-1080 -112 824) (-1256 -112 824) (-1256 -112 800) 
4 148 214 (-1280 -112 768) (-1272 -112 768) (-1272 -112 1032) (-1280 -112 1032) 
4 148 151 (-1272 -112 768) (-1280 -112 768) (-1280 -96 768) (-1272 -96 768) 
4 149 216 (-1408 -112 768) (-1280 -112 768) (-1280 -112 1032) (-1408 -112 1032) 
4 149 153 (-1280 -112 768) (-1408 -112 768) (-1408 -96 768) (-1280 -96 768) 
4 150 189 (-960 -112 752) (-1256 -112 752) (-1256 -112 -192) (-960 -112 -192) 
4 150 172 (-32 -112 -192) (-32 -112 752) (-960 -112 752) (-960 -112 -192) 
4 150 151 (-1256 -96 -192) (-1256 -112 -192) (-1256 -112 752) (-1256 -96 752) 
4 151 214 (-1272 -112 768) (-1280 -112 768) (-1280 -112 -192) (-1272 -112 -192) 
4 151 213 (-1256 -112 768) (-1272 -112 768) (-1272 -112 -192) (-1256 -112 -192) 
4 152 215 (-1256 -112 -192) (-1280 -112 -192) (-1280 -112 -208) (-1256 -112 -208) 
4 152 190 (-960 -112 -192) (-1256 -112 -192) (-1256 -112 -208) (-960 -112 -208) 
4 152 173 (-32 -112 -208) (-32 -112 -192) (-960 -112 -192) (-960 -112 -208) 
4 152 154 (-1280 -112 -208) (-1280 -112 -192) (-1280 -96 -192) (-1280 -96 -208) 
4 153 216 (-1408 -112 -192) (-1280 -112 -192) (-1280 -112 768) (-1408 -112 768) 
4 153 156 (-1408 -96 -192) (-1344 -96 -192) (-1344 -112 -192) (-1408 -112 -192) 
4 153 154 (-1344 -96 -192) (-1280 -96 -192) (-1280 -112 -192) (-1344 -112 -192) 
4 154 217 (-1280 -112 -208) (-1280 -112 -192) (-1344 -112 -192) (-1344 -112 -208) 
4 154 156 (-1344 -112 -208) (-1344 -112 -192) (-1344 -96 -192) (-1344 -96 -208) 
4 154 155 (-1344 -112 -208) (-1344 -96 -208) (-1280 -96 -208) (-1280 -112 -208) 
4 155 218 (-1280 -112 -256) (-1280 -112 -208) (-1344 -112 -208) (-1344 -112 -256) 
4 155 156 (-1344 -112 -256) (-1344 -112 -208) (-1344 -96 -208) (-1344 -96 -256) 
4 156 219 (-1344 -112 -256) (-1344 -112 -192) (-1408 -112 -192) (-1408 -112 -256) 
4 157 158 (-48 -232 1016) (-176 -232 1016) (-176 -112 1016) (-48 -112 1016) 
4 158 222 (-176 -232 1016) (-192 -232 1016) (-192 -232 888) (-176 -232 888) 
4 158 220 (-48 -232 1016) (-176 -232 1016) (-176 -232 888) (-48 -232 888) 
4 158 167 (-48 -232 888) (-176 -232 888) (-176 -112 888) (-48 -112 888) 
4 158 159 (-192 -112 1016) (-192 -112 888) (-192 -232 888) (-192 -232 1016) 
4 159 222 (-424 -232 888) (-192 -232 888) (-192 -232 1024) (-424 -232 1024) 
4 159 161 (-424 -152 888) (-424 -232 888) (-424 -232 1024) (-424 -152 1024) 
4 159 160 (-424 -152 944) (-424 -152 1024) (-424 -112 1024) (-424 -112 944) 
4 160 162 (-472 -152 944) (-472 -152 1024) (-472 -112 1024) (-472 -112 944) 
4 160 161 (-472 -152 1024) (-472 -152 944) (-424 -152 944) (-424 -152 1024) 
4 161 222 (-472 -232 888) (-424 -232 888) (-424 -232 1024) (-472 -232 1024) 
4 161 162 (-472 -152 888) (-472 -232 888) (-472 -232 1024) (-472 -152 1024) 
4 162 222 (-944 -232 888) (-472 -232 888) (-472 -232 1024) (-944 -232 1024) 
4 162 166 (-944 -184 888) (-944 -232 888) (-944 -232 1024) (-944 -184 1024) 
4 162 165 (-944 -160 888) (-944 -168 888) (-944 -168 1024) (-944 -160 1024) 
4 162 164 (-944 -136 888) (-944 -144 888) (-944 -144 1024) (-944 -136 1024) 
4 162 163 (-944 -112 888) (-944 -120 888) (-944 -120 1024) (-944 -112 1024) 
4 163 174 (-960 -112 1024) (-960 -112 888) (-960 -120 888) (-960 -120 1024) 
4 164 174 (-960 -136 888) (-960 -144 888) (-960 -144 1024) (-960 -136 1024) 
4 165 191 (-960 -160 888) (-960 -168 888) (-960 -168 1024) (-960 -160 1024) 
4 166 195 (-960 -184 888) (-960 -232 888) (-960 -232 1024) (-960 -184 1024) 
4 167 169 (-48 -232 872) (-176 -232 872) (-176 -112 872) (-48 -112 872) 
4 168 222 (-944 -232 880) (-944 -232 872) (-192 -232 872) (-192 -232 880) 
4 168 169 (-192 -232 872) (-944 -232 872) (-944 -112 872) (-192 -112 872) 
4 169 222 (-176 -232 872) (-944 -232 872) (-944 -232 768) (-176 -232 768) 
4 169 221 (-48 -232 872) (-176 -232 872) (-176 -232 768) (-48 -232 768) 
4 169 171 (-944 -184 768) (-944 -232 768) (-944 -232 872) (-944 -184 872) 
4 169 170 (-944 -112 768) (-944 -168 768) (-944 -168 872) (-944 -112 872) 
4 170 191 (-960 -160 768) (-960 -168 768) (-960 -168 872) (-960 -160 872) 
4 170 182 (-960 -112 800) (-960 -112 776) (-960 -160 776) (-960 -160 800) 
4 170 176 (-960 -112 824) (-960 -112 800) (-960 -160 800) (-960 -160 824) 
4 170 175 (-960 -112 832) (-960 -112 824) (-960 -160 824) (-960 -160 832) 
4 170 174 (-960 -112 872) (-960 -112 832) (-960 -160 832) (-960 -160 872) 
4 171 210 (-960 -184 768) (-960 -232 768) (-960 -232 824) (-960 -184 824) 
4 171 209 (-960 -232 824) (-960 -232 832) (-960 -184 832) (-960 -184 824) 
4 171 201 (-960 -232 832) (-960 -232 864) (-960 -184 864) (-960 -184 832) 
4 171 197 (-960 -232 864) (-960 -232 872) (-960 -184 872) (-960 -184 864) 
4 172 229 (-32 -232 -192) (-32 -232 752) (-960 -232 752) (-960 -232 -192) 
4 172 211 (-960 -184 -192) (-960 -232 -192) (-960 -232 752) (-960 -184 752) 
4 172 193 (-960 -160 -192) (-960 -184 -192) (-960 -184 752) (-960 -160 752) 
4 172 189 (-960 -112 752) (-960 -112 -192) (-960 -160 -192) (-960 -160 752) 
4 173 231 (-32 -232 -208) (-32 -232 -192) (-960 -232 -192) (-960 -232 -208) 
4 173 212 (-960 -184 -208) (-960 -232 -208) (-960 -232 -192) (-960 -184 -192) 
4 173 194 (-960 -160 -208) (-960 -184 -208) (-960 -184 -192) (-960 -160 -192) 
4 173 190 (-960 -112 -192) (-960 -112 -208) (-960 -160 -208) (-960 -160 -192) 
4 174 192 (-1256 -160 1024) (-1256 -160 832) (-1088 -160 832) (-1088 -160 1024) 
4 174 191 (-968 -160 832) (-960 -160 832) (-960 -160 1024) (-968 -160 1024) 
4 174 175 (-960 -160 832) (-1072 -160 832) (-1072 -112 832) (-960 -112 832) 
4 175 191 (-968 -160 824) (-960 -160 824) (-960 -160 832) (-968 -160 832) 
4 175 178 (-1040 -160 824) (-1056 -160 824) (-1056 -112 824) (-1040 -112 824) 
4 175 177 (-1024 -160 824) (-1040 -160 824) (-1040 -112 824) (-1024 -112 824) 
4 175 176 (-960 -160 824) (-1024 -160 824) (-1024 -112 824) (-960 -112 824) 
4 176 191 (-968 -160 800) (-960 -160 800) (-960 -160 824) (-968 -160 824) 
4 176 184 (-992 -160 800) (-1008 -160 800) (-1008 -112 800) (-992 -112 800) 
4 176 183 (-976 -160 800) (-992 -160 800) (-992 -112 800) (-976 -112 800) 
4 176 182 (-960 -160 800) (-976 -160 800) (-976 -112 800) (-960 -112 800) 
4 176 177 (-1024 -160 808) (-1024 -160 824) (-1024 -112 824) (-1024 -112 808) 
4 177 178 (-1040 -160 816) (-1040 -160 824) (-1040 -112 824) (-1040 -112 816) 
4 179 187 (-1040 -160 800) (-1056 -160 800) (-1056 -112 800) (-1040 -112 800) 
4 179 180 (-1056 -112 800) (-1056 -160 800) (-1056 -160 808) (-1056 -112 808) 
4 180 187 (-1056 -160 800) (-1072 -160 800) (-1072 -112 800) (-1056 -112 800) 
4 180 181 (-1072 -112 800) (-1072 -160 800) (-1072 -160 816) (-1072 -112 816) 
4 181 187 (-1072 -160 800) (-1256 -160 800) (-1256 -112 800) (-1072 -112 800) 
4 182 191 (-968 -160 776) (-960 -160 776) (-960 -160 800) (-968 -160 800) 
4 182 183 (-976 -160 784) (-976 -160 800) (-976 -112 800) (-976 -112 784) 
4 183 184 (-992 -160 792) (-992 -160 800) (-992 -112 800) (-992 -112 792) 
4 185 188 (-992 -160 776) (-1008 -160 776) (-1008 -112 776) (-992 -112 776) 
4 185 186 (-1008 -112 776) (-1008 -160 776) (-1008 -160 784) (-1008 -112 784) 
4 186 188 (-1008 -160 776) (-1024 -160 776) (-1024 -112 776) (-1008 -112 776) 
4 186 187 (-1024 -112 776) (-1024 -160 776) (-1024 -160 792) (-1024 -112 792) 
4 187 188 (-1024 -160 776) (-1256 -160 776) (-1256 -112 776) (-1024 -112 776) 
4 189 213 (-1256 -112 752) (-1256 -112 -192) (-1256 -160 -192) (-1256 -160 752) 
4 189 193 (-1256 -160 752) (-1256 -160 -192) (-960 -160 -192) (-960 -160 752) 
4 190 215 (-1256 -112 -192) (-1256 -112 -208) (-1256 -160 -208) (-1256 -160 -192) 
4 190 194 (-1256 -160 -192) (-1256 -160 -208) (-960 -160 -208) (-960 -160 -192) 
4 191 210 (-968 -184 768) (-960 -184 768) (-960 -184 824) (-968 -184 824) 
4 191 209 (-960 -184 824) (-960 -184 832) (-968 -184 832) (-968 -184 824) 
4 191 201 (-960 -184 832) (-960 -184 864) (-968 -184 864) (-968 -184 832) 
4 191 197 (-960 -184 864) (-960 -184 880) (-968 -184 880) (-968 -184 864) 
4 191 195 (-960 -184 888) (-960 -184 1024) (-968 -184 1024) (-968 -184 888) 
4 192 208 (-1256 -184 864) (-1256 -184 832) (-1088 -184 832) (-1088 -184 864) 
4 192 200 (-1256 -184 880) (-1256 -184 864) (-1088 -184 864) (-1088 -184 880) 
4 192 196 (-1256 -184 1024) (-1256 -184 880) (-1088 -184 880) (-1088 -184 1024) 
4 193 213 (-1256 -184 -192) (-1256 -184 752) (-1256 -160 752) (-1256 -160 -192) 
4 193 211 (-1256 -184 752) (-1256 -184 -192) (-960 -184 -192) (-960 -184 752) 
4 194 215 (-1256 -184 -208) (-1256 -184 -192) (-1256 -160 -192) (-1256 -160 -208) 
4 194 212 (-1256 -184 -192) (-1256 -184 -208) (-960 -184 -208) (-960 -184 -192) 
4 195 223 (-960 -232 888) (-960 -232 1024) (-976 -232 1024) (-976 -232 888) 
4 195 196 (-976 -232 888) (-976 -232 1024) (-976 -184 1024) (-976 -184 888) 
4 196 223 (-976 -232 1024) (-1064 -232 1024) (-1064 -232 888) (-976 -232 888) 
4 196 200 (-1256 -232 880) (-1256 -184 880) (-1008 -184 880) (-1008 -232 880) 
4 196 199 (-1008 -184 880) (-992 -184 880) (-992 -232 880) (-1008 -232 880) 
4 197 224 (-960 -232 864) (-960 -232 872) (-976 -232 872) (-976 -232 864) 
4 197 201 (-976 -184 864) (-960 -184 864) (-960 -232 864) (-976 -232 864) 
4 197 198 (-976 -184 864) (-976 -232 864) (-976 -232 872) (-976 -184 872) 
4 198 224 (-992 -232 872) (-992 -232 864) (-976 -232 864) (-976 -232 872) 
4 198 201 (-992 -184 864) (-976 -184 864) (-976 -232 864) (-992 -232 864) 
4 199 200 (-1008 -232 872) (-1008 -232 880) (-1008 -184 880) (-1008 -184 872) 
4 200 224 (-1064 -232 872) (-1064 -232 864) (-1008 -232 864) (-1008 -232 872) 
4 200 208 (-1256 -232 864) (-1256 -184 864) (-1072 -184 864) (-1072 -232 864) 
4 200 207 (-1072 -184 864) (-1056 -184 864) (-1056 -232 864) (-1072 -232 864) 
4 200 205 (-1056 -184 864) (-1040 -184 864) (-1040 -232 864) (-1056 -232 864) 
4 200 203 (-1040 -184 864) (-1024 -184 864) (-1024 -232 864) (-1040 -232 864) 
4 201 224 (-960 -232 832) (-960 -232 864) (-1008 -232 864) (-1008 -232 832) 
4 201 209 (-1008 -184 832) (-960 -184 832) (-960 -232 832) (-1008 -232 832) 
4 201 202 (-1008 -184 832) (-1008 -232 832) (-1008 -232 856) (-1008 -184 856) 
4 202 224 (-1024 -232 856) (-1024 -232 832) (-1008 -232 832) (-1008 -232 856) 
4 202 209 (-1024 -184 832) (-1008 -184 832) (-1008 -232 832) (-1024 -232 832) 
4 202 204 (-1024 -184 832) (-1024 -232 832) (-1024 -232 848) (-1024 -184 848) 
4 203 224 (-1024 -232 864) (-1040 -232 864) (-1040 -232 856) (-1024 -232 856) 
4 203 205 (-1040 -232 856) (-1040 -232 864) (-1040 -184 864) (-1040 -184 856) 
4 204 224 (-1040 -232 848) (-1040 -232 832) (-1024 -232 832) (-1024 -232 848) 
4 204 209 (-1040 -184 832) (-1024 -184 832) (-1024 -232 832) (-1040 -232 832) 
4 204 206 (-1040 -184 832) (-1040 -232 832) (-1040 -232 840) (-1040 -184 840) 
4 205 224 (-1040 -232 864) (-1056 -232 864) (-1056 -232 848) (-1040 -232 848) 
4 205 207 (-1056 -232 848) (-1056 -232 864) (-1056 -184 864) (-1056 -184 848) 
4 206 224 (-1056 -232 840) (-1056 -232 832) (-1040 -232 832) (-1040 -232 840) 
4 206 209 (-1056 -184 832) (-1040 -184 832) (-1040 -232 832) (-1056 -232 832) 
4 207 224 (-1056 -232 864) (-1064 -232 864) (-1064 -232 840) (-1056 -232 840) 
4 207 208 (-1072 -232 840) (-1072 -232 864) (-1072 -184 864) (-1072 -184 840) 
4 209 224 (-960 -232 824) (-960 -232 832) (-1064 -232 832) (-1064 -232 824) 
4 209 210 (-1072 -184 824) (-960 -184 824) (-960 -232 824) (-1072 -232 824) 
4 210 226 (-1080 -232 824) (-1256 -232 824) (-1256 -232 768) (-1080 -232 768) 
4 210 224 (-960 -232 768) (-960 -232 824) (-1064 -232 824) (-1064 -232 768) 
4 211 229 (-960 -232 -192) (-960 -232 752) (-1256 -232 752) (-1256 -232 -192) 
4 211 213 (-1256 -232 -192) (-1256 -232 752) (-1256 -184 752) (-1256 -184 -192) 
4 212 231 (-960 -232 -208) (-960 -232 -192) (-1256 -232 -192) (-1256 -232 -208) 
4 212 215 (-1256 -232 -208) (-1256 -232 -192) (-1256 -184 -192) (-1256 -184 -208) 
4 213 230 (-1256 -232 -192) (-1256 -232 768) (-1272 -232 768) (-1272 -232 -192) 
4 213 214 (-1272 -112 768) (-1272 -112 -192) (-1272 -232 -192) (-1272 -232 768) 
4 214 230 (-1280 -232 768) (-1280 -232 -192) (-1272 -232 -192) (-1272 -232 768) 
4 214 227 (-1272 -232 1032) (-1280 -232 1032) (-1280 -232 768) (-1272 -232 768) 
4 215 231 (-1256 -232 -208) (-1256 -232 -192) (-1280 -232 -192) (-1280 -232 -208) 
4 215 217 (-1280 -112 -192) (-1280 -112 -208) (-1280 -232 -208) (-1280 -232 -192) 
4 216 232 (-1408 -232 -192) (-1280 -232 -192) (-1280 -232 768) (-1408 -232 768) 
4 216 228 (-1280 -232 768) (-1280 -232 1032) (-1408 -232 1032) (-1408 -232 768) 
4 216 219 (-1408 -112 -192) (-1344 -112 -192) (-1344 -232 -192) (-1408 -232 -192) 
4 216 217 (-1344 -112 -192) (-1280 -112 -192) (-1280 -232 -192) (-1344 -232 -192) 
4 217 233 (-1280 -232 -208) (-1280 -232 -192) (-1344 -232 -192) (-1344 -232 -208) 
4 217 219 (-1344 -232 -208) (-1344 -232 -192) (-1344 -112 -192) (-1344 -112 -208) 
4 217 218 (-1344 -232 -208) (-1344 -112 -208) (-1280 -112 -208) (-1280 -232 -208) 
4 218 234 (-1280 -232 -256) (-1280 -232 -208) (-1344 -232 -208) (-1344 -232 -256) 
4 218 219 (-1344 -232 -256) (-1344 -232 -208) (-1344 -112 -208) (-1344 -112 -256) 
4 219 235 (-1344 -232 -256) (-1344 -232 -192) (-1408 -232 -192) (-1408 -232 -256) 
4 220 390 (-168 -248 1016) (-176 -248 1016) (-176 -248 888) (-168 -248 888) 
4 220 387 (-128 -248 1016) (-168 -248 1016) (-168 -248 888) (-128 -248 888) 
4 220 386 (-48 -248 888) (-48 -248 1016) (-128 -248 1016) (-128 -248 888) 
4 220 222 (-176 -232 1016) (-176 -232 888) (-176 -248 888) (-176 -248 1016) 
4 221 222 (-176 -232 872) (-176 -232 768) (-176 -248 768) (-176 -248 872) 
4 225 519 (-1112 -248 888) (-1256 -248 888) (-1256 -248 872) (-1112 -248 872) 
4 225 517 (-1112 -248 1032) (-1256 -248 1032) (-1256 -248 888) (-1112 -248 888) 
4 227 523 (-1280 -248 768) (-1272 -248 768) (-1272 -248 872) (-1280 -248 872) 
4 227 519 (-1272 -248 872) (-1272 -248 888) (-1280 -248 888) (-1280 -248 872) 
4 227 517 (-1272 -248 888) (-1272 -248 1032) (-1280 -248 1032) (-1280 -248 888) 
4 227 230 (-1280 -232 768) (-1272 -232 768) (-1272 -248 768) (-1280 -248 768) 
4 228 525 (-1408 -248 768) (-1280 -248 768) (-1280 -248 872) (-1408 -248 872) 
4 228 520 (-1280 -248 872) (-1280 -248 888) (-1408 -248 888) (-1408 -248 872) 
4 228 518 (-1280 -248 888) (-1280 -248 1032) (-1408 -248 1032) (-1408 -248 888) 
4 228 232 (-1408 -232 768) (-1280 -232 768) (-1280 -248 768) (-1408 -248 768) 
4 229 521 (-480 -248 752) (-1256 -248 752) (-1256 -248 -192) (-480 -248 -192) 
4 229 404 (-32 -248 -192) (-32 -248 752) (-480 -248 752) (-480 -248 -192) 
4 229 230 (-1256 -232 -192) (-1256 -248 -192) (-1256 -248 752) (-1256 -232 752) 
4 230 523 (-1272 -248 768) (-1280 -248 768) (-1280 -248 -192) (-1272 -248 -192) 
4 230 521 (-1272 -248 752) (-1272 -248 -192) (-1256 -248 -192) (-1256 -248 752) 
4 231 524 (-480 -248 -192) (-1280 -248 -192) (-1280 -248 -208) (-480 -248 -208) 
4 231 407 (-32 -248 -208) (-32 -248 -192) (-480 -248 -192) (-480 -248 -208) 
4 231 233 (-1280 -248 -208) (-1280 -248 -192) (-1280 -232 -192) (-1280 -232 -208) 
4 232 525 (-1408 -248 -192) (-1280 -248 -192) (-1280 -248 768) (-1408 -248 768) 
4 232 235 (-1408 -232 -192) (-1344 -232 -192) (-1344 -248 -192) (-1408 -248 -192) 
4 232 233 (-1344 -232 -192) (-1280 -232 -192) (-1280 -248 -192) (-1344 -248 -192) 
4 233 526 (-1280 -248 -208) (-1280 -248 -192) (-1344 -248 -192) (-1344 -248 -208) 
4 233 235 (-1344 -248 -208) (-1344 -248 -192) (-1344 -232 -192) (-1344 -232 -208) 
4 233 234 (-1344 -248 -208) (-1344 -232 -208) (-1280 -232 -208) (-1280 -248 -208) 
4 234 527 (-1280 -248 -256) (-1280 -248 -208) (-1344 -248 -208) (-1344 -248 -256) 
4 234 235 (-1344 -248 -256) (-1344 -248 -208) (-1344 -232 -208) (-1344 -232 -256) 
4 235 528 (-1344 -248 -256) (-1344 -248 -192) (-1408 -248 -192) (-1408 -248 -256) 
4 236 250 (1328 -768 2176) (1328 -768 2096) (1408 -768 2096) (1408 -768 2176) 
4 236 239 (1408 -768 2096) (1328 -768 2096) (1328 -248 2096) (1408 -248 2096) 
4 236 238 (1328 -248 2112) (1328 -248 2096) (1328 -768 2096) (1328 -768 2112) 
4 236 237 (1328 -248 2176) (1328 -248 2112) (1328 -768 2112) (1328 -768 2176) 
4 237 251 (1280 -768 2176) (1280 -768 2112) (1328 -768 2112) (1328 -768 2176) 
4 237 238 (1280 -768 2112) (1280 -248 2112) (1328 -248 2112) (1328 -768 2112) 
4 238 252 (1280 -768 2112) (1280 -768 2096) (1328 -768 2096) (1328 -768 2112) 
4 238 240 (1280 -248 2112) (1280 -248 2096) (1280 -768 2096) (1280 -768 2112) 
4 238 239 (1328 -768 2096) (1280 -768 2096) (1280 -248 2096) (1328 -248 2096) 
4 239 253 (1280 -768 2096) (1280 -768 1128) (1408 -768 1128) (1408 -768 2096) 
4 239 243 (1408 -768 1128) (1280 -768 1128) (1280 -248 1128) (1408 -248 1128) 
4 240 257 (536 -768 2112) (536 -768 2096) (744 -768 2096) (744 -768 2112) 
4 240 254 (744 -768 2096) (1280 -768 2096) (1280 -768 2112) (744 -768 2112) 
4 240 247 (536 -248 2112) (536 -248 2096) (536 -768 2096) (536 -768 2112) 
4 241 255 (760 -768 1128) (1280 -768 1128) (1280 -768 2096) (760 -768 2096) 
4 241 244 (1280 -768 1128) (760 -768 1128) (760 -248 1128) (1280 -248 1128) 
4 241 242 (760 -768 1648) (760 -768 2096) (760 -248 2096) (760 -248 1648) 
4 242 258 (536 -768 2096) (536 -768 1648) (744 -768 1648) (744 -768 2096) 
4 242 256 (744 -768 1648) (760 -768 1648) (760 -768 2096) (744 -768 2096) 
4 242 248 (536 -248 2096) (536 -248 1648) (536 -768 1648) (536 -768 2096) 
4 243 307 (1408 -768 1032) (1280 -768 1032) (1280 -248 1032) (1408 -248 1032) 
4 243 253 (1280 -768 1032) (1408 -768 1032) (1408 -768 1128) (1280 -768 1128) 
4 244 308 (1280 -768 1032) (760 -768 1032) (760 -248 1032) (1280 -248 1032) 
4 244 255 (760 -768 1032) (1280 -768 1032) (1280 -768 1128) (760 -768 1128) 
4 245 246 (640 -264 1128) (640 -264 1032) (640 -656 1032) (640 -656 1128) 
4 246 249 (536 -264 1032) (536 -592 1032) (536 -592 1072) (536 -264 1072) 
4 247 271 (520 -248 2112) (520 -248 2096) (520 -768 2096) (520 -768 2112) 
4 247 257 (520 -768 2112) (520 -768 2096) (536 -768 2096) (536 -768 2112) 
4 248 272 (520 -248 2096) (520 -248 1648) (520 -768 1648) (520 -768 2096) 
4 248 258 (520 -768 2096) (520 -768 1648) (536 -768 1648) (536 -768 2096) 
4 249 283 (520 -248 1072) (520 -248 1032) (520 -592 1032) (520 -592 1072) 
4 250 259 (1328 -1120 2176) (1328 -1120 2096) (1408 -1120 2096) (1408 -1120 2176) 
4 250 253 (1408 -1120 2096) (1328 -1120 2096) (1328 -768 2096) (1408 -768 2096) 
4 250 252 (1328 -768 2112) (1328 -768 2096) (1328 -1120 2096) (1328 -1120 2112) 
4 250 251 (1328 -768 2176) (1328 -768 2112) (1328 -1120 2112) (1328 -1120 2176) 
4 251 260 (1280 -1120 2176) (1280 -1120 2112) (1328 -1120 2112) (1328 -1120 2176) 
4 251 252 (1280 -1120 2112) (1280 -768 2112) (1328 -768 2112) (1328 -1120 2112) 
4 252 261 (1280 -1120 2112) (1280 -1120 2096) (1328 -1120 2096) (1328 -1120 2112) 
4 252 254 (1280 -768 2112) (1280 -768 2096) (1280 -1120 2096) (1280 -1120 2112) 
4 252 253 (1328 -1120 2096) (1280 -1120 2096) (1280 -768 2096) (1328 -768 2096) 
4 253 307 (1408 -1120 1032) (1280 -1120 1032) (1280 -768 1032) (1408 -768 1032) 
4 253 262 (1280 -1120 2096) (1280 -1120 1032) (1408 -1120 1032) (1408 -1120 2096) 
4 254 263 (744 -1120 2112) (744 -1120 2096) (1280 -1120 2096) (1280 -1120 2112) 
4 254 257 (744 -768 2112) (744 -768 2096) (744 -1120 2096) (744 -1120 2112) 
4 255 308 (1280 -1120 1032) (760 -1120 1032) (760 -768 1032) (1280 -768 1032) 
4 255 264 (760 -1120 1032) (1280 -1120 1032) (1280 -1120 2096) (760 -1120 2096) 
4 255 256 (760 -1120 1648) (760 -1120 2096) (760 -768 2096) (760 -768 1648) 
4 256 265 (744 -1120 2096) (744 -1120 1648) (760 -1120 1648) (760 -1120 2096) 
4 256 258 (744 -768 2096) (744 -768 1648) (744 -1120 1648) (744 -1120 2096) 
4 257 271 (520 -768 2112) (520 -768 2096) (520 -1120 2096) (520 -1120 2112) 
4 257 263 (520 -1120 2112) (520 -1120 2096) (744 -1120 2096) (744 -1120 2112) 
4 258 312 (744 -1120 1032) (520 -1120 1032) (520 -768 1032) (744 -768 1032) 
4 258 283 (520 -768 1248) (520 -768 1032) (520 -1120 1032) (520 -1120 1248) 
4 258 280 (520 -768 1256) (520 -768 1248) (520 -1120 1248) (520 -1120 1256) 
4 258 272 (520 -768 2096) (520 -768 1256) (520 -1120 1256) (520 -1120 2096) 
4 258 265 (520 -1120 2096) (520 -1120 1648) (744 -1120 1648) (744 -1120 2096) 
4 259 267 (1328 -2688 2112) (1328 -2688 2096) (1408 -2688 2096) (1408 -2688 2112) 
4 259 262 (1408 -2688 2096) (1328 -2688 2096) (1328 -1120 2096) (1408 -1120 2096) 
4 259 261 (1328 -1120 2112) (1328 -1120 2096) (1328 -2688 2096) (1328 -2688 2112) 
4 259 260 (1328 -1120 2176) (1328 -1120 2112) (1328 -2688 2112) (1328 -2688 2176) 
4 260 261 (1280 -2688 2112) (1280 -1120 2112) (1328 -1120 2112) (1328 -2688 2112) 
4 261 268 (1280 -2688 2112) (1280 -2688 2096) (1328 -2688 2096) (1328 -2688 2112) 
4 261 263 (1280 -1120 2112) (1280 -1120 2096) (1280 -2688 2096) (1280 -2688 2112) 
4 261 262 (1328 -2688 2096) (1280 -2688 2096) (1280 -1120 2096) (1328 -1120 2096) 
4 262 335 (1408 -2688 1032) (1280 -2688 1032) (1280 -1800 1032) (1408 -1800 1032) 
4 262 332 (1280 -1800 1032) (1280 -1120 1032) (1408 -1120 1032) (1408 -1800 1032) 
4 262 270 (1280 -2688 2096) (1280 -2688 1032) (1408 -2688 1032) (1408 -2688 2096) 
4 263 275 (520 -1800 2096) (520 -2688 2096) (520 -2688 2112) (520 -1800 2112) 
4 263 271 (520 -1120 2112) (520 -1120 2096) (520 -1800 2096) (520 -1800 2112) 
4 263 268 (520 -2688 2112) (520 -2688 2096) (1280 -2688 2096) (1280 -2688 2112) 
4 264 336 (1280 -2688 1032) (760 -2688 1032) (760 -1800 1032) (1280 -1800 1032) 
4 264 333 (760 -1800 1032) (760 -1120 1032) (1280 -1120 1032) (1280 -1800 1032) 
4 264 266 (760 -2688 1032) (760 -2688 2096) (760 -1800 2096) (760 -1800 1032) 
4 264 265 (760 -1800 2096) (760 -1120 2096) (760 -1120 1648) (760 -1800 1648) 
4 265 273 (520 -1120 2096) (520 -1120 1648) (520 -1800 1648) (520 -1800 2096) 
4 265 266 (760 -1800 1648) (760 -1800 2096) (520 -1800 2096) (520 -1800 1648) 
4 266 336 (760 -2688 1032) (520 -2688 1032) (520 -1800 1032) (760 -1800 1032) 
4 266 304 (520 -1800 1032) (520 -2688 1032) (520 -2688 1128) (520 -1800 1128) 
4 266 300 (520 -2688 1128) (520 -2688 1256) (520 -2624 1256) (520 -2624 1128) 
4 266 295 (520 -2624 1256) (520 -1800 1256) (520 -1800 1128) (520 -2624 1128) 
4 266 276 (520 -2688 1256) (520 -2688 2096) (520 -1800 2096) (520 -1800 1256) 
4 267 270 (1408 -2816 2096) (1328 -2816 2096) (1328 -2688 2096) (1408 -2688 2096) 
4 267 268 (1328 -2688 2096) (1328 -2816 2096) (1328 -2816 2112) (1328 -2688 2112) 
4 268 277 (520 -2688 2112) (520 -2688 2096) (520 -2816 2096) (520 -2816 2112) 
4 268 270 (1328 -2816 2096) (520 -2816 2096) (520 -2688 2096) (1328 -2688 2096) 
4 268 269 (520 -2816 2096) (1328 -2816 2096) (1328 -2816 2112) (520 -2816 2112) 
4 269 278 (520 -2816 2096) (520 -2848 2096) (520 -2848 2112) (520 -2816 2112) 
4 270 337 (520 -2816 1032) (520 -2688 1032) (1408 -2688 1032) (1408 -2816 1032) 
4 270 305 (520 -2688 1128) (520 -2688 1032) (520 -2816 1032) (520 -2816 1128) 
4 270 279 (520 -2688 2096) (520 -2688 1256) (520 -2816 1256) (520 -2816 2096) 
4 271 378 (-32 -248 2112) (-32 -248 2096) (-32 -1800 2096) (-32 -1800 2112) 
4 271 275 (-32 -1800 2112) (-32 -1800 2096) (520 -1800 2096) (520 -1800 2112) 
4 272 380 (-32 -904 1256) (-32 -1120 1256) (-32 -1120 2096) (-32 -904 2096) 
4 272 379 (-32 -248 2096) (-32 -248 1736) (-32 -904 1736) (-32 -904 2096) 
4 272 288 (-32 -1120 1256) (-32 -248 1256) (40 -248 1256) (40 -1120 1256) 
4 272 287 (48 -768 1256) (48 -1120 1256) (40 -1120 1256) (40 -768 1256) 
4 272 286 (48 -624 1256) (48 -752 1256) (40 -752 1256) (40 -624 1256) 
4 272 285 (48 -408 1256) (48 -608 1256) (40 -608 1256) (40 -408 1256) 
4 272 284 (48 -264 1256) (48 -392 1256) (40 -392 1256) (40 -264 1256) 
4 272 282 (48 -248 1256) (96 -248 1256) (96 -1120 1256) (48 -1120 1256) 
4 272 281 (104 -248 1256) (112 -248 1256) (112 -1120 1256) (104 -1120 1256) 
4 272 280 (120 -248 1256) (520 -248 1256) (520 -1120 1256) (120 -1120 1256) 
4 272 274 (-32 -1120 1256) (312 -1120 1256) (312 -1120 2096) (-32 -1120 2096) 
4 272 273 (520 -1120 1648) (520 -1120 2096) (312 -1120 2096) (312 -1120 1648) 
4 273 276 (520 -1800 1648) (520 -1800 2096) (312 -1800 2096) (312 -1800 1648) 
4 273 274 (312 -1120 2096) (312 -1120 1648) (312 -1800 1648) (312 -1800 2096) 
4 274 381 (-32 -1800 2080) (-32 -1800 2096) (-32 -1120 2096) (-32 -1120 2080) 
4 274 293 (-32 -1800 1256) (-32 -1120 1256) (96 -1120 1256) (96 -1800 1256) 
4 274 292 (104 -1120 1256) (112 -1120 1256) (112 -1800 1256) (104 -1800 1256) 
4 274 291 (120 -1120 1256) (312 -1120 1256) (312 -1800 1256) (120 -1800 1256) 
4 274 276 (-32 -1800 2096) (-32 -1800 1256) (312 -1800 1256) (312 -1800 2096) 
4 275 408 (-32 -1800 2112) (-32 -1800 2096) (-32 -2688 2096) (-32 -2688 2112) 
4 275 277 (-32 -2688 2112) (-32 -2688 2096) (520 -2688 2096) (520 -2688 2112) 
4 276 409 (-32 -1800 2096) (-32 -1800 1256) (-32 -2688 1256) (-32 -2688 2096) 
4 276 302 (-32 -2304 1256) (-32 -2232 1256) (40 -2232 1256) (40 -2304 1256) 
4 276 300 (520 -2624 1256) (520 -2688 1256) (40 -2688 1256) (40 -2624 1256) 
4 276 299 (40 -1800 1256) (96 -1800 1256) (96 -2624 1256) (40 -2624 1256) 
4 276 297 (104 -1800 1256) (112 -1800 1256) (112 -2624 1256) (104 -2624 1256) 
4 276 295 (120 -1800 1256) (520 -1800 1256) (520 -2624 1256) (120 -2624 1256) 
4 277 410 (-32 -2688 2112) (-32 -2688 2096) (-32 -2816 2096) (-32 -2816 2112) 
4 277 279 (-32 -2816 2096) (-32 -2688 2096) (520 -2688 2096) (520 -2816 2096) 
4 277 278 (-32 -2816 2096) (520 -2816 2096) (520 -2816 2112) (-32 -2816 2112) 
4 278 411 (-32 -2816 2096) (-32 -2848 2096) (-32 -2848 2112) (-32 -2816 2112) 
4 279 412 (-32 -2688 2096) (-32 -2688 1256) (-32 -2816 1256) (-32 -2816 2096) 
4 279 303 (-32 -2816 1256) (-32 -2736 1256) (40 -2736 1256) (40 -2816 1256) 
4 280 291 (312 -1120 1256) (120 -1120 1256) (120 -1120 1248) (312 -1120 1248) 
4 280 283 (520 -1120 1248) (120 -1120 1248) (120 -248 1248) (520 -248 1248) 
4 281 292 (112 -1120 1256) (104 -1120 1256) (104 -1120 1248) (112 -1120 1248) 
4 281 283 (112 -1120 1248) (104 -1120 1248) (104 -248 1248) (112 -248 1248) 
4 282 293 (96 -1120 1256) (48 -1120 1256) (48 -1120 1248) (96 -1120 1248) 
4 282 287 (48 -1120 1248) (48 -1120 1256) (48 -768 1256) (48 -768 1248) 
4 282 286 (48 -752 1256) (48 -624 1256) (48 -624 1248) (48 -752 1248) 
4 282 285 (48 -608 1256) (48 -408 1256) (48 -408 1248) (48 -608 1248) 
4 282 284 (48 -392 1256) (48 -264 1256) (48 -264 1248) (48 -392 1248) 
4 282 283 (96 -1120 1248) (48 -1120 1248) (48 -248 1248) (96 -248 1248) 
4 283 312 (520 -768 1032) (520 -1120 1032) (48 -1120 1032) (48 -768 1032) 
4 283 311 (48 -248 1032) (520 -248 1032) (520 -768 1032) (48 -768 1032) 
4 283 294 (48 -1120 1032) (312 -1120 1032) (312 -1120 1248) (48 -1120 1248) 
4 283 290 (48 -872 1032) (48 -1120 1032) (48 -1120 1120) (48 -872 1120) 
4 283 289 (48 -248 1032) (48 -872 1032) (48 -872 1080) (48 -248 1080) 
4 283 287 (48 -1120 1120) (48 -1120 1248) (48 -768 1248) (48 -768 1120) 
4 283 286 (48 -752 1248) (48 -624 1248) (48 -624 1192) (48 -752 1192) 
4 283 285 (48 -608 1248) (48 -408 1248) (48 -408 1120) (48 -608 1120) 
4 283 284 (48 -392 1248) (48 -264 1248) (48 -264 1192) (48 -392 1192) 
4 284 288 (40 -392 1192) (40 -392 1256) (40 -264 1256) (40 -264 1192) 
4 285 288 (40 -408 1120) (40 -608 1120) (40 -608 1256) (40 -408 1256) 
4 286 288 (40 -752 1192) (40 -752 1256) (40 -624 1256) (40 -624 1192) 
4 287 294 (48 -1120 1120) (48 -1120 1248) (40 -1120 1248) (40 -1120 1120) 
4 287 293 (48 -1120 1248) (48 -1120 1256) (40 -1120 1256) (40 -1120 1248) 
4 287 290 (48 -872 1120) (48 -1120 1120) (40 -1120 1120) (40 -872 1120) 
4 287 288 (40 -768 1120) (40 -1120 1120) (40 -1120 1256) (40 -768 1256) 
4 288 380 (-32 -904 1120) (-32 -1120 1120) (-32 -1120 1256) (-32 -904 1256) 
4 288 294 (-32 -1120 1248) (-32 -1120 1120) (40 -1120 1120) (40 -1120 1248) 
4 288 293 (40 -1120 1256) (-32 -1120 1256) (-32 -1120 1248) (40 -1120 1248) 
4 288 290 (40 -1120 1120) (-32 -1120 1120) (-32 -872 1120) (40 -872 1120) 
4 289 312 (-32 -872 1032) (-32 -768 1032) (48 -768 1032) (48 -872 1032) 
4 289 311 (-32 -768 1032) (-32 -248 1032) (48 -248 1032) (48 -768 1032) 
4 289 290 (-32 -872 1032) (48 -872 1032) (48 -872 1080) (-32 -872 1080) 
4 290 380 (-32 -904 1032) (-32 -1120 1032) (-32 -1120 1120) (-32 -904 1120) 
4 290 312 (-32 -1120 1032) (-32 -872 1032) (48 -872 1032) (48 -1120 1032) 
4 290 294 (-32 -1120 1032) (48 -1120 1032) (48 -1120 1120) (-32 -1120 1120) 
4 291 295 (312 -1800 1248) (312 -1800 1256) (120 -1800 1256) (120 -1800 1248) 
4 291 294 (120 -1120 1248) (312 -1120 1248) (312 -1800 1248) (120 -1800 1248) 
4 292 297 (112 -1800 1256) (104 -1800 1256) (104 -1800 1248) (112 -1800 1248) 
4 292 294 (104 -1120 1248) (112 -1120 1248) (112 -1800 1248) (104 -1800 1248) 
4 293 299 (96 -1800 1256) (40 -1800 1256) (40 -1800 1248) (96 -1800 1248) 
4 293 294 (-32 -1120 1248) (96 -1120 1248) (96 -1800 1248) (-32 -1800 1248) 
4 294 334 (-32 -1800 1032) (-32 -1120 1032) (312 -1120 1032) (312 -1800 1032) 
4 294 299 (96 -1800 1248) (40 -1800 1248) (40 -1800 1128) (96 -1800 1128) 
4 294 298 (104 -1800 1248) (96 -1800 1248) (96 -1800 1128) (104 -1800 1128) 
4 294 297 (112 -1800 1248) (104 -1800 1248) (104 -1800 1128) (112 -1800 1128) 
4 294 296 (120 -1800 1248) (112 -1800 1248) (112 -1800 1128) (120 -1800 1128) 
4 294 295 (312 -1800 1128) (312 -1800 1248) (120 -1800 1248) (120 -1800 1128) 
4 295 304 (352 -1800 1128) (520 -1800 1128) (520 -2624 1128) (352 -2624 1128) 
4 295 300 (120 -2624 1128) (520 -2624 1128) (520 -2624 1256) (120 -2624 1256) 
4 295 296 (120 -1800 1248) (120 -1800 1128) (120 -2624 1128) (120 -2624 1248) 
4 296 300 (112 -2624 1128) (120 -2624 1128) (120 -2624 1248) (112 -2624 1248) 
4 296 297 (112 -1800 1248) (112 -1800 1128) (112 -2624 1128) (112 -2624 1248) 
4 297 300 (104 -2624 1128) (112 -2624 1128) (112 -2624 1256) (104 -2624 1256) 
4 297 298 (104 -1800 1248) (104 -1800 1128) (104 -2624 1128) (104 -2624 1248) 
4 298 300 (96 -2624 1128) (104 -2624 1128) (104 -2624 1248) (96 -2624 1248) 
4 298 299 (96 -1800 1248) (96 -1800 1128) (96 -2624 1128) (96 -2624 1248) 
4 299 302 (40 -2232 1128) (40 -2304 1128) (40 -2304 1256) (40 -2232 1256) 
4 299 300 (40 -2624 1256) (40 -2624 1128) (96 -2624 1128) (96 -2624 1256) 
4 300 304 (352 -2624 1128) (520 -2624 1128) (520 -2688 1128) (352 -2688 1128) 
4 302 413 (-32 -2304 1256) (-32 -2232 1256) (-32 -2232 1128) (-32 -2304 1128) 
4 303 414 (-32 -2816 1256) (-32 -2736 1256) (-32 -2736 1128) (-32 -2816 1128) 
4 303 306 (-32 -2816 1128) (-32 -2744 1128) (40 -2744 1128) (40 -2816 1128) 
4 304 336 (352 -1800 1032) (520 -1800 1032) (520 -2688 1032) (352 -2688 1032) 
4 305 337 (352 -2816 1032) (352 -2688 1032) (520 -2688 1032) (520 -2816 1032) 
4 305 306 (352 -2744 1032) (352 -2816 1032) (352 -2816 1128) (352 -2744 1128) 
4 306 454 (-32 -2744 1032) (-32 -2816 1032) (-32 -2816 1128) (-32 -2744 1128) 
4 306 338 (-32 -2816 1032) (-32 -2744 1032) (352 -2744 1032) (352 -2816 1032) 
4 307 348 (1408 -1120 904) (1280 -1120 904) (1280 -264 904) (1408 -264 904) 
4 307 339 (1280 -264 904) (1280 -248 904) (1408 -248 904) (1408 -264 904) 
4 307 332 (1280 -1120 904) (1408 -1120 904) (1408 -1120 1032) (1280 -1120 1032) 
4 308 349 (1280 -1120 904) (760 -1120 904) (760 -264 904) (1280 -264 904) 
4 308 343 (760 -264 904) (760 -248 904) (1280 -248 904) (1280 -264 904) 
4 308 333 (760 -1120 904) (1280 -1120 904) (1280 -1120 1032) (760 -1120 1032) 
4 309 315 (640 -656 992) (536 -656 992) (536 -248 992) (640 -248 992) 
4 309 313 (744 -248 992) (744 -656 992) (640 -656 992) (640 -248 992) 
4 309 310 (536 -656 1016) (536 -656 992) (640 -656 992) (640 -656 1016) 
4 310 315 (640 -720 992) (536 -720 992) (536 -656 992) (640 -656 992) 
4 311 382 (-32 -384 992) (-32 -640 992) (-32 -640 1024) (-32 -384 1024) 
4 311 329 (-24 -768 992) (-32 -768 992) (-32 -248 992) (-24 -248 992) 
4 311 328 (288 -768 992) (-24 -768 992) (-24 -248 992) (288 -248 992) 
4 311 325 (296 -768 992) (288 -768 992) (288 -712 992) (296 -712 992) 
4 311 324 (288 -456 992) (288 -336 992) (296 -336 992) (296 -456 992) 
4 311 321 (400 -768 992) (296 -768 992) (296 -648 992) (400 -648 992) 
4 311 320 (472 -768 992) (400 -768 992) (400 -720 992) (472 -720 992) 
4 311 319 (400 -720 992) (400 -648 992) (472 -648 992) (472 -720 992) 
4 311 318 (520 -768 992) (472 -768 992) (472 -648 992) (520 -648 992) 
4 311 317 (296 -648 992) (296 -248 992) (520 -248 992) (520 -648 992) 
4 311 312 (-32 -768 992) (520 -768 992) (520 -768 1032) (-32 -768 1032) 
4 312 383 (-32 -904 992) (-32 -1120 992) (-32 -1120 1024) (-32 -904 1024) 
4 312 380 (-32 -1120 1024) (-32 -1120 1032) (-32 -904 1032) (-32 -904 1024) 
4 312 334 (312 -1120 1032) (-32 -1120 1032) (-32 -1120 992) (312 -1120 992) 
4 312 331 (-32 -1112 992) (-32 -1016 992) (-24 -1016 992) (-24 -1112 992) 
4 312 330 (-32 -1008 992) (-32 -904 992) (-24 -904 992) (-24 -1008 992) 
4 312 329 (-32 -896 992) (-32 -768 992) (-24 -768 992) (-24 -896 992) 
4 312 328 (288 -1120 992) (-24 -1120 992) (-24 -768 992) (288 -768 992) 
4 312 327 (296 -1120 992) (288 -1120 992) (288 -1016 992) (296 -1016 992) 
4 312 325 (288 -1008 992) (288 -768 992) (296 -768 992) (296 -1008 992) 
4 312 323 (304 -1120 992) (296 -1120 992) (296 -1112 992) (304 -1112 992) 
4 312 322 (520 -1120 992) (312 -1120 992) (312 -1112 992) (520 -1112 992) 
4 312 321 (296 -1112 992) (296 -768 992) (400 -768 992) (400 -1112 992) 
4 312 320 (400 -768 992) (472 -768 992) (472 -1112 992) (400 -1112 992) 
4 312 318 (472 -768 992) (520 -768 992) (520 -1112 992) (472 -1112 992) 
4 312 316 (536 -1120 992) (520 -1120 992) (520 -768 992) (536 -768 992) 
4 312 315 (640 -1120 992) (536 -1120 992) (536 -768 992) (640 -768 992) 
4 312 314 (744 -768 992) (744 -1120 992) (640 -1120 992) (640 -768 992) 
4 313 315 (640 -248 904) (640 -656 904) (640 -656 992) (640 -248 992) 
4 314 315 (640 -768 904) (640 -1120 904) (640 -1120 992) (640 -768 992) 
4 315 316 (536 -768 904) (536 -1120 904) (536 -1120 992) (536 -768 992) 
4 316 322 (520 -1112 904) (520 -1120 904) (520 -1120 992) (520 -1112 992) 
4 316 318 (520 -768 904) (520 -1112 904) (520 -1112 992) (520 -768 992) 
4 317 324 (296 -336 904) (296 -456 904) (296 -456 992) (296 -336 992) 
4 317 321 (296 -648 992) (296 -648 904) (400 -648 904) (400 -648 992) 
4 317 319 (472 -648 968) (472 -648 992) (400 -648 992) (400 -648 968) 
4 317 318 (472 -648 904) (520 -648 904) (520 -648 992) (472 -648 992) 
4 318 322 (472 -1112 904) (520 -1112 904) (520 -1112 992) (472 -1112 992) 
4 318 320 (472 -720 904) (472 -1112 904) (472 -1112 992) (472 -720 992) 
4 318 319 (472 -648 992) (472 -648 968) (472 -720 968) (472 -720 992) 
4 319 321 (400 -648 992) (400 -648 968) (400 -720 968) (400 -720 992) 
4 319 320 (400 -720 992) (400 -720 968) (472 -720 968) (472 -720 992) 
4 320 322 (400 -1112 904) (472 -1112 904) (472 -1112 992) (400 -1112 992) 
4 320 321 (400 -720 904) (400 -1112 904) (400 -1112 992) (400 -720 992) 
4 321 327 (296 -1016 904) (296 -1112 904) (296 -1112 992) (296 -1016 992) 
4 321 326 (296 -712 904) (296 -1008 904) (296 -1008 920) (296 -712 920) 
4 321 325 (296 -1008 928) (296 -1008 992) (296 -712 992) (296 -712 928) 
4 321 323 (296 -1112 992) (296 -1112 904) (304 -1112 904) (304 -1112 992) 
4 321 322 (312 -1112 904) (400 -1112 904) (400 -1112 992) (312 -1112 992) 
4 323 334 (296 -1120 904) (304 -1120 904) (304 -1120 992) (296 -1120 992) 
4 323 327 (296 -1112 904) (296 -1120 904) (296 -1120 992) (296 -1112 992) 
4 324 328 (288 -336 904) (288 -456 904) (288 -456 992) (288 -336 992) 
4 325 328 (288 -1008 928) (288 -1008 992) (288 -712 992) (288 -712 928) 
4 326 328 (288 -712 904) (288 -1008 904) (288 -1008 920) (288 -712 920) 
4 327 334 (288 -1120 904) (296 -1120 904) (296 -1120 992) (288 -1120 992) 
4 327 328 (288 -1016 904) (288 -1120 904) (288 -1120 992) (288 -1016 992) 
4 328 368 (-8 -1008 904) (-8 -248 904) (56 -248 904) (56 -1008 904) 
4 328 367 (112 -272 904) (112 -1008 904) (56 -1008 904) (56 -272 904) 
4 328 366 (56 -248 904) (112 -248 904) (112 -272 904) (56 -272 904) 
4 328 365 (112 -248 904) (288 -248 904) (288 -1008 904) (112 -1008 904) 
4 328 334 (-24 -1120 904) (288 -1120 904) (288 -1120 992) (-24 -1120 992) 
4 328 331 (-24 -1016 904) (-24 -1112 904) (-24 -1112 992) (-24 -1016 992) 
4 328 330 (-24 -904 904) (-24 -1008 904) (-24 -1008 992) (-24 -904 992) 
4 328 329 (-24 -248 904) (-24 -896 904) (-24 -896 992) (-24 -248 992) 
4 329 382 (-32 -384 904) (-32 -640 904) (-32 -640 992) (-32 -384 992) 
4 330 383 (-32 -904 904) (-32 -1008 904) (-32 -1008 992) (-32 -904 992) 
4 331 383 (-32 -1016 904) (-32 -1112 904) (-32 -1112 992) (-32 -1016 992) 
4 332 351 (1408 -1800 904) (1280 -1800 904) (1280 -1120 904) (1408 -1120 904) 
4 332 335 (1280 -1800 904) (1408 -1800 904) (1408 -1800 1032) (1280 -1800 1032) 
4 333 352 (1280 -1800 904) (760 -1800 904) (760 -1120 904) (1280 -1120 904) 
4 333 336 (760 -1800 904) (1280 -1800 904) (1280 -1800 1032) (760 -1800 1032) 
4 334 373 (312 -1800 904) (-32 -1800 904) (-32 -1792 904) (312 -1792 904) 
4 334 370 (-8 -1120 904) (288 -1120 904) (288 -1792 904) (-8 -1792 904) 
4 335 354 (1408 -2688 904) (1280 -2688 904) (1280 -1800 904) (1408 -1800 904) 
4 335 337 (1280 -2688 904) (1408 -2688 904) (1408 -2688 1032) (1280 -2688 1032) 
4 336 355 (1280 -2688 904) (352 -2688 904) (352 -1800 904) (1280 -1800 904) 
4 337 357 (352 -2816 904) (352 -2688 904) (1408 -2688 904) (1408 -2816 904) 
4 337 338 (352 -2744 904) (352 -2816 904) (352 -2816 1032) (352 -2744 1032) 
4 338 454 (-32 -2744 904) (-32 -2816 904) (-32 -2816 1032) (-32 -2744 1032) 
4 338 375 (-32 -2816 904) (-32 -2744 904) (312 -2744 904) (312 -2816 904) 
4 338 358 (312 -2744 904) (352 -2744 904) (352 -2816 904) (312 -2816 904) 
4 339 348 (1408 -264 904) (1280 -264 904) (1280 -264 -192) (1408 -264 -192) 
4 339 341 (1328 -264 -192) (1280 -264 -192) (1280 -248 -192) (1328 -248 -192) 
4 339 340 (1408 -264 -192) (1328 -264 -192) (1328 -248 -192) (1408 -248 -192) 
4 340 360 (1408 -264 -256) (1408 -264 -192) (1328 -264 -192) (1328 -264 -256) 
4 340 342 (1328 -264 -256) (1328 -264 -208) (1328 -248 -208) (1328 -248 -256) 
4 340 341 (1328 -264 -208) (1328 -264 -192) (1328 -248 -192) (1328 -248 -208) 
4 341 361 (1328 -264 -208) (1328 -264 -192) (1280 -264 -192) (1280 -264 -208) 
4 341 345 (1280 -264 -208) (1280 -264 -192) (1280 -248 -192) (1280 -248 -208) 
4 341 342 (1280 -264 -208) (1280 -248 -208) (1328 -248 -208) (1328 -264 -208) 
4 342 362 (1328 -264 -256) (1328 -264 -208) (1280 -264 -208) (1280 -264 -256) 
4 343 349 (1280 -264 -192) (1280 -264 904) (744 -264 904) (744 -264 -192) 
4 343 344 (744 -248 -192) (744 -264 -192) (744 -264 888) (744 -248 888) 
4 344 350 (400 -264 888) (400 -264 -192) (744 -264 -192) (744 -264 888) 
4 344 346 (400 -264 -192) (400 -264 752) (400 -248 752) (400 -248 -192) 
4 345 364 (1280 -264 -208) (1280 -264 -192) (400 -264 -192) (400 -264 -208) 
4 345 347 (400 -264 -208) (400 -264 -192) (400 -248 -192) (400 -248 -208) 
4 346 371 (312 -264 -192) (312 -264 752) (312 -248 752) (312 -248 -192) 
4 346 350 (312 -264 752) (312 -264 -192) (400 -264 -192) (400 -264 752) 
4 347 372 (312 -264 -208) (312 -264 -192) (312 -248 -192) (312 -248 -208) 
4 347 364 (312 -264 -192) (312 -264 -208) (400 -264 -208) (400 -264 -192) 
4 348 361 (1328 -1120 -192) (1280 -1120 -192) (1280 -264 -192) (1328 -264 -192) 
4 348 360 (1408 -1120 -192) (1328 -1120 -192) (1328 -264 -192) (1408 -264 -192) 
4 348 351 (1280 -1120 -192) (1408 -1120 -192) (1408 -1120 904) (1280 -1120 904) 
4 349 353 (744 -1120 -192) (760 -1120 -192) (760 -1120 768) (744 -1120 768) 
4 349 352 (760 -1120 -192) (1280 -1120 -192) (1280 -1120 904) (760 -1120 904) 
4 349 350 (744 -264 888) (744 -264 -192) (744 -1120 -192) (744 -1120 888) 
4 350 371 (312 -264 752) (312 -264 -192) (312 -1120 -192) (312 -1120 752) 
4 350 353 (312 -1120 768) (312 -1120 -192) (744 -1120 -192) (744 -1120 768) 
4 351 361 (1328 -1800 -192) (1280 -1800 -192) (1280 -1120 -192) (1328 -1120 -192) 
4 351 360 (1408 -1800 -192) (1328 -1800 -192) (1328 -1120 -192) (1408 -1120 -192) 
4 351 354 (1280 -1800 -192) (1408 -1800 -192) (1408 -1800 904) (1280 -1800 904) 
4 352 355 (760 -1800 -192) (1280 -1800 -192) (1280 -1800 904) (760 -1800 904) 
4 352 353 (760 -1120 768) (760 -1120 -192) (760 -1800 -192) (760 -1800 768) 
4 353 373 (312 -1792 -192) (312 -1800 -192) (312 -1800 768) (312 -1792 768) 
4 353 371 (312 -1120 752) (312 -1120 -192) (312 -1792 -192) (312 -1792 752) 
4 353 356 (312 -1800 16) (312 -1800 -192) (352 -1800 -192) (352 -1800 16) 
4 353 355 (352 -1800 -192) (760 -1800 -192) (760 -1800 768) (352 -1800 768) 
4 354 361 (1328 -2688 -192) (1280 -2688 -192) (1280 -1800 -192) (1328 -1800 -192) 
4 354 360 (1408 -2688 -192) (1328 -2688 -192) (1328 -1800 -192) (1408 -1800 -192) 
4 354 357 (1280 -2688 -192) (1408 -2688 -192) (1408 -2688 904) (1280 -2688 904) 
4 355 356 (352 -1800 16) (352 -1800 -192) (352 -2688 -192) (352 -2688 16) 
4 356 374 (312 -1800 16) (312 -1800 -192) (312 -2688 -192) (312 -2688 16) 
4 357 364 (352 -2816 -192) (352 -2688 -192) (1280 -2688 -192) (1280 -2816 -192) 
4 357 363 (1280 -2688 -192) (1328 -2688 -192) (1328 -2816 -192) (1280 -2816 -192) 
4 357 359 (352 -2688 16) (352 -2688 -192) (352 -2816 -192) (352 -2816 16) 
4 357 358 (352 -2744 16) (352 -2816 16) (352 -2816 904) (352 -2744 904) 
4 358 375 (312 -2816 904) (312 -2744 904) (312 -2744 16) (312 -2816 16) 
4 358 359 (312 -2816 16) (312 -2744 16) (352 -2744 16) (352 -2816 16) 
4 359 376 (312 -2816 16) (312 -2688 16) (312 -2688 -192) (312 -2816 -192) 
4 359 364 (312 -2816 -192) (312 -2688 -192) (352 -2688 -192) (352 -2816 -192) 
4 360 362 (1328 -2688 -256) (1328 -2688 -208) (1328 -264 -208) (1328 -264 -256) 
4 360 361 (1328 -2688 -208) (1328 -2688 -192) (1328 -264 -192) (1328 -264 -208) 
4 361 364 (1280 -2688 -208) (1280 -2688 -192) (1280 -264 -192) (1280 -264 -208) 
4 361 363 (1280 -2688 -192) (1280 -2688 -208) (1328 -2688 -208) (1328 -2688 -192) 
4 361 362 (1328 -264 -208) (1328 -2688 -208) (1280 -2688 -208) (1280 -264 -208) 
4 363 364 (1280 -2848 -208) (1280 -2848 -192) (1280 -2688 -192) (1280 -2688 -208) 
4 364 377 (312 -2848 -208) (312 -2848 -192) (312 -1792 -192) (312 -1792 -208) 
4 364 372 (312 -1792 -192) (312 -264 -192) (312 -264 -208) (312 -1792 -208) 
4 365 369 (112 -1008 768) (288 -1008 768) (288 -1008 896) (112 -1008 896) 
4 365 367 (112 -272 768) (112 -1008 768) (112 -1008 904) (112 -272 904) 
4 365 366 (112 -272 824) (112 -272 904) (112 -248 904) (112 -248 824) 
4 366 368 (56 -272 824) (56 -272 904) (56 -248 904) (56 -248 824) 
4 366 367 (56 -272 904) (56 -272 824) (112 -272 824) (112 -272 904) 
4 367 369 (56 -1008 768) (112 -1008 768) (112 -1008 896) (56 -1008 896) 
4 367 368 (56 -272 768) (56 -1008 768) (56 -1008 904) (56 -272 904) 
4 368 369 (-8 -1008 896) (-8 -1008 768) (56 -1008 768) (56 -1008 896) 
4 369 370 (-8 -1120 896) (-8 -1120 768) (288 -1120 768) (288 -1120 896) 
4 370 373 (288 -1792 904) (-8 -1792 904) (-8 -1792 768) (288 -1792 768) 
4 371 406 (-32 -1120 -192) (-32 -1792 -192) (-32 -1792 16) (-32 -1120 16) 
4 371 405 (-32 -264 -192) (-32 -1120 -192) (-32 -1120 752) (-32 -264 752) 
4 371 404 (-32 -248 752) (-32 -248 -192) (-32 -264 -192) (-32 -264 752) 
4 371 373 (312 -1792 -192) (312 -1792 752) (-32 -1792 752) (-32 -1792 -192) 
4 372 407 (-32 -248 -192) (-32 -248 -208) (-32 -1792 -208) (-32 -1792 -192) 
4 372 377 (312 -1792 -208) (312 -1792 -192) (-32 -1792 -192) (-32 -1792 -208) 
4 373 406 (-32 -1792 16) (-32 -1792 -192) (-32 -1800 -192) (-32 -1800 16) 
4 373 374 (-32 -1800 -192) (312 -1800 -192) (312 -1800 16) (-32 -1800 16) 
4 374 456 (-32 -1800 16) (-32 -1800 -192) (-32 -2688 -192) (-32 -2688 16) 
4 375 454 (-32 -2816 904) (-32 -2744 904) (-32 -2744 16) (-32 -2816 16) 
4 375 376 (-32 -2816 16) (-32 -2744 16) (312 -2744 16) (312 -2816 16) 
4 376 457 (-32 -2816 16) (-32 -2688 16) (-32 -2688 -192) (-32 -2816 -192) 
4 376 377 (-32 -2816 -192) (-32 -2688 -192) (312 -2688 -192) (312 -2816 -192) 
4 377 458 (-32 -2848 -208) (-32 -2848 -192) (-32 -1800 -192) (-32 -1800 -208) 
4 377 407 (-32 -1800 -192) (-32 -1792 -192) (-32 -1792 -208) (-32 -1800 -208) 
4 378 408 (-48 -1800 2112) (-48 -1800 2096) (-32 -1800 2096) (-32 -1800 2112) 
4 378 401 (-48 -1120 2096) (-48 -1800 2096) (-48 -1800 2112) (-48 -1120 2112) 
4 378 392 (-48 -904 2096) (-48 -1120 2096) (-48 -1120 2112) (-48 -904 2112) 
4 378 384 (-48 -248 2112) (-48 -248 2096) (-48 -904 2096) (-48 -904 2112) 
4 379 385 (-48 -248 2096) (-48 -248 1736) (-48 -904 1736) (-48 -904 2096) 
4 379 380 (-32 -904 1736) (-32 -904 2096) (-48 -904 2096) (-48 -904 1736) 
4 380 393 (-48 -904 1024) (-48 -1120 1024) (-48 -1120 2096) (-48 -904 2096) 
4 380 383 (-48 -1120 1024) (-48 -904 1024) (-32 -904 1024) (-32 -1120 1024) 
4 380 381 (-32 -1120 2080) (-32 -1120 2096) (-48 -1120 2096) (-48 -1120 2080) 
4 381 409 (-48 -1800 2096) (-48 -1800 2080) (-32 -1800 2080) (-32 -1800 2096) 
4 381 402 (-48 -1800 2080) (-48 -1800 2096) (-48 -1120 2096) (-48 -1120 2080) 
4 382 386 (-48 -384 888) (-48 -640 888) (-48 -640 1024) (-48 -384 1024) 
4 383 396 (-48 -1120 904) (-48 -1120 1016) (-48 -904 1016) (-48 -904 904) 
4 383 393 (-48 -1120 1016) (-48 -1120 1024) (-48 -904 1024) (-48 -904 1016) 
4 384 459 (-480 -248 2112) (-480 -248 2096) (-480 -904 2096) (-480 -904 2112) 
4 384 392 (-480 -904 2112) (-480 -904 2096) (-48 -904 2096) (-48 -904 2112) 
4 385 462 (-480 -248 1776) (-480 -248 1736) (-480 -904 1736) (-480 -904 1776) 
4 385 460 (-480 -248 2096) (-480 -248 1776) (-480 -904 1776) (-480 -904 2096) 
4 385 395 (-480 -904 2096) (-480 -904 1736) (-448 -904 1736) (-448 -904 2096) 
4 385 394 (-448 -904 1736) (-224 -904 1736) (-224 -904 2096) (-448 -904 2096) 
4 385 393 (-224 -904 1736) (-48 -904 1736) (-48 -904 2096) (-224 -904 2096) 
4 386 389 (-128 -560 888) (-128 -768 888) (-128 -768 1024) (-128 -560 1024) 
4 386 388 (-128 -560 928) (-128 -560 1024) (-128 -520 1024) (-128 -520 928) 
4 386 387 (-128 -248 888) (-128 -520 888) (-128 -520 1024) (-128 -248 1024) 
4 387 390 (-168 -248 888) (-168 -520 888) (-168 -520 1024) (-168 -248 1024) 
4 387 388 (-168 -520 1024) (-168 -520 928) (-128 -520 928) (-128 -520 1024) 
4 388 390 (-168 -560 928) (-168 -560 1024) (-168 -520 1024) (-168 -520 928) 
4 388 389 (-168 -560 1024) (-168 -560 928) (-128 -560 928) (-128 -560 1024) 
4 389 390 (-168 -560 888) (-168 -768 888) (-168 -768 1024) (-168 -560 1024) 
4 390 391 (-176 -640 888) (-176 -768 888) (-176 -768 1024) (-176 -640 1024) 
4 391 516 (-480 -640 888) (-480 -768 888) (-480 -768 1024) (-480 -640 1024) 
4 392 459 (-480 -904 2112) (-480 -904 2096) (-480 -1120 2096) (-480 -1120 2112) 
4 392 401 (-480 -1120 2112) (-480 -1120 2096) (-48 -1120 2096) (-48 -1120 2112) 
4 393 402 (-48 -1120 2080) (-48 -1120 2096) (-224 -1120 2096) (-224 -1120 2080) 
4 393 396 (-48 -1120 1016) (-224 -1120 1016) (-224 -904 1016) (-48 -904 1016) 
4 393 394 (-224 -1120 1080) (-224 -1120 2096) (-224 -904 2096) (-224 -904 1080) 
4 394 402 (-224 -1120 2080) (-224 -1120 2096) (-448 -1120 2096) (-448 -1120 2080) 
4 394 395 (-448 -1120 1080) (-448 -1120 2096) (-448 -904 2096) (-448 -904 1080) 
4 395 535 (-480 -1096 1016) (-480 -1120 1016) (-480 -1120 1232) (-480 -1096 1232) 
4 395 531 (-480 -944 1016) (-480 -1096 1016) (-480 -1096 1232) (-480 -944 1232) 
4 395 530 (-480 -1120 1232) (-480 -1120 1240) (-480 -944 1240) (-480 -944 1232) 
4 395 529 (-480 -904 1240) (-480 -904 1016) (-480 -944 1016) (-480 -944 1240) 
4 395 481 (-480 -904 1368) (-480 -904 1240) (-480 -1120 1240) (-480 -1120 1368) 
4 395 463 (-480 -904 1776) (-480 -904 1368) (-480 -1120 1368) (-480 -1120 1776) 
4 395 460 (-480 -904 2096) (-480 -904 1776) (-480 -1120 1776) (-480 -1120 2096) 
4 395 402 (-480 -1120 2096) (-480 -1120 2080) (-448 -1120 2080) (-448 -1120 2096) 
4 395 400 (-448 -1120 1016) (-480 -1120 1016) (-480 -904 1016) (-448 -904 1016) 
4 396 397 (-232 -984 904) (-232 -1120 904) (-232 -1120 1016) (-232 -984 1016) 
4 397 398 (-264 -984 904) (-264 -1120 904) (-264 -1120 1016) (-264 -984 1016) 
4 398 399 (-408 -904 904) (-408 -1040 904) (-408 -1040 1016) (-408 -904 1016) 
4 399 400 (-440 -904 904) (-440 -1040 904) (-440 -1040 1016) (-440 -904 1016) 
4 400 545 (-480 -904 1016) (-480 -904 904) (-480 -1120 904) (-480 -1120 1016) 
4 401 459 (-480 -1120 2112) (-480 -1120 2096) (-480 -1800 2096) (-480 -1800 2112) 
4 401 415 (-480 -1800 2112) (-480 -1800 2096) (-88 -1800 2096) (-88 -1800 2112) 
4 401 408 (-88 -1800 2096) (-48 -1800 2096) (-48 -1800 2112) (-88 -1800 2112) 
4 402 460 (-480 -1120 2096) (-480 -1120 2080) (-480 -1800 2080) (-480 -1800 2096) 
4 402 416 (-480 -1800 2096) (-480 -1800 2080) (-88 -1800 2080) (-88 -1800 2096) 
4 402 409 (-88 -1800 2080) (-48 -1800 2080) (-48 -1800 2096) (-88 -1800 2096) 
4 403 560 (-480 -904 872) (-480 -1120 872) (-480 -1120 888) (-480 -904 888) 
4 403 405 (-480 -1120 872) (-480 -904 872) (-32 -904 872) (-32 -1120 872) 
4 404 521 (-480 -248 752) (-480 -248 -192) (-480 -264 -192) (-480 -264 752) 
4 404 405 (-480 -264 -192) (-32 -264 -192) (-32 -264 752) (-480 -264 752) 
4 405 560 (-480 -904 -192) (-480 -1120 -192) (-480 -1120 872) (-480 -904 872) 
4 405 522 (-480 -264 -192) (-480 -904 -192) (-480 -904 872) (-480 -264 872) 
4 405 406 (-480 -1120 -192) (-32 -1120 -192) (-32 -1120 16) (-480 -1120 16) 
4 406 573 (-480 -1568 -192) (-480 -1800 -192) (-480 -1800 16) (-480 -1568 16) 
4 406 571 (-480 -1480 -192) (-480 -1568 -192) (-480 -1568 16) (-480 -1480 16) 
4 406 560 (-480 -1120 -192) (-480 -1480 -192) (-480 -1480 16) (-480 -1120 16) 
4 406 456 (-480 -1800 16) (-480 -1800 -192) (-32 -1800 -192) (-32 -1800 16) 
4 407 574 (-480 -1568 -208) (-480 -1800 -208) (-480 -1800 -192) (-480 -1568 -192) 
4 407 572 (-480 -1480 -208) (-480 -1568 -208) (-480 -1568 -192) (-480 -1480 -192) 
4 407 561 (-480 -904 -208) (-480 -1480 -208) (-480 -1480 -192) (-480 -904 -192) 
4 407 524 (-480 -248 -192) (-480 -248 -208) (-480 -904 -208) (-480 -904 -192) 
4 407 458 (-480 -1800 -192) (-480 -1800 -208) (-32 -1800 -208) (-32 -1800 -192) 
4 408 415 (-88 -1800 2112) (-88 -1800 2096) (-88 -2688 2096) (-88 -2688 2112) 
4 408 410 (-88 -2688 2112) (-88 -2688 2096) (-32 -2688 2096) (-32 -2688 2112) 
4 409 417 (-88 -2688 2024) (-88 -2688 2096) (-88 -2680 2096) (-88 -2680 2024) 
4 409 416 (-88 -1800 2096) (-88 -1800 1256) (-88 -2680 1256) (-88 -2680 2096) 
4 409 413 (-88 -2304 1256) (-88 -2232 1256) (-32 -2232 1256) (-32 -2304 1256) 
4 410 418 (-88 -2688 2112) (-88 -2688 2096) (-88 -2816 2096) (-88 -2816 2112) 
4 410 412 (-88 -2816 2096) (-88 -2688 2096) (-32 -2688 2096) (-32 -2816 2096) 
4 410 411 (-88 -2816 2096) (-32 -2816 2096) (-32 -2816 2112) (-88 -2816 2112) 
4 411 419 (-88 -2816 2096) (-88 -2848 2096) (-88 -2848 2112) (-88 -2816 2112) 
4 412 420 (-88 -2688 2096) (-88 -2688 1256) (-88 -2816 1256) (-88 -2816 2096) 
4 412 414 (-88 -2816 1256) (-88 -2736 1256) (-32 -2736 1256) (-32 -2816 1256) 
4 413 421 (-88 -2232 1128) (-88 -2304 1128) (-88 -2304 1240) (-88 -2232 1240) 
4 413 416 (-88 -2304 1240) (-88 -2304 1256) (-88 -2232 1256) (-88 -2232 1240) 
4 414 454 (-88 -2816 1128) (-88 -2744 1128) (-32 -2744 1128) (-32 -2816 1128) 
4 414 447 (-88 -2736 1128) (-88 -2816 1128) (-88 -2816 1240) (-88 -2736 1240) 
4 414 420 (-88 -2816 1240) (-88 -2816 1256) (-88 -2736 1256) (-88 -2736 1240) 
4 415 459 (-480 -1800 2112) (-480 -1800 2096) (-480 -2688 2096) (-480 -2688 2112) 
4 415 418 (-480 -2688 2112) (-480 -2688 2096) (-88 -2688 2096) (-88 -2688 2112) 
4 416 512 (-480 -2048 1240) (-480 -2680 1240) (-480 -2680 1368) (-480 -2048 1368) 
4 416 506 (-480 -1984 1240) (-480 -2048 1240) (-480 -2048 1368) (-480 -1984 1368) 
4 416 505 (-480 -1800 1368) (-480 -1800 1240) (-480 -1984 1240) (-480 -1984 1368) 
4 416 465 (-480 -2096 1368) (-480 -2680 1368) (-480 -2680 1776) (-480 -2096 1776) 
4 416 464 (-480 -1800 1776) (-480 -1800 1368) (-480 -1952 1368) (-480 -1952 1776) 
4 416 460 (-480 -1800 2096) (-480 -1800 1776) (-480 -2680 1776) (-480 -2680 2096) 
4 416 446 (-480 -2680 1240) (-480 -2584 1240) (-88 -2584 1240) (-88 -2680 1240) 
4 416 443 (-480 -2584 1240) (-480 -2576 1240) (-184 -2576 1240) (-184 -2584 1240) 
4 416 442 (-184 -2576 1240) (-88 -2576 1240) (-88 -2584 1240) (-184 -2584 1240) 
4 416 439 (-480 -2576 1240) (-480 -2264 1240) (-344 -2264 1240) (-344 -2576 1240) 
4 416 438 (-480 -2248 1240) (-480 -2104 1240) (-344 -2104 1240) (-344 -2248 1240) 
4 416 437 (-480 -2104 1240) (-480 -2080 1240) (-344 -2080 1240) (-344 -2104 1240) 
4 416 435 (-480 -2080 1240) (-480 -2056 1240) (-344 -2056 1240) (-344 -2080 1240) 
4 416 433 (-480 -2056 1240) (-480 -2032 1240) (-344 -2032 1240) (-344 -2056 1240) 
4 416 431 (-480 -2032 1240) (-480 -2008 1240) (-344 -2008 1240) (-344 -2032 1240) 
4 416 429 (-480 -2008 1240) (-480 -1984 1240) (-344 -1984 1240) (-344 -2008 1240) 
4 416 427 (-480 -1984 1240) (-480 -1960 1240) (-344 -1960 1240) (-344 -1984 1240) 
4 416 425 (-328 -2264 1240) (-328 -2576 1240) (-344 -2576 1240) (-344 -2264 1240) 
4 416 424 (-328 -1800 1240) (-192 -1800 1240) (-192 -2576 1240) (-328 -2576 1240) 
4 416 422 (-192 -1800 1240) (-184 -1800 1240) (-184 -2576 1240) (-192 -2576 1240) 
4 416 421 (-184 -1800 1240) (-88 -1800 1240) (-88 -2576 1240) (-184 -2576 1240) 
4 416 417 (-88 -2680 2024) (-88 -2680 2096) (-480 -2680 2096) (-480 -2680 2024) 
4 417 461 (-480 -2688 2024) (-480 -2688 2096) (-480 -2680 2096) (-480 -2680 2024) 
4 418 466 (-480 -2688 2112) (-480 -2688 2096) (-480 -2816 2096) (-480 -2816 2112) 
4 418 420 (-480 -2816 2096) (-480 -2688 2096) (-88 -2688 2096) (-88 -2816 2096) 
4 418 419 (-480 -2816 2096) (-88 -2816 2096) (-88 -2816 2112) (-480 -2816 2112) 
4 419 467 (-480 -2816 2096) (-480 -2848 2096) (-480 -2848 2112) (-480 -2816 2112) 
4 420 515 (-480 -2688 1368) (-480 -2688 1240) (-480 -2816 1240) (-480 -2816 1368) 
4 420 468 (-480 -2688 2096) (-480 -2688 1368) (-480 -2816 1368) (-480 -2816 2096) 
4 420 447 (-480 -2816 1240) (-480 -2688 1240) (-88 -2688 1240) (-88 -2816 1240) 
4 421 444 (-184 -2576 1128) (-88 -2576 1128) (-88 -2576 1144) (-184 -2576 1144) 
4 421 442 (-88 -2576 1144) (-88 -2576 1240) (-184 -2576 1240) (-184 -2576 1144) 
4 421 423 (-184 -1800 1128) (-184 -2576 1128) (-184 -2576 1144) (-184 -1800 1144) 
4 421 422 (-184 -2576 1152) (-184 -2576 1240) (-184 -1800 1240) (-184 -1800 1152) 
4 422 443 (-184 -2576 1152) (-184 -2576 1240) (-192 -2576 1240) (-192 -2576 1152) 
4 422 424 (-192 -2576 1152) (-192 -2576 1240) (-192 -1800 1240) (-192 -1800 1152) 
4 423 424 (-192 -1800 1128) (-192 -2576 1128) (-192 -2576 1144) (-192 -1800 1144) 
4 424 451 (-192 -2264 1128) (-192 -2576 1128) (-328 -2576 1128) (-328 -2264 1128) 
4 424 450 (-192 -2104 1128) (-192 -2264 1128) (-328 -2264 1128) (-328 -2104 1128) 
4 424 449 (-328 -1800 1128) (-192 -1800 1128) (-192 -2104 1128) (-328 -2104 1128) 
4 424 445 (-328 -2576 1128) (-192 -2576 1128) (-192 -2576 1144) (-328 -2576 1144) 
4 424 443 (-192 -2576 1152) (-192 -2576 1240) (-328 -2576 1240) (-328 -2576 1152) 
4 424 426 (-328 -2264 1128) (-328 -2576 1128) (-328 -2576 1176) (-328 -2264 1176) 
4 424 425 (-328 -2576 1176) (-328 -2576 1240) (-328 -2264 1240) (-328 -2264 1176) 
4 425 443 (-328 -2576 1176) (-328 -2576 1240) (-344 -2576 1240) (-344 -2576 1176) 
4 425 439 (-344 -2576 1176) (-344 -2576 1240) (-344 -2264 1240) (-344 -2264 1176) 
4 425 426 (-344 -2576 1176) (-344 -2264 1176) (-328 -2264 1176) (-328 -2576 1176) 
4 426 451 (-328 -2264 1128) (-328 -2576 1128) (-344 -2576 1128) (-344 -2264 1128) 
4 426 445 (-344 -2576 1128) (-328 -2576 1128) (-328 -2576 1144) (-344 -2576 1144) 
4 426 443 (-328 -2576 1152) (-328 -2576 1176) (-344 -2576 1176) (-344 -2576 1152) 
4 426 441 (-344 -2264 1128) (-344 -2576 1128) (-344 -2576 1176) (-344 -2264 1176) 
4 427 429 (-344 -1984 1232) (-344 -1984 1240) (-480 -1984 1240) (-480 -1984 1232) 
4 428 430 (-480 -1984 1128) (-344 -1984 1128) (-344 -1984 1208) (-480 -1984 1208) 
4 429 431 (-344 -2008 1224) (-344 -2008 1240) (-480 -2008 1240) (-480 -2008 1224) 
4 430 432 (-480 -2008 1128) (-344 -2008 1128) (-344 -2008 1200) (-480 -2008 1200) 
4 431 433 (-344 -2032 1216) (-344 -2032 1240) (-480 -2032 1240) (-480 -2032 1216) 
4 432 434 (-480 -2032 1128) (-344 -2032 1128) (-344 -2032 1192) (-480 -2032 1192) 
4 433 435 (-344 -2056 1208) (-344 -2056 1240) (-480 -2056 1240) (-480 -2056 1208) 
4 434 440 (-480 -2056 1128) (-344 -2056 1128) (-344 -2056 1176) (-480 -2056 1176) 
4 434 436 (-344 -2056 1176) (-344 -2056 1184) (-480 -2056 1184) (-480 -2056 1176) 
4 435 437 (-344 -2080 1200) (-344 -2080 1240) (-480 -2080 1240) (-480 -2080 1200) 
4 436 440 (-480 -2056 1176) (-344 -2056 1176) (-344 -2080 1176) (-480 -2080 1176) 
4 437 585 (-480 -2104 1240) (-480 -2096 1240) (-480 -2096 1192) (-480 -2104 1192) 
4 437 438 (-344 -2104 1192) (-344 -2104 1240) (-480 -2104 1240) (-480 -2104 1192) 
4 438 585 (-480 -2248 1240) (-480 -2104 1240) (-480 -2104 1176) (-480 -2248 1176) 
4 439 607 (-480 -2576 1176) (-480 -2576 1240) (-480 -2264 1240) (-480 -2264 1176) 
4 439 443 (-344 -2576 1176) (-344 -2576 1240) (-480 -2576 1240) (-480 -2576 1176) 
4 439 441 (-344 -2264 1176) (-344 -2576 1176) (-480 -2576 1176) (-480 -2264 1176) 
4 440 586 (-480 -2096 1128) (-480 -2104 1128) (-480 -2104 1160) (-480 -2096 1160) 
4 441 607 (-480 -2264 1128) (-480 -2576 1128) (-480 -2576 1176) (-480 -2264 1176) 
4 441 451 (-480 -2576 1128) (-480 -2264 1128) (-344 -2264 1128) (-344 -2576 1128) 
4 441 445 (-480 -2576 1128) (-344 -2576 1128) (-344 -2576 1144) (-480 -2576 1144) 
4 441 443 (-344 -2576 1152) (-344 -2576 1176) (-480 -2576 1176) (-480 -2576 1152) 
4 442 446 (-88 -2584 1144) (-88 -2584 1240) (-184 -2584 1240) (-184 -2584 1144) 
4 442 444 (-88 -2584 1144) (-184 -2584 1144) (-184 -2576 1144) (-88 -2576 1144) 
4 442 443 (-184 -2576 1240) (-184 -2576 1152) (-184 -2584 1152) (-184 -2584 1240) 
4 443 608 (-480 -2584 1152) (-480 -2584 1240) (-480 -2576 1240) (-480 -2576 1152) 
4 443 446 (-184 -2584 1240) (-480 -2584 1240) (-480 -2584 1152) (-184 -2584 1152) 
4 444 446 (-184 -2584 1128) (-88 -2584 1128) (-88 -2584 1144) (-184 -2584 1144) 
4 445 609 (-480 -2576 1128) (-480 -2584 1128) (-480 -2584 1144) (-480 -2576 1144) 
4 445 446 (-480 -2584 1128) (-192 -2584 1128) (-192 -2584 1144) (-480 -2584 1144) 
4 446 610 (-480 -2584 1128) (-480 -2680 1128) (-480 -2680 1240) (-480 -2584 1240) 
4 447 629 (-480 -2688 1128) (-480 -2816 1128) (-480 -2816 1240) (-480 -2688 1240) 
4 447 455 (-480 -2816 1128) (-480 -2688 1128) (-88 -2688 1128) (-88 -2816 1128) 
4 448 453 (-192 -2680 32) (-192 -2680 1064) (-192 -1800 1064) (-192 -1800 32) 
4 448 452 (-192 -2680 1064) (-192 -2680 1120) (-192 -2576 1120) (-192 -2576 1064) 
4 448 451 (-192 -2576 1120) (-192 -2264 1120) (-192 -2264 1064) (-192 -2576 1064) 
4 448 450 (-192 -2264 1120) (-192 -2104 1120) (-192 -2104 1064) (-192 -2264 1064) 
4 448 449 (-192 -2104 1120) (-192 -1800 1120) (-192 -1800 1064) (-192 -2104 1064) 
4 449 453 (-328 -1800 1064) (-192 -1800 1064) (-192 -2104 1064) (-328 -2104 1064) 
4 449 450 (-328 -2104 1064) (-192 -2104 1064) (-192 -2104 1128) (-328 -2104 1128) 
4 450 453 (-192 -2104 1064) (-192 -2264 1064) (-328 -2264 1064) (-328 -2104 1064) 
4 450 451 (-328 -2264 1064) (-192 -2264 1064) (-192 -2264 1128) (-328 -2264 1128) 
4 451 615 (-480 -2264 1064) (-480 -2576 1064) (-480 -2576 1128) (-480 -2264 1128) 
4 451 453 (-192 -2264 1064) (-192 -2576 1064) (-480 -2576 1064) (-480 -2264 1064) 
4 451 452 (-480 -2576 1064) (-192 -2576 1064) (-192 -2576 1120) (-480 -2576 1120) 
4 452 616 (-480 -2576 1064) (-480 -2680 1064) (-480 -2680 1120) (-480 -2576 1120) 
4 452 453 (-192 -2576 1064) (-192 -2680 1064) (-480 -2680 1064) (-480 -2576 1064) 
4 453 616 (-480 -2576 32) (-480 -2680 32) (-480 -2680 1064) (-480 -2576 1064) 
4 453 615 (-480 -2264 32) (-480 -2576 32) (-480 -2576 1064) (-480 -2264 1064) 
4 453 614 (-480 -2248 32) (-480 -2264 32) (-480 -2264 1064) (-480 -2248 1064) 
4 453 597 (-480 -2096 32) (-480 -2248 32) (-480 -2248 1064) (-480 -2096 1064) 
4 454 457 (-88 -2816 16) (-88 -2744 16) (-32 -2744 16) (-32 -2816 16) 
4 454 455 (-88 -2744 16) (-88 -2816 16) (-88 -2816 1128) (-88 -2744 1128) 
4 455 629 (-480 -2688 16) (-480 -2816 16) (-480 -2816 1128) (-480 -2688 1128) 
4 455 457 (-480 -2816 16) (-480 -2688 16) (-88 -2688 16) (-88 -2816 16) 
4 456 620 (-480 -2680 -192) (-480 -2688 -192) (-480 -2688 16) (-480 -2680 16) 
4 456 618 (-480 -2248 -192) (-480 -2680 -192) (-480 -2680 16) (-480 -2248 16) 
4 456 598 (-480 -2096 -192) (-480 -2248 -192) (-480 -2248 16) (-480 -2096 16) 
4 456 573 (-480 -1800 16) (-480 -1800 -192) (-480 -2096 -192) (-480 -2096 16) 
4 457 629 (-480 -2688 -192) (-480 -2816 -192) (-480 -2816 16) (-480 -2688 16) 
4 457 458 (-480 -2816 -192) (-480 -2688 -192) (-32 -2688 -192) (-32 -2816 -192) 
4 458 630 (-480 -2688 -208) (-480 -2848 -208) (-480 -2848 -192) (-480 -2688 -192) 
4 458 621 (-480 -2680 -208) (-480 -2688 -208) (-480 -2688 -192) (-480 -2680 -192) 
4 458 619 (-480 -2248 -208) (-480 -2680 -208) (-480 -2680 -192) (-480 -2248 -192) 
4 458 599 (-480 -2096 -208) (-480 -2248 -208) (-480 -2248 -192) (-480 -2096 -192) 
4 458 574 (-480 -1800 -192) (-480 -1800 -208) (-480 -2096 -208) (-480 -2096 -192) 
4 459 469 (-1112 -248 2112) (-1112 -248 2096) (-1112 -2688 2096) (-1112 -2688 2112) 
4 459 466 (-1112 -2688 2112) (-1112 -2688 2096) (-480 -2688 2096) (-480 -2688 2112) 
4 460 471 (-1112 -2680 1856) (-1112 -2680 2096) (-1112 -904 2096) (-1112 -904 1856) 
4 460 470 (-1112 -248 2096) (-1112 -248 1776) (-1112 -904 1776) (-1112 -904 2096) 
4 460 465 (-1112 -2680 1776) (-1112 -2096 1776) (-480 -2096 1776) (-480 -2680 1776) 
4 460 464 (-1112 -1952 1776) (-1112 -1712 1776) (-480 -1712 1776) (-480 -1952 1776) 
4 460 463 (-1112 -1568 1776) (-1112 -904 1776) (-480 -904 1776) (-480 -1568 1776) 
4 460 462 (-1112 -904 1776) (-1112 -248 1776) (-480 -248 1776) (-480 -904 1776) 
4 460 461 (-480 -2680 2024) (-480 -2680 2096) (-1112 -2680 2096) (-1112 -2680 2024) 
4 461 471 (-1112 -2688 2024) (-1112 -2688 2096) (-1112 -2680 2096) (-1112 -2680 2024) 
4 462 470 (-1112 -248 1776) (-1112 -248 1736) (-1112 -904 1736) (-1112 -904 1776) 
4 462 463 (-480 -904 1776) (-1112 -904 1776) (-1112 -904 1736) (-480 -904 1736) 
4 463 493 (-1112 -1568 1368) (-1112 -904 1368) (-1064 -904 1368) (-1064 -1568 1368) 
4 463 489 (-1056 -1512 1368) (-1056 -1568 1368) (-1064 -1568 1368) (-1064 -1512 1368) 
4 463 488 (-1056 -952 1368) (-1056 -1512 1368) (-1064 -1512 1368) (-1064 -952 1368) 
4 463 487 (-1064 -904 1368) (-1056 -904 1368) (-1056 -952 1368) (-1064 -952 1368) 
4 463 483 (-480 -1512 1368) (-480 -1568 1368) (-1056 -1568 1368) (-1056 -1512 1368) 
4 463 482 (-480 -1504 1368) (-480 -1512 1368) (-1056 -1512 1368) (-1056 -1504 1368) 
4 463 481 (-1056 -904 1368) (-480 -904 1368) (-480 -1504 1368) (-1056 -1504 1368) 
4 464 505 (-1112 -1952 1368) (-1112 -1712 1368) (-480 -1712 1368) (-480 -1952 1368) 
4 465 512 (-1112 -2680 1368) (-1112 -2096 1368) (-480 -2096 1368) (-480 -2680 1368) 
4 466 477 (-1112 -2688 2112) (-1112 -2688 2096) (-1112 -2816 2096) (-1112 -2816 2112) 
4 466 468 (-1112 -2816 2096) (-1112 -2688 2096) (-480 -2688 2096) (-480 -2816 2096) 
4 466 467 (-1112 -2816 2096) (-480 -2816 2096) (-480 -2816 2112) (-1112 -2816 2112) 
4 467 479 (-1112 -2816 2096) (-1112 -2848 2096) (-1112 -2848 2112) (-1112 -2816 2112) 
4 468 515 (-1112 -2816 1368) (-1112 -2688 1368) (-480 -2688 1368) (-480 -2816 1368) 
4 468 480 (-1112 -2688 2096) (-1112 -2688 1368) (-1112 -2816 1368) (-1112 -2816 2096) 
4 469 477 (-1280 -2688 2112) (-1280 -2688 2096) (-1112 -2688 2096) (-1112 -2688 2112) 
4 469 474 (-1280 -248 2112) (-1280 -248 2096) (-1280 -2688 2096) (-1280 -2688 2112) 
4 470 494 (-1264 -248 1368) (-1112 -248 1368) (-1112 -904 1368) (-1264 -904 1368) 
4 470 472 (-1264 -248 1368) (-1264 -904 1368) (-1264 -904 2096) (-1264 -248 2096) 
4 470 471 (-1264 -904 2096) (-1264 -904 1856) (-1112 -904 1856) (-1112 -904 2096) 
4 471 472 (-1264 -2688 1856) (-1264 -2688 2096) (-1264 -904 2096) (-1264 -904 1856) 
4 472 513 (-1264 -1664 1368) (-1264 -2688 1368) (-1280 -2688 1368) (-1280 -1664 1368) 
4 472 503 (-1264 -1600 1368) (-1264 -1664 1368) (-1280 -1664 1368) (-1280 -1600 1368) 
4 472 495 (-1280 -248 1368) (-1264 -248 1368) (-1264 -1600 1368) (-1280 -1600 1368) 
4 473 475 (-1344 -248 2176) (-1344 -248 2112) (-1344 -2688 2112) (-1344 -2688 2176) 
4 473 474 (-1344 -2688 2112) (-1344 -248 2112) (-1280 -248 2112) (-1280 -2688 2112) 
4 474 477 (-1344 -2688 2112) (-1344 -2688 2096) (-1280 -2688 2096) (-1280 -2688 2112) 
4 474 476 (-1344 -248 2096) (-1280 -248 2096) (-1280 -2688 2096) (-1344 -2688 2096) 
4 474 475 (-1344 -248 2112) (-1344 -248 2096) (-1344 -2688 2096) (-1344 -2688 2112) 
4 475 478 (-1408 -2688 2112) (-1408 -2688 2096) (-1344 -2688 2096) (-1344 -2688 2112) 
4 475 476 (-1408 -248 2096) (-1344 -248 2096) (-1344 -2688 2096) (-1408 -2688 2096) 
4 476 514 (-1280 -1664 1368) (-1280 -2688 1368) (-1408 -2688 1368) (-1408 -1664 1368) 
4 476 504 (-1280 -1600 1368) (-1280 -1664 1368) (-1408 -1664 1368) (-1408 -1600 1368) 
4 476 496 (-1408 -248 1368) (-1280 -248 1368) (-1280 -1600 1368) (-1408 -1600 1368) 
4 476 480 (-1408 -2688 1368) (-1280 -2688 1368) (-1280 -2688 2096) (-1408 -2688 2096) 
4 477 480 (-1344 -2688 2096) (-1112 -2688 2096) (-1112 -2816 2096) (-1344 -2816 2096) 
4 477 479 (-1344 -2816 2096) (-1112 -2816 2096) (-1112 -2816 2112) (-1344 -2816 2112) 
4 477 478 (-1344 -2688 2096) (-1344 -2816 2096) (-1344 -2816 2112) (-1344 -2688 2112) 
4 478 480 (-1408 -2688 2096) (-1344 -2688 2096) (-1344 -2816 2096) (-1408 -2816 2096) 
4 480 515 (-1408 -2816 1368) (-1408 -2688 1368) (-1112 -2688 1368) (-1112 -2816 1368) 
4 481 530 (-480 -944 1240) (-480 -1504 1240) (-1056 -1504 1240) (-1056 -944 1240) 
4 481 529 (-480 -904 1240) (-480 -944 1240) (-968 -944 1240) (-968 -904 1240) 
4 481 491 (-1056 -968 1240) (-1056 -1504 1240) (-1056 -1504 1256) (-1056 -968 1256) 
4 481 490 (-1056 -904 1240) (-1056 -960 1240) (-1056 -960 1256) (-1056 -904 1256) 
4 481 488 (-1056 -1504 1264) (-1056 -1504 1368) (-1056 -952 1368) (-1056 -952 1264) 
4 481 487 (-1056 -952 1368) (-1056 -904 1368) (-1056 -904 1256) (-1056 -952 1256) 
4 481 486 (-1056 -1504 1256) (-1056 -1504 1240) (-496 -1504 1240) (-496 -1504 1256) 
4 481 484 (-488 -1504 1240) (-480 -1504 1240) (-480 -1504 1256) (-488 -1504 1256) 
4 481 482 (-1056 -1504 1368) (-1056 -1504 1264) (-480 -1504 1264) (-480 -1504 1368) 
4 482 488 (-1056 -1512 1368) (-1056 -1504 1368) (-1056 -1504 1264) (-1056 -1512 1264) 
4 482 483 (-1056 -1512 1368) (-1056 -1512 1264) (-480 -1512 1264) (-480 -1512 1368) 
4 483 501 (-960 -1600 1368) (-1024 -1600 1368) (-1024 -1600 1256) (-960 -1600 1256) 
4 483 500 (-832 -1600 1368) (-896 -1600 1368) (-896 -1600 1256) (-832 -1600 1256) 
4 483 499 (-704 -1600 1368) (-768 -1600 1368) (-768 -1600 1256) (-704 -1600 1256) 
4 483 498 (-576 -1600 1368) (-640 -1600 1368) (-640 -1600 1256) (-576 -1600 1256) 
4 483 497 (-480 -1600 1256) (-480 -1600 1368) (-512 -1600 1368) (-512 -1600 1256) 
4 483 489 (-1056 -1600 1256) (-1056 -1600 1368) (-1056 -1512 1368) (-1056 -1512 1256) 
4 483 486 (-496 -1600 1256) (-1056 -1600 1256) (-1056 -1512 1256) (-496 -1512 1256) 
4 483 485 (-488 -1600 1256) (-496 -1600 1256) (-496 -1512 1256) (-488 -1512 1256) 
4 483 484 (-480 -1600 1256) (-488 -1600 1256) (-488 -1512 1256) (-480 -1512 1256) 
4 484 497 (-488 -1600 1240) (-480 -1600 1240) (-480 -1600 1256) (-488 -1600 1256) 
4 484 485 (-488 -1600 1240) (-488 -1600 1256) (-488 -1512 1256) (-488 -1512 1240) 
4 485 497 (-496 -1600 1240) (-488 -1600 1240) (-488 -1600 1256) (-496 -1600 1256) 
4 485 486 (-496 -1600 1240) (-496 -1600 1256) (-496 -1512 1256) (-496 -1512 1240) 
4 486 501 (-1024 -1600 1240) (-960 -1600 1240) (-960 -1600 1256) (-1024 -1600 1256) 
4 486 500 (-896 -1600 1240) (-832 -1600 1240) (-832 -1600 1256) (-896 -1600 1256) 
4 486 499 (-768 -1600 1240) (-704 -1600 1240) (-704 -1600 1256) (-768 -1600 1256) 
4 486 498 (-640 -1600 1240) (-576 -1600 1240) (-576 -1600 1256) (-640 -1600 1256) 
4 486 497 (-512 -1600 1240) (-496 -1600 1240) (-496 -1600 1256) (-512 -1600 1256) 
4 486 492 (-1056 -1512 1240) (-1056 -1600 1240) (-1056 -1600 1256) (-1056 -1512 1256) 
4 487 493 (-1064 -952 1368) (-1064 -904 1368) (-1064 -904 1256) (-1064 -952 1256) 
4 487 490 (-1064 -952 1256) (-1064 -904 1256) (-1056 -904 1256) (-1056 -952 1256) 
4 487 488 (-1064 -952 1368) (-1064 -952 1264) (-1056 -952 1264) (-1056 -952 1368) 
4 488 493 (-1064 -1512 1368) (-1064 -952 1368) (-1064 -952 1264) (-1064 -1512 1264) 
4 488 489 (-1064 -1512 1368) (-1064 -1512 1264) (-1056 -1512 1264) (-1056 -1512 1368) 
4 489 493 (-1064 -1600 1256) (-1064 -1600 1368) (-1064 -1512 1368) (-1064 -1512 1256) 
4 489 492 (-1064 -1600 1256) (-1064 -1512 1256) (-1056 -1512 1256) (-1056 -1600 1256) 
4 490 493 (-1064 -904 1240) (-1064 -960 1240) (-1064 -960 1256) (-1064 -904 1256) 
4 491 493 (-1064 -968 1240) (-1064 -1504 1240) (-1064 -1504 1256) (-1064 -968 1256) 
4 492 493 (-1064 -1512 1240) (-1064 -1600 1240) (-1064 -1600 1256) (-1064 -1512 1256) 
4 493 502 (-1112 -1600 1240) (-1088 -1600 1240) (-1088 -1600 1368) (-1112 -1600 1368) 
4 494 517 (-1264 -248 1240) (-1112 -248 1240) (-1112 -904 1240) (-1264 -904 1240) 
4 494 495 (-1264 -248 1240) (-1264 -904 1240) (-1264 -904 1368) (-1264 -248 1368) 
4 495 543 (-1264 -904 1240) (-1264 -1600 1240) (-1280 -1600 1240) (-1280 -904 1240) 
4 495 517 (-1280 -248 1240) (-1264 -248 1240) (-1264 -904 1240) (-1280 -904 1240) 
4 495 503 (-1280 -1600 1240) (-1264 -1600 1240) (-1264 -1600 1368) (-1280 -1600 1368) 
4 496 544 (-1280 -904 1240) (-1280 -1600 1240) (-1408 -1600 1240) (-1408 -904 1240) 
4 496 518 (-1408 -248 1240) (-1280 -248 1240) (-1280 -904 1240) (-1408 -904 1240) 
4 496 504 (-1408 -1600 1240) (-1280 -1600 1240) (-1280 -1600 1368) (-1408 -1600 1368) 
4 497 505 (-512 -1664 1240) (-480 -1664 1240) (-480 -1664 1368) (-512 -1664 1368) 
4 498 505 (-640 -1664 1240) (-576 -1664 1240) (-576 -1664 1368) (-640 -1664 1368) 
4 499 505 (-768 -1664 1240) (-704 -1664 1240) (-704 -1664 1368) (-768 -1664 1368) 
4 500 505 (-896 -1664 1240) (-832 -1664 1240) (-832 -1664 1368) (-896 -1664 1368) 
4 501 505 (-1024 -1664 1240) (-960 -1664 1240) (-960 -1664 1368) (-1024 -1664 1368) 
4 502 505 (-1112 -1664 1240) (-1088 -1664 1240) (-1088 -1664 1368) (-1112 -1664 1368) 
4 503 543 (-1280 -1600 1240) (-1264 -1600 1240) (-1264 -1664 1240) (-1280 -1664 1240) 
4 503 513 (-1280 -1664 1240) (-1264 -1664 1240) (-1264 -1664 1368) (-1280 -1664 1368) 
4 504 544 (-1408 -1600 1240) (-1280 -1600 1240) (-1280 -1664 1240) (-1408 -1664 1240) 
4 504 514 (-1408 -1664 1240) (-1280 -1664 1240) (-1280 -1664 1368) (-1408 -1664 1368) 
4 505 511 (-1112 -1984 1368) (-1112 -1984 1240) (-1088 -1984 1240) (-1088 -1984 1368) 
4 505 510 (-1024 -1984 1240) (-960 -1984 1240) (-960 -1984 1368) (-1024 -1984 1368) 
4 505 509 (-896 -1984 1240) (-832 -1984 1240) (-832 -1984 1368) (-896 -1984 1368) 
4 505 508 (-768 -1984 1240) (-704 -1984 1240) (-704 -1984 1368) (-768 -1984 1368) 
4 505 507 (-640 -1984 1240) (-576 -1984 1240) (-576 -1984 1368) (-640 -1984 1368) 
4 505 506 (-512 -1984 1240) (-480 -1984 1240) (-480 -1984 1368) (-512 -1984 1368) 
4 506 512 (-512 -2048 1240) (-480 -2048 1240) (-480 -2048 1368) (-512 -2048 1368) 
4 507 512 (-640 -2048 1240) (-576 -2048 1240) (-576 -2048 1368) (-640 -2048 1368) 
4 508 512 (-768 -2048 1240) (-704 -2048 1240) (-704 -2048 1368) (-768 -2048 1368) 
4 509 512 (-896 -2048 1240) (-832 -2048 1240) (-832 -2048 1368) (-896 -2048 1368) 
4 510 512 (-1024 -2048 1240) (-960 -2048 1240) (-960 -2048 1368) (-1024 -2048 1368) 
4 511 512 (-1112 -2048 1368) (-1112 -2048 1240) (-1088 -2048 1240) (-1088 -2048 1368) 
4 512 613 (-672 -2680 1240) (-1112 -2680 1240) (-1112 -2568 1240) (-672 -2568 1240) 
4 512 612 (-664 -2680 1240) (-672 -2680 1240) (-672 -2584 1240) (-664 -2584 1240) 
4 512 611 (-1112 -2568 1240) (-1112 -2248 1240) (-664 -2248 1240) (-664 -2568 1240) 
4 512 610 (-480 -2584 1240) (-480 -2680 1240) (-664 -2680 1240) (-664 -2584 1240) 
4 512 608 (-480 -2576 1240) (-480 -2584 1240) (-664 -2584 1240) (-664 -2576 1240) 
4 512 607 (-480 -2264 1240) (-480 -2576 1240) (-664 -2576 1240) (-664 -2264 1240) 
4 512 596 (-624 -2248 1240) (-1112 -2248 1240) (-1112 -2096 1240) (-624 -2096 1240) 
4 512 595 (-600 -2248 1240) (-624 -2248 1240) (-624 -2096 1240) (-600 -2096 1240) 
4 512 593 (-576 -2248 1240) (-600 -2248 1240) (-600 -2096 1240) (-576 -2096 1240) 
4 512 591 (-552 -2248 1240) (-576 -2248 1240) (-576 -2096 1240) (-552 -2096 1240) 
4 512 589 (-528 -2248 1240) (-552 -2248 1240) (-552 -2096 1240) (-528 -2096 1240) 
4 512 587 (-504 -2248 1240) (-528 -2248 1240) (-528 -2096 1240) (-504 -2096 1240) 
4 512 585 (-480 -2096 1240) (-480 -2248 1240) (-504 -2248 1240) (-504 -2096 1240) 
4 513 623 (-1264 -2248 1240) (-1264 -2688 1240) (-1280 -2688 1240) (-1280 -2248 1240) 
4 513 601 (-1264 -2096 1240) (-1264 -2248 1240) (-1280 -2248 1240) (-1280 -2096 1240) 
4 513 543 (-1280 -1664 1240) (-1264 -1664 1240) (-1264 -2096 1240) (-1280 -2096 1240) 
4 514 625 (-1280 -2248 1240) (-1280 -2688 1240) (-1408 -2688 1240) (-1408 -2248 1240) 
4 514 603 (-1280 -2096 1240) (-1280 -2248 1240) (-1408 -2248 1240) (-1408 -2096 1240) 
4 514 544 (-1408 -1664 1240) (-1280 -1664 1240) (-1280 -2096 1240) (-1408 -2096 1240) 
4 514 515 (-1408 -2688 1240) (-1280 -2688 1240) (-1280 -2688 1368) (-1408 -2688 1368) 
4 515 629 (-1408 -2816 1240) (-1408 -2688 1240) (-480 -2688 1240) (-480 -2816 1240) 
4 517 579 (-1280 -904 888) (-1264 -904 888) (-1264 -904 1016) (-1280 -904 1016) 
4 517 543 (-1264 -904 1240) (-1280 -904 1240) (-1280 -904 1016) (-1264 -904 1016) 
4 517 519 (-1112 -904 888) (-1280 -904 888) (-1280 -248 888) (-1112 -248 888) 
4 518 581 (-1408 -904 888) (-1280 -904 888) (-1280 -904 1016) (-1408 -904 1016) 
4 518 544 (-1280 -904 1016) (-1280 -904 1240) (-1408 -904 1240) (-1408 -904 1016) 
4 518 520 (-1280 -904 888) (-1408 -904 888) (-1408 -248 888) (-1280 -248 888) 
4 519 579 (-1280 -904 872) (-1264 -904 872) (-1264 -904 888) (-1280 -904 888) 
4 519 523 (-1272 -904 872) (-1280 -904 872) (-1280 -248 872) (-1272 -248 872) 
4 519 522 (-1112 -904 872) (-1272 -904 872) (-1272 -264 872) (-1112 -264 872) 
4 520 581 (-1408 -904 872) (-1280 -904 872) (-1280 -904 888) (-1408 -904 888) 
4 520 525 (-1280 -904 872) (-1408 -904 872) (-1408 -248 872) (-1280 -248 872) 
4 521 523 (-1272 -248 -192) (-1272 -264 -192) (-1272 -264 752) (-1272 -248 752) 
4 521 522 (-1272 -264 752) (-1272 -264 -192) (-480 -264 -192) (-480 -264 752) 
4 522 579 (-1264 -904 872) (-1272 -904 872) (-1272 -904 -192) (-1264 -904 -192) 
4 522 578 (-1264 -904 16) (-1264 -904 -192) (-1112 -904 -192) (-1112 -904 16) 
4 522 575 (-904 -904 872) (-1112 -904 872) (-1112 -904 -192) (-904 -904 -192) 
4 522 560 (-480 -904 -192) (-480 -904 872) (-904 -904 872) (-904 -904 -192) 
4 522 523 (-1272 -264 -192) (-1272 -904 -192) (-1272 -904 872) (-1272 -264 872) 
4 523 579 (-1272 -904 872) (-1280 -904 872) (-1280 -904 -192) (-1272 -904 -192) 
4 524 580 (-1112 -904 -192) (-1280 -904 -192) (-1280 -904 -208) (-1112 -904 -208) 
4 524 577 (-904 -904 -192) (-1112 -904 -192) (-1112 -904 -208) (-904 -904 -208) 
4 524 561 (-480 -904 -208) (-480 -904 -192) (-904 -904 -192) (-904 -904 -208) 
4 524 526 (-1280 -904 -208) (-1280 -904 -192) (-1280 -248 -192) (-1280 -248 -208) 
4 525 581 (-1408 -904 -192) (-1280 -904 -192) (-1280 -904 872) (-1408 -904 872) 
4 525 528 (-1408 -248 -192) (-1344 -248 -192) (-1344 -904 -192) (-1408 -904 -192) 
4 525 526 (-1344 -248 -192) (-1280 -248 -192) (-1280 -904 -192) (-1344 -904 -192) 
4 526 582 (-1280 -904 -208) (-1280 -904 -192) (-1344 -904 -192) (-1344 -904 -208) 
4 526 528 (-1344 -904 -208) (-1344 -904 -192) (-1344 -248 -192) (-1344 -248 -208) 
4 526 527 (-1344 -904 -208) (-1344 -248 -208) (-1280 -248 -208) (-1280 -904 -208) 
4 527 583 (-1280 -904 -256) (-1280 -904 -208) (-1344 -904 -208) (-1344 -904 -256) 
4 527 528 (-1344 -904 -256) (-1344 -904 -208) (-1344 -248 -208) (-1344 -248 -256) 
4 528 584 (-1344 -904 -256) (-1344 -904 -192) (-1408 -904 -192) (-1408 -904 -256) 
4 529 558 (-904 -904 1016) (-568 -904 1016) (-568 -944 1016) (-904 -944 1016) 
4 529 545 (-568 -904 1016) (-480 -904 1016) (-480 -944 1016) (-568 -944 1016) 
4 529 534 (-968 -944 1016) (-960 -944 1016) (-960 -944 1232) (-968 -944 1232) 
4 529 532 (-920 -944 1056) (-920 -944 1232) (-960 -944 1232) (-960 -944 1056) 
4 529 531 (-920 -944 1016) (-480 -944 1016) (-480 -944 1232) (-920 -944 1232) 
4 529 530 (-480 -944 1232) (-480 -944 1240) (-968 -944 1240) (-968 -944 1232) 
4 530 542 (-1056 -1504 1232) (-1056 -1168 1232) (-1000 -1168 1232) (-1000 -1504 1232) 
4 530 541 (-944 -1224 1232) (-944 -1504 1232) (-1000 -1504 1232) (-1000 -1224 1232) 
4 530 540 (-1000 -1168 1232) (-944 -1168 1232) (-944 -1224 1232) (-1000 -1224 1232) 
4 530 539 (-944 -1168 1232) (-480 -1168 1232) (-480 -1504 1232) (-944 -1504 1232) 
4 530 538 (-1056 -1168 1232) (-1056 -1096 1232) (-968 -1096 1232) (-968 -1168 1232) 
4 530 537 (-912 -1160 1232) (-912 -1168 1232) (-968 -1168 1232) (-968 -1160 1232) 
4 530 536 (-968 -1096 1232) (-912 -1096 1232) (-912 -1160 1232) (-968 -1160 1232) 
4 530 535 (-912 -1096 1232) (-480 -1096 1232) (-480 -1168 1232) (-912 -1168 1232) 
4 530 534 (-1056 -1096 1232) (-1056 -944 1232) (-960 -944 1232) (-960 -1096 1232) 
4 530 533 (-920 -984 1232) (-920 -1096 1232) (-960 -1096 1232) (-960 -984 1232) 
4 530 532 (-960 -944 1232) (-920 -944 1232) (-920 -984 1232) (-960 -984 1232) 
4 530 531 (-920 -944 1232) (-480 -944 1232) (-480 -1096 1232) (-920 -1096 1232) 
4 531 558 (-904 -944 1016) (-568 -944 1016) (-568 -1096 1016) (-904 -1096 1016) 
4 531 545 (-568 -944 1016) (-480 -944 1016) (-480 -1096 1016) (-568 -1096 1016) 
4 531 536 (-912 -1096 1232) (-920 -1096 1232) (-920 -1096 1080) (-912 -1096 1080) 
4 531 535 (-480 -1096 1232) (-912 -1096 1232) (-912 -1096 1016) (-480 -1096 1016) 
4 531 533 (-920 -1096 1016) (-920 -1096 1232) (-920 -984 1232) (-920 -984 1016) 
4 531 532 (-920 -984 1232) (-920 -944 1232) (-920 -944 1056) (-920 -984 1056) 
4 532 534 (-960 -984 1232) (-960 -944 1232) (-960 -944 1056) (-960 -984 1056) 
4 532 533 (-960 -984 1232) (-960 -984 1056) (-920 -984 1056) (-920 -984 1232) 
4 533 536 (-920 -1096 1232) (-960 -1096 1232) (-960 -1096 1080) (-920 -1096 1080) 
4 533 534 (-960 -1096 1016) (-960 -1096 1232) (-960 -984 1232) (-960 -984 1016) 
4 534 538 (-968 -1096 1232) (-1112 -1096 1232) (-1112 -1096 1016) (-968 -1096 1016) 
4 534 536 (-960 -1096 1232) (-968 -1096 1232) (-968 -1096 1080) (-960 -1096 1080) 
4 535 558 (-904 -1096 1016) (-568 -1096 1016) (-568 -1168 1016) (-904 -1168 1016) 
4 535 545 (-568 -1096 1016) (-480 -1096 1016) (-480 -1168 1016) (-568 -1168 1016) 
4 535 539 (-480 -1168 1232) (-912 -1168 1232) (-912 -1168 1016) (-480 -1168 1016) 
4 535 537 (-912 -1160 1016) (-912 -1168 1016) (-912 -1168 1232) (-912 -1160 1232) 
4 535 536 (-912 -1096 1232) (-912 -1096 1080) (-912 -1160 1080) (-912 -1160 1232) 
4 536 538 (-968 -1096 1232) (-968 -1096 1080) (-968 -1160 1080) (-968 -1160 1232) 
4 536 537 (-968 -1160 1232) (-968 -1160 1080) (-912 -1160 1080) (-912 -1160 1232) 
4 537 540 (-944 -1168 1232) (-968 -1168 1232) (-968 -1168 1064) (-944 -1168 1064) 
4 537 539 (-912 -1168 1232) (-944 -1168 1232) (-944 -1168 1016) (-912 -1168 1016) 
4 537 538 (-968 -1160 1016) (-968 -1168 1016) (-968 -1168 1232) (-968 -1160 1232) 
4 538 542 (-1000 -1168 1232) (-1112 -1168 1232) (-1112 -1168 1016) (-1000 -1168 1016) 
4 538 540 (-968 -1168 1232) (-1000 -1168 1232) (-1000 -1168 1064) (-968 -1168 1064) 
4 539 569 (-880 -1568 1016) (-904 -1568 1016) (-904 -1480 1016) (-880 -1480 1016) 
4 539 568 (-856 -1568 1016) (-880 -1568 1016) (-880 -1480 1016) (-856 -1480 1016) 
4 539 567 (-832 -1568 1016) (-856 -1568 1016) (-856 -1480 1016) (-832 -1480 1016) 
4 539 566 (-808 -1568 1016) (-832 -1568 1016) (-832 -1480 1016) (-808 -1480 1016) 
4 539 565 (-784 -1568 1016) (-808 -1568 1016) (-808 -1480 1016) (-784 -1480 1016) 
4 539 564 (-760 -1568 1016) (-784 -1568 1016) (-784 -1480 1016) (-760 -1480 1016) 
4 539 563 (-736 -1568 1016) (-760 -1568 1016) (-760 -1480 1016) (-736 -1480 1016) 
4 539 562 (-480 -1480 1016) (-480 -1568 1016) (-736 -1568 1016) (-736 -1480 1016) 
4 539 559 (-568 -1424 1016) (-568 -1480 1016) (-904 -1480 1016) (-904 -1424 1016) 
4 539 558 (-904 -1168 1016) (-568 -1168 1016) (-568 -1424 1016) (-904 -1424 1016) 
4 539 557 (-480 -1424 1016) (-480 -1480 1016) (-568 -1480 1016) (-568 -1424 1016) 
4 539 555 (-480 -1400 1016) (-480 -1424 1016) (-568 -1424 1016) (-568 -1400 1016) 
4 539 553 (-480 -1376 1016) (-480 -1400 1016) (-568 -1400 1016) (-568 -1376 1016) 
4 539 551 (-480 -1352 1016) (-480 -1376 1016) (-568 -1376 1016) (-568 -1352 1016) 
4 539 549 (-480 -1328 1016) (-480 -1352 1016) (-568 -1352 1016) (-568 -1328 1016) 
4 539 547 (-480 -1304 1016) (-480 -1328 1016) (-568 -1328 1016) (-568 -1304 1016) 
4 539 546 (-480 -1280 1016) (-480 -1304 1016) (-568 -1304 1016) (-568 -1280 1016) 
4 539 545 (-568 -1168 1016) (-480 -1168 1016) (-480 -1280 1016) (-568 -1280 1016) 
4 539 541 (-944 -1224 1016) (-944 -1568 1016) (-944 -1568 1232) (-944 -1224 1232) 
4 539 540 (-944 -1168 1232) (-944 -1168 1064) (-944 -1224 1064) (-944 -1224 1232) 
4 540 542 (-1000 -1168 1232) (-1000 -1168 1064) (-1000 -1224 1064) (-1000 -1224 1232) 
4 540 541 (-1000 -1224 1232) (-1000 -1224 1064) (-944 -1224 1064) (-944 -1224 1232) 
4 541 542 (-1000 -1224 1016) (-1000 -1568 1016) (-1000 -1568 1232) (-1000 -1224 1232) 
4 543 601 (-1280 -2096 1016) (-1264 -2096 1016) (-1264 -2096 1240) (-1280 -2096 1240) 
4 543 579 (-1264 -2096 1016) (-1280 -2096 1016) (-1280 -904 1016) (-1264 -904 1016) 
4 544 603 (-1408 -2096 1016) (-1280 -2096 1016) (-1280 -2096 1240) (-1408 -2096 1240) 
4 544 581 (-1280 -2096 1016) (-1408 -2096 1016) (-1408 -904 1016) (-1280 -904 1016) 
4 545 558 (-568 -904 904) (-568 -1280 904) (-568 -1280 1016) (-568 -904 1016) 
4 545 546 (-568 -1280 1016) (-568 -1280 912) (-480 -1280 912) (-480 -1280 1016) 
4 546 558 (-568 -1304 912) (-568 -1304 1016) (-568 -1280 1016) (-568 -1280 912) 
4 546 547 (-568 -1304 1016) (-568 -1304 920) (-480 -1304 920) (-480 -1304 1016) 
4 547 558 (-568 -1328 920) (-568 -1328 1016) (-568 -1304 1016) (-568 -1304 920) 
4 547 549 (-568 -1328 1016) (-568 -1328 928) (-480 -1328 928) (-480 -1328 1016) 
3 548 558 (-568 -1304 904) (-568 -1328 904) (-568 -1328 912.0000000000001) 
4 548 550 (-568 -1328 912.0000000000001) (-568 -1328 904) (-480 -1328 904) (-480 -1328 912.0000000000001) 
4 549 558 (-568 -1352 928) (-568 -1352 1016) (-568 -1328 1016) (-568 -1328 928) 
4 549 551 (-568 -1352 1016) (-568 -1352 936) (-480 -1352 936) (-480 -1352 1016) 
4 550 558 (-568 -1328 904) (-568 -1352 904) (-568 -1352 920.0000000000001) (-568 -1328 912.0000000000001) 
4 550 552 (-568 -1352 920.0000000000001) (-568 -1352 904) (-480 -1352 904) (-480 -1352 920.0000000000001) 
4 551 558 (-568 -1376 936) (-568 -1376 1016) (-568 -1352 1016) (-568 -1352 936) 
4 551 553 (-568 -1376 1016) (-568 -1376 944) (-480 -1376 944) (-480 -1376 1016) 
4 552 558 (-568 -1352 904) (-568 -1376 904) (-568 -1376 928.0000000000001) (-568 -1352 920.0000000000001) 
4 552 554 (-568 -1376 928.0000000000001) (-568 -1376 904) (-480 -1376 904) (-480 -1376 928.0000000000001) 
4 553 558 (-568 -1400 944) (-568 -1400 1016) (-568 -1376 1016) (-568 -1376 944) 
4 553 555 (-568 -1400 1016) (-568 -1400 952) (-480 -1400 952) (-480 -1400 1016) 
4 554 558 (-568 -1376 904) (-568 -1400 904) (-568 -1400 936.0000000000001) (-568 -1376 928.0000000000001) 
4 554 556 (-568 -1400 936.0000000000001) (-568 -1400 904) (-480 -1400 904) (-480 -1400 936.0000000000001) 
4 555 558 (-568 -1424 952) (-568 -1424 1016) (-568 -1400 1016) (-568 -1400 952) 
4 555 557 (-568 -1424 1016) (-568 -1424 952) (-480 -1424 952) (-480 -1424 1016) 
4 556 558 (-568 -1400 904) (-568 -1424 904) (-568 -1424 944.0000000000001) (-568 -1400 936.0000000000001) 
4 557 562 (-480 -1480 952) (-480 -1480 1016) (-568 -1480 1016) (-568 -1480 952) 
4 557 559 (-568 -1480 952) (-568 -1480 1016) (-568 -1424 1016) (-568 -1424 952) 
4 558 559 (-904 -1424 1016) (-904 -1424 952) (-568 -1424 952) (-568 -1424 1016) 
3 559 570 (-904 -1480 999.9999999999999) (-904 -1480 952) (-760 -1480 952) 
4 559 569 (-904 -1480 1016) (-904 -1480 1008) (-880 -1480 1008) (-880 -1480 1016) 
4 559 568 (-856 -1480 1000) (-856 -1480 1016) (-880 -1480 1016) (-880 -1480 1000) 
4 559 567 (-832 -1480 992) (-832 -1480 1016) (-856 -1480 1016) (-856 -1480 992) 
4 559 566 (-808 -1480 984) (-808 -1480 1016) (-832 -1480 1016) (-832 -1480 984) 
4 559 565 (-784 -1480 976) (-784 -1480 1016) (-808 -1480 1016) (-808 -1480 976) 
4 559 564 (-760 -1480 968) (-760 -1480 1016) (-784 -1480 1016) (-784 -1480 968) 
4 559 563 (-736 -1480 960) (-736 -1480 1016) (-760 -1480 1016) (-760 -1480 960) 
4 559 562 (-736 -1480 952) (-568 -1480 952) (-568 -1480 1016) (-736 -1480 1016) 
4 560 575 (-904 -1480 -192) (-904 -1480 888) (-904 -904 888) (-904 -904 -192) 
4 560 571 (-904 -1480 888) (-904 -1480 -192) (-480 -1480 -192) (-480 -1480 888) 
4 561 577 (-904 -1480 -208) (-904 -1480 -192) (-904 -904 -192) (-904 -904 -208) 
4 561 572 (-904 -1480 -192) (-904 -1480 -208) (-480 -1480 -208) (-480 -1480 -192) 
4 562 563 (-736 -1480 1016) (-736 -1480 960) (-736 -1568 960) (-736 -1568 1016) 
4 563 564 (-760 -1480 1016) (-760 -1480 968) (-760 -1568 968) (-760 -1568 1016) 
4 564 565 (-784 -1480 1016) (-784 -1480 976) (-784 -1568 976) (-784 -1568 1016) 
4 565 566 (-808 -1480 1016) (-808 -1480 984) (-808 -1568 984) (-808 -1568 1016) 
4 566 567 (-832 -1480 1016) (-832 -1480 992) (-832 -1568 992) (-832 -1568 1016) 
4 567 568 (-856 -1480 1016) (-856 -1480 1000) (-856 -1568 1000) (-856 -1568 1016) 
4 568 569 (-880 -1480 1016) (-880 -1480 1008) (-880 -1568 1008) (-880 -1568 1016) 
4 571 575 (-904 -1568 -192) (-904 -1568 888) (-904 -1480 888) (-904 -1480 -192) 
4 571 573 (-904 -1568 16) (-904 -1568 -192) (-480 -1568 -192) (-480 -1568 16) 
4 572 577 (-904 -1568 -208) (-904 -1568 -192) (-904 -1480 -192) (-904 -1480 -208) 
4 572 574 (-904 -1568 -192) (-904 -1568 -208) (-480 -1568 -208) (-480 -1568 -192) 
4 573 598 (-480 -2096 -192) (-480 -2096 16) (-904 -2096 16) (-904 -2096 -192) 
4 573 576 (-904 -2096 -192) (-904 -2096 16) (-904 -1568 16) (-904 -1568 -192) 
4 574 599 (-480 -2096 -208) (-480 -2096 -192) (-904 -2096 -192) (-904 -2096 -208) 
4 574 577 (-904 -2096 -208) (-904 -2096 -192) (-904 -1568 -192) (-904 -1568 -208) 
4 575 578 (-1112 -904 16) (-1112 -904 -192) (-1112 -1568 -192) (-1112 -1568 16) 
4 575 576 (-1112 -1568 -192) (-904 -1568 -192) (-904 -1568 16) (-1112 -1568 16) 
4 576 598 (-904 -2096 -192) (-904 -2096 16) (-1112 -2096 16) (-1112 -2096 -192) 
4 576 578 (-1112 -2096 -192) (-1112 -2096 16) (-1112 -1568 16) (-1112 -1568 -192) 
4 577 599 (-904 -2096 -208) (-904 -2096 -192) (-1112 -2096 -192) (-1112 -2096 -208) 
4 577 580 (-1112 -2096 -208) (-1112 -2096 -192) (-1112 -904 -192) (-1112 -904 -208) 
4 578 600 (-1112 -2096 -192) (-1112 -2096 16) (-1264 -2096 16) (-1264 -2096 -192) 
4 578 579 (-1264 -904 -192) (-1264 -2096 -192) (-1264 -2096 16) (-1264 -904 16) 
4 579 601 (-1264 -2096 1016) (-1280 -2096 1016) (-1280 -2096 -192) (-1264 -2096 -192) 
4 580 602 (-1112 -2096 -208) (-1112 -2096 -192) (-1280 -2096 -192) (-1280 -2096 -208) 
4 580 582 (-1280 -2096 -208) (-1280 -2096 -192) (-1280 -904 -192) (-1280 -904 -208) 
4 581 603 (-1408 -2096 -192) (-1280 -2096 -192) (-1280 -2096 1016) (-1408 -2096 1016) 
4 581 584 (-1408 -904 -192) (-1344 -904 -192) (-1344 -2096 -192) (-1408 -2096 -192) 
4 581 582 (-1344 -904 -192) (-1280 -904 -192) (-1280 -2096 -192) (-1344 -2096 -192) 
4 582 604 (-1280 -2096 -208) (-1280 -2096 -192) (-1344 -2096 -192) (-1344 -2096 -208) 
4 582 584 (-1344 -2096 -208) (-1344 -2096 -192) (-1344 -904 -192) (-1344 -904 -208) 
4 582 583 (-1344 -2096 -208) (-1344 -904 -208) (-1280 -904 -208) (-1280 -2096 -208) 
4 583 605 (-1280 -2096 -256) (-1280 -2096 -208) (-1344 -2096 -208) (-1344 -2096 -256) 
4 583 584 (-1344 -2096 -256) (-1344 -2096 -208) (-1344 -904 -208) (-1344 -904 -256) 
4 584 606 (-1344 -2096 -256) (-1344 -2096 -192) (-1408 -2096 -192) (-1408 -2096 -256) 
4 585 587 (-504 -2096 1240) (-504 -2096 1176) (-504 -2248 1176) (-504 -2248 1240) 
4 586 597 (-480 -2248 1120) (-504 -2248 1120) (-504 -2096 1120) (-480 -2096 1120) 
4 586 588 (-504 -2096 1152) (-504 -2096 1120) (-504 -2248 1120) (-504 -2248 1152) 
4 587 589 (-528 -2096 1240) (-528 -2096 1168) (-528 -2248 1168) (-528 -2248 1240) 
4 588 597 (-504 -2248 1120) (-528 -2248 1120) (-528 -2096 1120) (-504 -2096 1120) 
4 588 590 (-528 -2096 1144) (-528 -2096 1120) (-528 -2248 1120) (-528 -2248 1144) 
4 589 591 (-552 -2096 1240) (-552 -2096 1160) (-552 -2248 1160) (-552 -2248 1240) 
4 590 597 (-528 -2248 1120) (-552 -2248 1120) (-552 -2096 1120) (-528 -2096 1120) 
4 590 592 (-552 -2096 1136) (-552 -2096 1120) (-552 -2248 1120) (-552 -2248 1136) 
4 591 593 (-576 -2096 1240) (-576 -2096 1152) (-576 -2248 1152) (-576 -2248 1240) 
4 592 597 (-552 -2248 1120) (-576 -2248 1120) (-576 -2096 1120) (-552 -2096 1120) 
4 592 594 (-576 -2096 1128) (-576 -2096 1120) (-576 -2248 1120) (-576 -2248 1128) 
4 593 595 (-600 -2096 1240) (-600 -2096 1144) (-600 -2248 1144) (-600 -2248 1240) 
4 594 597 (-576 -2248 1120) (-600 -2248 1120) (-600 -2096 1120) (-576 -2096 1120) 
4 595 596 (-624 -2096 1240) (-624 -2096 1136) (-624 -2248 1136) (-624 -2248 1240) 
4 596 611 (-664 -2248 1240) (-1112 -2248 1240) (-1112 -2248 1128) (-664 -2248 1128) 
4 597 617 (-664 -2248 1120) (-1112 -2248 1120) (-1112 -2248 32) (-664 -2248 32) 
4 597 614 (-480 -2248 32) (-480 -2248 1064) (-664 -2248 1064) (-664 -2248 32) 
4 598 618 (-480 -2248 -192) (-480 -2248 16) (-1112 -2248 16) (-1112 -2248 -192) 
4 598 600 (-1112 -2096 16) (-1112 -2096 -192) (-1112 -2248 -192) (-1112 -2248 16) 
4 599 619 (-480 -2248 -208) (-480 -2248 -192) (-1112 -2248 -192) (-1112 -2248 -208) 
4 599 602 (-1112 -2096 -192) (-1112 -2096 -208) (-1112 -2248 -208) (-1112 -2248 -192) 
4 600 622 (-1112 -2248 -192) (-1112 -2248 16) (-1264 -2248 16) (-1264 -2248 -192) 
4 600 601 (-1264 -2096 16) (-1264 -2096 -192) (-1264 -2248 -192) (-1264 -2248 16) 
4 601 623 (-1264 -2248 1240) (-1280 -2248 1240) (-1280 -2248 -192) (-1264 -2248 -192) 
4 602 624 (-1112 -2248 -208) (-1112 -2248 -192) (-1280 -2248 -192) (-1280 -2248 -208) 
4 602 604 (-1280 -2096 -192) (-1280 -2096 -208) (-1280 -2248 -208) (-1280 -2248 -192) 
4 603 625 (-1408 -2248 -192) (-1280 -2248 -192) (-1280 -2248 1240) (-1408 -2248 1240) 
4 603 606 (-1408 -2096 -192) (-1344 -2096 -192) (-1344 -2248 -192) (-1408 -2248 -192) 
4 603 604 (-1344 -2096 -192) (-1280 -2096 -192) (-1280 -2248 -192) (-1344 -2248 -192) 
4 604 626 (-1280 -2248 -208) (-1280 -2248 -192) (-1344 -2248 -192) (-1344 -2248 -208) 
4 604 606 (-1344 -2248 -208) (-1344 -2248 -192) (-1344 -2096 -192) (-1344 -2096 -208) 
4 604 605 (-1344 -2248 -208) (-1344 -2096 -208) (-1280 -2096 -208) (-1280 -2248 -208) 
4 605 627 (-1280 -2248 -256) (-1280 -2248 -208) (-1344 -2248 -208) (-1344 -2248 -256) 
4 605 606 (-1344 -2248 -256) (-1344 -2248 -208) (-1344 -2096 -208) (-1344 -2096 -256) 
4 606 628 (-1344 -2248 -256) (-1344 -2248 -192) (-1408 -2248 -192) (-1408 -2248 -256) 
4 607 615 (-664 -2576 1128) (-664 -2264 1128) (-480 -2264 1128) (-480 -2576 1128) 
4 607 611 (-664 -2264 1128) (-664 -2568 1128) (-664 -2568 1240) (-664 -2264 1240) 
4 607 609 (-664 -2576 1144) (-664 -2576 1128) (-480 -2576 1128) (-480 -2576 1144) 
4 607 608 (-664 -2576 1240) (-664 -2576 1152) (-480 -2576 1152) (-480 -2576 1240) 
4 608 610 (-664 -2584 1240) (-664 -2584 1152) (-480 -2584 1152) (-480 -2584 1240) 
4 609 610 (-664 -2584 1144) (-664 -2584 1128) (-480 -2584 1128) (-480 -2584 1144) 
4 610 612 (-664 -2584 1128) (-664 -2680 1128) (-664 -2680 1240) (-664 -2584 1240) 
4 611 613 (-1112 -2568 1240) (-1112 -2568 1128) (-672 -2568 1128) (-672 -2568 1240) 
4 612 613 (-672 -2584 1128) (-672 -2680 1128) (-672 -2680 1240) (-672 -2584 1240) 
4 614 617 (-664 -2248 32) (-664 -2264 32) (-664 -2264 1064) (-664 -2248 1064) 
4 614 615 (-664 -2264 1064) (-664 -2264 32) (-480 -2264 32) (-480 -2264 1064) 
4 615 617 (-664 -2264 32) (-664 -2576 32) (-664 -2576 1120) (-664 -2264 1120) 
4 615 616 (-664 -2576 1120) (-664 -2576 32) (-480 -2576 32) (-480 -2576 1120) 
4 616 617 (-664 -2576 32) (-664 -2680 32) (-664 -2680 1120) (-664 -2576 1120) 
4 618 622 (-1112 -2248 16) (-1112 -2248 -192) (-1112 -2680 -192) (-1112 -2680 16) 
4 618 620 (-480 -2680 -192) (-480 -2680 16) (-1112 -2680 16) (-1112 -2680 -192) 
4 619 624 (-1112 -2248 -192) (-1112 -2248 -208) (-1112 -2680 -208) (-1112 -2680 -192) 
4 619 621 (-480 -2680 -208) (-480 -2680 -192) (-1112 -2680 -192) (-1112 -2680 -208) 
4 620 622 (-1112 -2688 -192) (-1112 -2688 16) (-1112 -2680 16) (-1112 -2680 -192) 
4 621 630 (-480 -2688 -208) (-480 -2688 -192) (-1112 -2688 -192) (-1112 -2688 -208) 
4 621 624 (-1112 -2688 -208) (-1112 -2688 -192) (-1112 -2680 -192) (-1112 -2680 -208) 
4 622 623 (-1264 -2248 16) (-1264 -2248 -192) (-1264 -2688 -192) (-1264 -2688 16) 
4 624 630 (-1112 -2688 -208) (-1112 -2688 -192) (-1280 -2688 -192) (-1280 -2688 -208) 
4 624 626 (-1280 -2248 -192) (-1280 -2248 -208) (-1280 -2688 -208) (-1280 -2688 -192) 
4 625 629 (-1408 -2688 -192) (-1280 -2688 -192) (-1280 -2688 1240) (-1408 -2688 1240) 
4 625 628 (-1408 -2248 -192) (-1344 -2248 -192) (-1344 -2688 -192) (-1408 -2688 -192) 
4 625 626 (-1344 -2248 -192) (-1280 -2248 -192) (-1280 -2688 -192) (-1344 -2688 -192) 
4 626 630 (-1280 -2688 -208) (-1280 -2688 -192) (-1344 -2688 -192) (-1344 -2688 -208) 
4 626 628 (-1344 -2688 -208) (-1344 -2688 -192) (-1344 -2248 -192) (-1344 -2248 -208) 
4 626 627 (-1344 -2688 -208) (-1344 -2248 -208) (-1280 -2248 -208) (-1280 -2688 -208) 
4 627 628 (-1344 -2688 -256) (-1344 -2688 -208) (-1344 -2248 -208) (-1344 -2248 -256) 
4 629 630 (-1344 -2688 -192) (-480 -2688 -192) (-480 -2816 -192) (-1344 -2816 -192) 
0 -1
1 -1
2 -1
3 -1
4 -1
5 -1
6 -1
7 -1
8 -1
9 -1
10 -1
11 -1
12 -1
13 -1
14 -1
15 -1
16 -1
17 -1
18 -1
19 -1
20 -1
21 -1
22 -1
23 -1
24 -1
25 -1
26 -1
27 -1
28 -1
29 30 31 32 -1
33 -1
34 -1
35 -1
36 -1
37 -1
38 -1
39 40 41 -1
42 -1
43 44 45 -1
46 -1
47 -1
48 -1
49 -1
50 51 -1
52 53 -1
54 -1
55 56 -1
57 -1
58 59 60 61 -1
62 -1
63 -1
64 65 -1
66 67 68 69 70 71 -1
72 73 74 75 -1
76 -1
77 -1
78 -1
79 -1
80 -1
81 -1
82 -1
83 -1
84 -1
85 -1
86 -1
87 -1
88 -1
89 -1
90 -1
91 -1
92 -1
93 -1
94 -1
95 96 97 98 99 100 101 102 103 104 105 106 107 108 -1
109 -1
110 -1
111 -1
112 -1
113 -1
114 -1
115 -1
116 -1
117 -1
118 -1
119 -1
120 121 -1
122 -1
123 -1
124 -1
125 -1
126 -1
127 -1
128 -1
129 -1
130 -1
131 -1
132 -1
133 -1
134 135 136 137 138 139 140 141 142 143 144 145 146 147 148 149 150 151 -1
152 -1
153 -1
154 -1
155 -1
156 -1
157 -1
158 -1
159 -1
160 -1
161 -1
162 -1
163 -1
164 165 166 167 168 -1
169 170 -1
171 -1
172 173 -1
174 -1
175 -1
176 -1
177 -1
178 179 180 181 -1
182 -1
183 -1
184 -1
185 -1
186 -1
187 -1
188 -1
189 -1
190 -1
191 -1
192 -1
193 -1
194 -1
195 -1
196 -1
197 -1
198 -1
199 -1
200 -1
201 -1
202 -1
203 -1
204 -1
205 -1
206 -1
207 -1
208 -1
209 -1
210 -1
211 -1
212 -1
213 -1
214 -1
215 -1
216 -1
217 -1
218 -1
219 -1
220 -1
221 -1
222 -1
223 -1
224 -1
225 -1
226 -1
227 -1
228 -1
229 -1
230 -1
231 -1
232 -1
233 -1
234 -1
235 -1
236 -1
237 -1
238 -1
239 -1
240 -1
241 -1
242 -1
243 -1
244 -1
245 -1
246 -1
247 -1
248 -1
249 -1
250 -1
251 -1
252 -1
253 -1
254 -1
255 -1
256 -1
257 -1
258 -1
259 -1
260 -1
261 -1
262 -1
263 -1
264 -1
265 -1
266 -1
267 -1
268 -1
269 -1
270 -1
271 -1
272 -1
273 -1
274 -1
275 -1
276 -1
277 -1
278 -1
279 -1
280 -1
281 -1
282 -1
283 -1
284 285 -1
286 -1
287 -1
288 -1
289 -1
290 -1
291 -1
292 -1
293 -1
294 -1
295 -1
296 -1
297 -1
298 -1
299 -1
300 -1
301 -1
302 -1
303 -1
304 -1
305 -1
306 -1
307 -1
308 -1
309 -1
310 -1
311 -1
312 313 314 315 316 317 318 319 320 321 322 323 -1
324 -1
325 -1
326 -1
327 -1
328 -1
329 -1
330 -1
331 -1
332 333 334 335 336 337 338 339 340 341 342 343 344 345 346 347 -1
348 -1
349 -1
350 -1
351 -1
352 -1
353 -1
354 -1
355 -1
356 -1
357 -1
358 -1
359 -1
360 -1
361 362 363 -1
364 -1
365 -1
366 -1
367 368 369 -1
370 -1
371 -1
372 -1
373 -1
374 -1
375 -1
376 377 378 379 380 381 382 383 384 385 386 387 388 -1
389 -1
390 -1
391 -1
392 -1
393 -1
394 -1
395 -1
396 -1
397 -1
398 -1
399 400 401 402 403 404 -1
405 406 -1
407 -1
408 -1
409 -1
410 -1
411 412 413 -1
414 415 416 417 -1
418 -1
419 -1
420 -1
421 -1
422 -1
423 -1
424 -1
425 -1
426 -1
427 428 -1
429 430 431 432 -1
433 -1
434 -1
435 -1
436 -1
437 438 -1
439 -1
440 -1
441 -1
442 -1
443 -1
444 -1
445 -1
446 -1
447 -1
448 449 -1
450 451 452 453 -1
454 -1
455 -1
456 -1
457 -1
458 -1
459 460 -1
461 -1
462 -1
463 -1
464 -1
465 -1
466 -1
467 -1
468 -1
469 -1
470 -1
471 -1
472 -1
473 -1
474 -1
475 -1
476 -1
477 -1
478 -1
479 -1
480 -1
481 -1
482 -1
483 -1
484 -1
485 -1
486 -1
487 -1
488 -1
489 -1
490 -1
491 -1
492 -1
493 -1
494 -1
495 -1
496 -1
497 -1
498 -1
499 -1
500 -1
501 -1
502 -1
503 -1
504 -1
505 -1
506 -1
507 -1
508 509 510 511 512 513 514 515 516 517 518 519 520 521 522 523 524 -1
525 -1
526 -1
527 -1
528 -1
529 -1
530 -1
531 -1
532 -1
533 -1
534 -1
535 -1
536 -1
537 -1
538 -1
539 -1
540 -1
541 -1
542 -1
543 -1
544 -1
545 -1
546 -1
547 -1
548 -1
549 -1
550 -1
551 552 -1
553 -1
554 -1
555 -1
556 -1
557 -1
558 -1
559 560 561 562 563 -1
564 -1
565 -1
566 -1
567 -1
568 -1
569 -1
570 -1
571 -1
572 -1
573 -1
574 -1
575 -1
576 -1
577 -1
578 -1
579 -1
580 -1
581 -1
582 -1
583 -1
584 -1
585 -1
586 -1
587 -1
588 -1
589 -1
590 -1
591 -1
592 -1
593 -1
594 -1
595 -1
596 -1
597 -1
598 -1
599 -1
600 -1
601 -1
602 -1
603 -1
604 -1
605 -1
606 -1
607 -1
608 -1
609 -1
610 -1
611 -1
612 -1
613 -1
614 -1
615 -1
616 -1
617 -1
618 -1
619 -1
620 -1
621 -1
622 -1
623 -1
624 -1
625 -1
626 -1
627 -1
628 -1
629 -1
630 -1
631 -1
632 -1
633 -1
634 -1
635 -1
636 -1
637 -1
638 -1
639 -1
640 -1
641 -1
642 -1
643 -1
644 -1
645 -1
646 -1
647 -1
648 -1
649 -1
650 -1
651 -1
652 -1
653 -1
654 -1
655 -1
656 -1
657 -1
658 -1
659 -1
660 -1
661 -1
662 -1
663 -1
664 -1
665 -1
666 -1
667 -1
668 -1
669 -1
670 -1
671 -1
672 -1
673 -1
674 -1
675 -1
676 -1
677 -1
678 -1
679 -1
680 -1
681 -1
682 -1
683 -1
684 -1
685 -1
686 -1
687 -1
688 -1
689 -1
690 -1
691 -1
692 -1
693 -1
694 -1
695 -1
696 -1
697 -1
698 -1
699 -1
700 -1
701 -1
702 -1
703 -1
704 -1
705 -1
706 -1
707 -1
708 -1
709 -1
710 -1
711 -1
712 -1
713 -1
714 -1
715 -1
716 -1
717 -1
718 -1
719 -1
720 -1
721 -1
722 -1
723 -1
724 -1
725 -1
726 -1
727 -1
728 -1
729 -1
730 -1
731 -1
732 -1
733 -1
734 -1
735 -1
736 -1
737 -1
738 -1
739 -1
740 -1
741 -1
742 -1
743 -1
744 -1
745 -1
746 -1
747 -1
748 -1
749 -1
750 -1
751 -1
752 -1
753 -1
754 -1
755 -1
756 -1
757 -1
758 759 760 -1
761 -1
762 -1
763 -1
764 -1
765 -1
766 -1
767 -1
768 -1
769 -1
770 -1
771 -1
772 -1
773 -1
774 -1
775 -1
776 -1
777 -1
778 -1
779 -1
