This file contains any messages produced by compilers while
running configure, to aid debugging if configure makes a mistake.

It was created by configure, which was
generated by GNU Autoconf 2.71.  Invocation command line was

  $ ./configure

## --------- ##
## Platform. ##
## --------- ##

hostname = archlinux
uname -m = x86_64
uname -r = 6.18.5-arch1-1
uname -s = Linux
uname -v = #1 SMP PREEMPT_DYNAMIC Sun, 11 Jan 2026 17:10:53 +0000

/usr/bin/uname -p = unknown
/bin/uname -X     = unknown

/bin/arch              = unknown
/usr/bin/arch -k       = unknown
/usr/convex/getsysinfo = unknown
/usr/bin/hostinfo      = unknown
/bin/machine           = unknown
/usr/bin/oslevel       = unknown
/bin/universe          = unknown

PATH: /usr/local/sbin/
PATH: /usr/local/bin/
PATH: /usr/bin/
PATH: /usr/bin/site_perl/
PATH: /usr/bin/vendor_perl/
PATH: /usr/bin/core_perl/


## ----------- ##
## Core tests. ##
## ----------- ##

configure:3355: looking for aux files: install-sh config.guess config.sub ltmain.sh
configure:3368:  trying ./build-scripts/
configure:3379:   ./build-scripts/install-sh found
configure:3397:   ./build-scripts/config.guess found
configure:3397:   ./build-scripts/config.sub found
configure:3397:   ./build-scripts/ltmain.sh found
configure:3574: checking build system type
configure:3589: result: x86_64-pc-linux-gnu
configure:3609: checking host system type
configure:3623: result: x86_64-pc-linux-gnu
configure:3664: checking how to print strings
configure:3691: result: printf
configure:3774: checking for gcc
configure:3795: found /usr/bin/gcc
configure:3806: result: gcc
configure:4159: checking for C compiler version
configure:4168: gcc --version >&5
gcc (GCC) 15.2.1 20260103
Copyright (C) 2025 Free Software Foundation, Inc.
This is free software; see the source for copying conditions.  There is NO
warranty; not even for MERCHANTABILITY or FITNESS FOR A PARTICULAR PURPOSE.

configure:4179: $? = 0
configure:4168: gcc -v >&5
Using built-in specs.
COLLECT_GCC=gcc
COLLECT_LTO_WRAPPER=/usr/lib/gcc/x86_64-pc-linux-gnu/15.2.1/lto-wrapper
Target: x86_64-pc-linux-gnu
Configured with: /build/gcc/src/gcc/configure --enable-languages=ada,c,c++,d,fortran,go,lto,m2,objc,obj-c++,rust,cobol --enable-bootstrap --prefix=/usr --libdir=/usr/lib --libexecdir=/usr/lib --mandir=/usr/share/man --infodir=/usr/share/info --with-bugurl=https://gitlab.archlinux.org/archlinux/packaging/packages/gcc/-/issues --with-build-config=bootstrap-lto --with-linker-hash-style=gnu --with-system-zlib --enable-__cxa_atexit --enable-cet=auto --enable-checking=release --enable-clocale=gnu --enable-default-pie --enable-default-ssp --enable-gnu-indirect-function --enable-gnu-unique-object --enable-libstdcxx-backtrace --enable-link-serialization=1 --enable-linker-build-id --enable-lto --enable-multilib --enable-plugin --enable-shared --enable-threads=posix --disable-libssp --disable-libstdcxx-pch --disable-werror
Thread model: posix
Supported LTO compression algorithms: zlib zstd
gcc version 15.2.1 20260103 (GCC) 
configure:4179: $? = 0
configure:4168: gcc -V >&5
gcc: error: unrecognized command-line option '-V'
gcc: fatal error: no input files
compilation terminated.
configure:4179: $? = 1
configure:4168: gcc -qversion >&5
gcc: error: unrecognized command-line option '-qversion'; did you mean '--version'?
gcc: fatal error: no input files
compilation terminated.
configure:4179: $? = 1
configure:4168: gcc -version >&5
gcc: error: unrecognized command-line option '-version'
gcc: fatal error: no input files
compilation terminated.
configure:4179: $? = 1
configure:4199: checking whether the C compiler works
configure:4221: gcc    conftest.c  >&5
configure:4225: $? = 0
configure:4275: result: yes
configure:4278: checking for C compiler default output file name
configure:4280: result: a.out
configure:4286: checking for suffix of executables
configure:4293: gcc -o conftest    conftest.c  >&5
configure:4297: $? = 0
configure:4320: result: 
configure:4342: checking whether we are cross compiling
configure:4350: gcc -o conftest    conftest.c  >&5
configure:4354: $? = 0
configure:4361: ./conftest
configure:4365: $? = 0
configure:4380: result: no
configure:4385: checking for suffix of object files
configure:4408: gcc -c   conftest.c >&5
configure:4412: $? = 0
configure:4434: result: o
configure:4438: checking whether the compiler supports GNU C
configure:4458: gcc -c   conftest.c >&5
configure:4458: $? = 0
configure:4468: result: yes
configure:4479: checking whether gcc accepts -g
configure:4500: gcc -c -g  conftest.c >&5
configure:4500: $? = 0
configure:4544: result: yes
configure:4564: checking for gcc option to enable C11 features
configure:4579: gcc  -c -g -O2  conftest.c >&5
conftest.c: In function 'e':
conftest.c:23:14: warning: old-style function definition [-Wold-style-definition]
   23 | static char *e (p, i)
      |              ^
configure:4579: $? = 0
configure:4597: result: none needed
configure:4707: checking for a sed that does not truncate output
configure:4777: result: /usr/bin/sed
configure:4795: checking for grep that handles long lines and -e
configure:4859: result: /usr/bin/grep
configure:4864: checking for egrep
configure:4932: result: /usr/bin/grep -E
configure:4937: checking for fgrep
configure:5005: result: /usr/bin/grep -F
configure:5041: checking for ld used by gcc
configure:5109: result: /usr/bin/ld
configure:5116: checking if the linker (/usr/bin/ld) is GNU ld
configure:5132: result: yes
configure:5144: checking for BSD- or MS-compatible name lister (nm)
configure:5199: result: /usr/bin/nm -B
configure:5339: checking the name lister (/usr/bin/nm -B) interface
configure:5347: gcc -c -g -O2  conftest.c >&5
configure:5350: /usr/bin/nm -B "conftest.o"
configure:5353: output
0000000000000000 B some_variable
configure:5360: result: BSD nm
configure:5363: checking whether ln -s works
configure:5367: result: yes
configure:5375: checking the maximum length of command line arguments
configure:5507: result: 3145728
configure:5555: checking how to convert x86_64-pc-linux-gnu file names to x86_64-pc-linux-gnu format
configure:5596: result: func_convert_file_noop
configure:5603: checking how to convert x86_64-pc-linux-gnu file names to toolchain format
configure:5624: result: func_convert_file_noop
configure:5631: checking for /usr/bin/ld option to reload object files
configure:5639: result: -r
configure:5718: checking for objdump
configure:5739: found /usr/bin/objdump
configure:5750: result: objdump
configure:5779: checking how to recognize dependent libraries
configure:5982: result: pass_all
configure:6072: checking for dlltool
configure:6107: result: no
configure:6134: checking how to associate runtime and link libraries
configure:6162: result: printf %s\n
configure:6228: checking for ar
configure:6249: found /usr/bin/ar
configure:6260: result: ar
configure:6297: checking for archiver @FILE support
configure:6315: gcc -c -g -O2  conftest.c >&5
configure:6315: $? = 0
configure:6319: ar cru libconftest.a @conftest.lst >&5
ar: `u' modifier ignored since `D' is the default (see `U')
configure:6322: $? = 0
configure:6327: ar cru libconftest.a @conftest.lst >&5
ar: `u' modifier ignored since `D' is the default (see `U')
ar: conftest.o: No such file or directory
configure:6330: $? = 1
configure:6342: result: @
configure:6405: checking for strip
configure:6426: found /usr/bin/strip
configure:6437: result: strip
configure:6514: checking for ranlib
configure:6535: found /usr/bin/ranlib
configure:6546: result: ranlib
configure:6616: checking for gawk
configure:6637: found /usr/bin/gawk
configure:6648: result: gawk
configure:6688: checking command to parse /usr/bin/nm -B output from gcc object
configure:6842: gcc -c -g -O2  conftest.c >&5
configure:6845: $? = 0
configure:6849: /usr/bin/nm -B conftest.o \| sed -n -e 's/^.*[ ]\([ABCDGIRSTW][ABCDGIRSTW]*\)[ ][ ]*\([_A-Za-z][_A-Za-z0-9]*\)$/\1 \2 \2/p' | sed '/ __gnu_lto/d' \> conftest.nm
configure:6852: $? = 0
configure:6918: gcc -o conftest -g -O2   conftest.c conftstm.o >&5
configure:6921: $? = 0
configure:6959: result: ok
configure:7006: checking for sysroot
configure:7037: result: no
configure:7044: checking for a working dd
configure:7088: result: /usr/bin/dd
configure:7092: checking how to truncate binary pipes
configure:7108: result: /usr/bin/dd bs=4096 count=1
configure:7245: gcc -c -g -O2  conftest.c >&5
configure:7248: $? = 0
configure:7445: checking for mt
configure:7480: result: no
configure:7500: checking if : is a manifest tool
configure:7507: : '-?'
configure:7515: result: no
configure:8282: checking for stdio.h
configure:8282: gcc -c -g -O2  conftest.c >&5
configure:8282: $? = 0
configure:8282: result: yes
configure:8282: checking for stdlib.h
configure:8282: gcc -c -g -O2  conftest.c >&5
configure:8282: $? = 0
configure:8282: result: yes
configure:8282: checking for string.h
configure:8282: gcc -c -g -O2  conftest.c >&5
configure:8282: $? = 0
configure:8282: result: yes
configure:8282: checking for inttypes.h
configure:8282: gcc -c -g -O2  conftest.c >&5
configure:8282: $? = 0
configure:8282: result: yes
configure:8282: checking for stdint.h
configure:8282: gcc -c -g -O2  conftest.c >&5
configure:8282: $? = 0
configure:8282: result: yes
configure:8282: checking for strings.h
configure:8282: gcc -c -g -O2  conftest.c >&5
configure:8282: $? = 0
configure:8282: result: yes
configure:8282: checking for sys/stat.h
configure:8282: gcc -c -g -O2  conftest.c >&5
configure:8282: $? = 0
configure:8282: result: yes
configure:8282: checking for sys/types.h
configure:8282: gcc -c -g -O2  conftest.c >&5
configure:8282: $? = 0
configure:8282: result: yes
configure:8282: checking for unistd.h
configure:8282: gcc -c -g -O2  conftest.c >&5
configure:8282: $? = 0
configure:8282: result: yes
configure:8307: checking for dlfcn.h
configure:8307: gcc -c -g -O2  conftest.c >&5
configure:8307: $? = 0
configure:8307: result: yes
configure:8894: checking for objdir
configure:8910: result: .libs
configure:9174: checking if gcc supports -fno-rtti -fno-exceptions
configure:9193: gcc -c -g -O2  -fno-rtti -fno-exceptions conftest.c >&5
cc1: warning: command-line option '-fno-rtti' is valid for C++/D/ObjC++ but not for C
configure:9197: $? = 0
configure:9210: result: no
configure:9568: checking for gcc option to produce PIC
configure:9576: result: -fPIC -DPIC
configure:9584: checking if gcc PIC flag -fPIC -DPIC works
configure:9603: gcc -c -g -O2  -fPIC -DPIC -DPIC conftest.c >&5
configure:9607: $? = 0
configure:9620: result: yes
configure:9649: checking if gcc static flag -static works
configure:9678: result: yes
configure:9693: checking if gcc supports -c -o file.o
configure:9715: gcc -c -g -O2  -o out/conftest2.o conftest.c >&5
configure:9719: $? = 0
configure:9741: result: yes
configure:9749: checking if gcc supports -c -o file.o
configure:9797: result: yes
configure:9830: checking whether the gcc linker (/usr/bin/ld -m elf_x86_64) supports shared libraries
configure:11098: result: yes
configure:11135: checking whether -lc should be explicitly linked in
configure:11144: gcc -c -g -O2  conftest.c >&5
configure:11147: $? = 0
configure:11162: gcc -shared  -fPIC -DPIC conftest.o  -v -Wl,-soname -Wl,conftest -o conftest 2\>\&1 \| /usr/bin/grep  -lc  \>/dev/null 2\>\&1
configure:11165: $? = 0
configure:11179: result: no
configure:11339: checking dynamic linker characteristics
configure:11923: gcc -o conftest -g -O2   -Wl,-rpath -Wl,/foo conftest.c  >&5
configure:11923: $? = 0
configure:12167: result: GNU/Linux ld.so
configure:12289: checking how to hardcode library paths into programs
configure:12314: result: immediate
configure:12866: checking whether stripping libraries is possible
configure:12875: result: yes
configure:12917: checking if libtool supports shared libraries
configure:12919: result: yes
configure:12922: checking whether to build shared libraries
configure:12947: result: yes
configure:12950: checking whether to build static libraries
configure:12954: result: yes
configure:13039: checking for windres
configure:13074: result: no
configure:13195: checking for gawk
configure:13227: result: gawk
configure:13291: checking for gcc
configure:13323: result: gcc
configure:13676: checking for C compiler version
configure:13685: gcc --version >&5
gcc (GCC) 15.2.1 20260103
Copyright (C) 2025 Free Software Foundation, Inc.
This is free software; see the source for copying conditions.  There is NO
warranty; not even for MERCHANTABILITY or FITNESS FOR A PARTICULAR PURPOSE.

configure:13696: $? = 0
configure:13685: gcc -v >&5
Using built-in specs.
COLLECT_GCC=gcc
COLLECT_LTO_WRAPPER=/usr/lib/gcc/x86_64-pc-linux-gnu/15.2.1/lto-wrapper
Target: x86_64-pc-linux-gnu
Configured with: /build/gcc/src/gcc/configure --enable-languages=ada,c,c++,d,fortran,go,lto,m2,objc,obj-c++,rust,cobol --enable-bootstrap --prefix=/usr --libdir=/usr/lib --libexecdir=/usr/lib --mandir=/usr/share/man --infodir=/usr/share/info --with-bugurl=https://gitlab.archlinux.org/archlinux/packaging/packages/gcc/-/issues --with-build-config=bootstrap-lto --with-linker-hash-style=gnu --with-system-zlib --enable-__cxa_atexit --enable-cet=auto --enable-checking=release --enable-clocale=gnu --enable-default-pie --enable-default-ssp --enable-gnu-indirect-function --enable-gnu-unique-object --enable-libstdcxx-backtrace --enable-link-serialization=1 --enable-linker-build-id --enable-lto --enable-multilib --enable-plugin --enable-shared --enable-threads=posix --disable-libssp --disable-libstdcxx-pch --disable-werror
Thread model: posix
Supported LTO compression algorithms: zlib zstd
gcc version 15.2.1 20260103 (GCC) 
configure:13696: $? = 0
configure:13685: gcc -V >&5
gcc: error: unrecognized command-line option '-V'
gcc: fatal error: no input files
compilation terminated.
configure:13696: $? = 1
configure:13685: gcc -qversion >&5
gcc: error: unrecognized command-line option '-qversion'; did you mean '--version'?
gcc: fatal error: no input files
compilation terminated.
configure:13696: $? = 1
configure:13685: gcc -version >&5
gcc: error: unrecognized command-line option '-version'
gcc: fatal error: no input files
compilation terminated.
configure:13696: $? = 1
configure:13700: checking whether the compiler supports GNU C
configure:13730: result: yes
configure:13741: checking whether gcc accepts -g
configure:13806: result: yes
configure:13826: checking for gcc option to enable C11 features
configure:13859: result: none needed
configure:14038: checking for g++
configure:14059: found /usr/bin/g++
configure:14070: result: g++
configure:14097: checking for C++ compiler version
configure:14106: g++ --version >&5
g++ (GCC) 15.2.1 20260103
Copyright (C) 2025 Free Software Foundation, Inc.
This is free software; see the source for copying conditions.  There is NO
warranty; not even for MERCHANTABILITY or FITNESS FOR A PARTICULAR PURPOSE.

configure:14117: $? = 0
configure:14106: g++ -v >&5
Using built-in specs.
COLLECT_GCC=g++
COLLECT_LTO_WRAPPER=/usr/lib/gcc/x86_64-pc-linux-gnu/15.2.1/lto-wrapper
Target: x86_64-pc-linux-gnu
Configured with: /build/gcc/src/gcc/configure --enable-languages=ada,c,c++,d,fortran,go,lto,m2,objc,obj-c++,rust,cobol --enable-bootstrap --prefix=/usr --libdir=/usr/lib --libexecdir=/usr/lib --mandir=/usr/share/man --infodir=/usr/share/info --with-bugurl=https://gitlab.archlinux.org/archlinux/packaging/packages/gcc/-/issues --with-build-config=bootstrap-lto --with-linker-hash-style=gnu --with-system-zlib --enable-__cxa_atexit --enable-cet=auto --enable-checking=release --enable-clocale=gnu --enable-default-pie --enable-default-ssp --enable-gnu-indirect-function --enable-gnu-unique-object --enable-libstdcxx-backtrace --enable-link-serialization=1 --enable-linker-build-id --enable-lto --enable-multilib --enable-plugin --enable-shared --enable-threads=posix --disable-libssp --disable-libstdcxx-pch --disable-werror
Thread model: posix
Supported LTO compression algorithms: zlib zstd
gcc version 15.2.1 20260103 (GCC) 
configure:14117: $? = 0
configure:14106: g++ -V >&5
g++: error: unrecognized command-line option '-V'
g++: fatal error: no input files
compilation terminated.
configure:14117: $? = 1
configure:14106: g++ -qversion >&5
g++: error: unrecognized command-line option '-qversion'; did you mean '--version'?
g++: fatal error: no input files
compilation terminated.
configure:14117: $? = 1
configure:14121: checking whether the compiler supports GNU C++
configure:14141: g++ -c   conftest.cpp >&5
configure:14141: $? = 0
configure:14151: result: yes
configure:14162: checking whether g++ accepts -g
configure:14183: g++ -c -g  conftest.cpp >&5
configure:14183: $? = 0
configure:14227: result: yes
configure:14247: checking for g++ option to enable C++11 features
configure:14262: g++  -c -g -O2  conftest.cpp >&5
conftest.cpp: In function 'int main(int, char**)':
conftest.cpp:187:25: warning: empty parentheses were disambiguated as a function declaration [-Wvexing-parse]
  187 |   cxx11test::delegate d2();
      |                         ^~
conftest.cpp:187:25: note: remove parentheses to default-initialize a variable
  187 |   cxx11test::delegate d2();
      |                         ^~
      |                         --
conftest.cpp:187:25: note: or replace parentheses with braces to value-initialize a variable
configure:14262: $? = 0
configure:14280: result: none needed
configure:14362: checking how to run the C++ preprocessor
configure:14384: g++ -E  conftest.cpp
configure:14384: $? = 0
configure:14399: g++ -E  conftest.cpp
conftest.cpp:21:10: fatal error: ac_nonexistent.h: No such file or directory
   21 | #include <ac_nonexistent.h>
      |          ^~~~~~~~~~~~~~~~~~
compilation terminated.
configure:14399: $? = 1
configure: failed program was:
| /* confdefs.h */
| #define PACKAGE_NAME ""
| #define PACKAGE_TARNAME ""
| #define PACKAGE_VERSION ""
| #define PACKAGE_STRING ""
| #define PACKAGE_BUGREPORT ""
| #define PACKAGE_URL ""
| #define HAVE_STDIO_H 1
| #define HAVE_STDLIB_H 1
| #define HAVE_STRING_H 1
| #define HAVE_INTTYPES_H 1
| #define HAVE_STDINT_H 1
| #define HAVE_STRINGS_H 1
| #define HAVE_SYS_STAT_H 1
| #define HAVE_SYS_TYPES_H 1
| #define HAVE_UNISTD_H 1
| #define STDC_HEADERS 1
| #define HAVE_DLFCN_H 1
| #define LT_OBJDIR ".libs/"
| /* end confdefs.h.  */
| #include <ac_nonexistent.h>
configure:14426: result: g++ -E
configure:14440: g++ -E  conftest.cpp
configure:14440: $? = 0
configure:14455: g++ -E  conftest.cpp
conftest.cpp:21:10: fatal error: ac_nonexistent.h: No such file or directory
   21 | #include <ac_nonexistent.h>
      |          ^~~~~~~~~~~~~~~~~~
compilation terminated.
configure:14455: $? = 1
configure: failed program was:
| /* confdefs.h */
| #define PACKAGE_NAME ""
| #define PACKAGE_TARNAME ""
| #define PACKAGE_VERSION ""
| #define PACKAGE_STRING ""
| #define PACKAGE_BUGREPORT ""
| #define PACKAGE_URL ""
| #define HAVE_STDIO_H 1
| #define HAVE_STDLIB_H 1
| #define HAVE_STRING_H 1
| #define HAVE_INTTYPES_H 1
| #define HAVE_STDINT_H 1
| #define HAVE_STRINGS_H 1
| #define HAVE_SYS_STAT_H 1
| #define HAVE_SYS_TYPES_H 1
| #define HAVE_UNISTD_H 1
| #define STDC_HEADERS 1
| #define HAVE_DLFCN_H 1
| #define LT_OBJDIR ".libs/"
| /* end confdefs.h.  */
| #include <ac_nonexistent.h>
configure:14620: checking for ld used by g++
configure:14688: result: /usr/bin/ld -m elf_x86_64
configure:14695: checking if the linker (/usr/bin/ld -m elf_x86_64) is GNU ld
configure:14711: result: yes
configure:14766: checking whether the g++ linker (/usr/bin/ld -m elf_x86_64) supports shared libraries
configure:15844: result: yes
configure:15880: g++ -c -g -O2  conftest.cpp >&5
configure:15883: $? = 0
configure:16365: checking for g++ option to produce PIC
configure:16373: result: -fPIC -DPIC
configure:16381: checking if g++ PIC flag -fPIC -DPIC works
configure:16400: g++ -c -g -O2  -fPIC -DPIC -DPIC conftest.cpp >&5
configure:16404: $? = 0
configure:16417: result: yes
configure:16440: checking if g++ static flag -static works
configure:16469: result: yes
configure:16481: checking if g++ supports -c -o file.o
configure:16503: g++ -c -g -O2  -o out/conftest2.o conftest.cpp >&5
configure:16507: $? = 0
configure:16529: result: yes
configure:16534: checking if g++ supports -c -o file.o
configure:16582: result: yes
configure:16612: checking whether the g++ linker (/usr/bin/ld -m elf_x86_64) supports shared libraries
configure:16652: result: yes
configure:16794: checking dynamic linker characteristics
configure:17549: result: GNU/Linux ld.so
configure:17614: checking how to hardcode library paths into programs
configure:17639: result: immediate
configure:17679: checking for egrep
configure:17747: result: /usr/bin/grep -E
configure:17752: checking for fgrep
configure:17820: result: /usr/bin/grep -F
configure:17840: checking for a BSD-compatible install
configure:17913: result: /usr/bin/install -c
configure:17924: checking whether make sets $(MAKE)
configure:17947: result: yes
configure:18015: checking for pkg-config
configure:18038: found /usr/bin/pkg-config
configure:18050: result: /usr/bin/pkg-config
configure:18075: checking pkg-config is at least version 0.9.0
configure:18078: result: yes
configure:18095: checking for gsort
configure:18130: result: no
configure:18095: checking for sort
configure:18116: found /usr/bin/sort
configure:18127: result: sort
configure:18153: checking for special C compiler options needed for large files
configure:18201: result: no
configure:18207: checking for _FILE_OFFSET_BITS value needed for large files
configure:18233: gcc -c -g -O2  conftest.c >&5
configure:18233: $? = 0
configure:18267: result: no
configure:18482: checking for an ANSI C-conforming const
configure:18549: gcc -c -g -O2 -Iinclude -I/home/kai/SDl2/include -idirafter /home/kai/SDl2/src/video/khronos   -Iinclude -I/home/kai/SDl2/include -idirafter /home/kai/SDl2/src/video/khronos  conftest.c >&5
configure:18549: $? = 0
configure:18557: result: yes
configure:18565: checking for inline
configure:18582: gcc -c -g -O2 -Iinclude -I/home/kai/SDl2/include -idirafter /home/kai/SDl2/src/video/khronos   -Iinclude -I/home/kai/SDl2/include -idirafter /home/kai/SDl2/src/video/khronos  conftest.c >&5
configure:18582: $? = 0
configure:18591: result: inline
configure:18609: checking for working volatile
configure:18629: gcc -c -g -O2 -Iinclude -I/home/kai/SDl2/include -idirafter /home/kai/SDl2/src/video/khronos   -Iinclude -I/home/kai/SDl2/include -idirafter /home/kai/SDl2/src/video/khronos  conftest.c >&5
configure:18629: $? = 0
configure:18637: result: yes
configure:18694: checking for GCC -MMD -MT option
configure:18711: gcc -c -g -O2 -Iinclude -I/home/kai/SDl2/include -idirafter /home/kai/SDl2/src/video/khronos   -Iinclude -I/home/kai/SDl2/include -idirafter /home/kai/SDl2/src/video/khronos  conftest.c >&5
configure:18711: $? = 0
configure:18716: result: yes
configure:18724: checking for linker option --no-undefined
configure:18744: gcc -o conftest -g -O2 -Iinclude -I/home/kai/SDl2/include -idirafter /home/kai/SDl2/src/video/khronos   -Iinclude -I/home/kai/SDl2/include -idirafter /home/kai/SDl2/src/video/khronos   -Wl,--no-undefined conftest.c  >&5
configure:18744: $? = 0
configure:18756: result: yes
configure:18759: checking for linker option --dynamicbase
configure:18777: gcc -o conftest -g -O2 -Iinclude -I/home/kai/SDl2/include -idirafter /home/kai/SDl2/src/video/khronos   -Iinclude -I/home/kai/SDl2/include -idirafter /home/kai/SDl2/src/video/khronos   -Wl,--dynamicbase conftest.c  >&5
/usr/bin/ld: unrecognized option '--dynamicbase'
/usr/bin/ld: use the --help option for usage information
collect2: error: ld returned 1 exit status
configure:18777: $? = 1
configure: failed program was:
| /* confdefs.h */
| #define PACKAGE_NAME ""
| #define PACKAGE_TARNAME ""
| #define PACKAGE_VERSION ""
| #define PACKAGE_STRING ""
| #define PACKAGE_BUGREPORT ""
| #define PACKAGE_URL ""
| #define HAVE_STDIO_H 1
| #define HAVE_STDLIB_H 1
| #define HAVE_STRING_H 1
| #define HAVE_INTTYPES_H 1
| #define HAVE_STDINT_H 1
| #define HAVE_STRINGS_H 1
| #define HAVE_SYS_STAT_H 1
| #define HAVE_SYS_TYPES_H 1
| #define HAVE_UNISTD_H 1
| #define STDC_HEADERS 1
| #define HAVE_DLFCN_H 1
| #define LT_OBJDIR ".libs/"
| /* end confdefs.h.  */
| 
| int
| main (void)
| {
| 
|   ;
|   return 0;
| }
configure:18789: result: no
configure:18792: checking for linker option --nxcompat
configure:18810: gcc -o conftest -g -O2 -Iinclude -I/home/kai/SDl2/include -idirafter /home/kai/SDl2/src/video/khronos   -Iinclude -I/home/kai/SDl2/include -idirafter /home/kai/SDl2/src/video/khronos   -Wl,--nxcompat conftest.c  >&5
/usr/bin/ld: unrecognized option '--nxcompat'
/usr/bin/ld: use the --help option for usage information
collect2: error: ld returned 1 exit status
configure:18810: $? = 1
configure: failed program was:
| /* confdefs.h */
| #define PACKAGE_NAME ""
| #define PACKAGE_TARNAME ""
| #define PACKAGE_VERSION ""
| #define PACKAGE_STRING ""
| #define PACKAGE_BUGREPORT ""
| #define PACKAGE_URL ""
| #define HAVE_STDIO_H 1
| #define HAVE_STDLIB_H 1
| #define HAVE_STRING_H 1
| #define HAVE_INTTYPES_H 1
| #define HAVE_STDINT_H 1
| #define HAVE_STRINGS_H 1
| #define HAVE_SYS_STAT_H 1
| #define HAVE_SYS_TYPES_H 1
| #define HAVE_UNISTD_H 1
| #define STDC_HEADERS 1
| #define HAVE_DLFCN_H 1
| #define LT_OBJDIR ".libs/"
| /* end confdefs.h.  */
| 
| int
| main (void)
| {
| 
|   ;
|   return 0;
| }
configure:18822: result: no
configure:18825: checking for linker option --high-entropy-va
configure:18843: gcc -o conftest -g -O2 -Iinclude -I/home/kai/SDl2/include -idirafter /home/kai/SDl2/src/video/khronos   -Iinclude -I/home/kai/SDl2/include -idirafter /home/kai/SDl2/src/video/khronos   -Wl,--high-entropy-va conftest.c  >&5
/usr/bin/ld: unrecognized option '--high-entropy-va'
/usr/bin/ld: use the --help option for usage information
collect2: error: ld returned 1 exit status
configure:18843: $? = 1
configure: failed program was:
| /* confdefs.h */
| #define PACKAGE_NAME ""
| #define PACKAGE_TARNAME ""
| #define PACKAGE_VERSION ""
| #define PACKAGE_STRING ""
| #define PACKAGE_BUGREPORT ""
| #define PACKAGE_URL ""
| #define HAVE_STDIO_H 1
| #define HAVE_STDLIB_H 1
| #define HAVE_STRING_H 1
| #define HAVE_INTTYPES_H 1
| #define HAVE_STDINT_H 1
| #define HAVE_STRINGS_H 1
| #define HAVE_SYS_STAT_H 1
| #define HAVE_SYS_TYPES_H 1
| #define HAVE_UNISTD_H 1
| #define STDC_HEADERS 1
| #define HAVE_DLFCN_H 1
| #define LT_OBJDIR ".libs/"
| /* end confdefs.h.  */
| 
| int
| main (void)
| {
| 
|   ;
|   return 0;
| }
configure:18855: result: no
configure:18896: checking for sys/types.h
configure:18896: result: yes
configure:18902: checking for stdio.h
configure:18902: result: yes
configure:18908: checking for stdlib.h
configure:18908: result: yes
configure:18914: checking for stddef.h
configure:18914: gcc -c -g -O2 -Iinclude -I/home/kai/SDl2/include -idirafter /home/kai/SDl2/src/video/khronos   -Iinclude -I/home/kai/SDl2/include -idirafter /home/kai/SDl2/src/video/khronos  conftest.c >&5
configure:18914: $? = 0
configure:18914: result: yes
configure:18920: checking for stdarg.h
configure:18920: gcc -c -g -O2 -Iinclude -I/home/kai/SDl2/include -idirafter /home/kai/SDl2/src/video/khronos   -Iinclude -I/home/kai/SDl2/include -idirafter /home/kai/SDl2/src/video/khronos  conftest.c >&5
configure:18920: $? = 0
configure:18920: result: yes
configure:18926: checking for malloc.h
configure:18926: gcc -c -g -O2 -Iinclude -I/home/kai/SDl2/include -idirafter /home/kai/SDl2/src/video/khronos   -Iinclude -I/home/kai/SDl2/include -idirafter /home/kai/SDl2/src/video/khronos  conftest.c >&5
configure:18926: $? = 0
configure:18926: result: yes
configure:18932: checking for memory.h
configure:18932: gcc -c -g -O2 -Iinclude -I/home/kai/SDl2/include -idirafter /home/kai/SDl2/src/video/khronos   -Iinclude -I/home/kai/SDl2/include -idirafter /home/kai/SDl2/src/video/khronos  conftest.c >&5
configure:18932: $? = 0
configure:18932: result: yes
configure:18938: checking for string.h
configure:18938: result: yes
configure:18944: checking for strings.h
configure:18944: result: yes
configure:18950: checking for wchar.h
configure:18950: gcc -c -g -O2 -Iinclude -I/home/kai/SDl2/include -idirafter /home/kai/SDl2/src/video/khronos   -Iinclude -I/home/kai/SDl2/include -idirafter /home/kai/SDl2/src/video/khronos  conftest.c >&5
configure:18950: $? = 0
configure:18950: result: yes
configure:18956: checking for inttypes.h
configure:18956: result: yes
configure:18962: checking for stdint.h
configure:18962: result: yes
configure:18968: checking for limits.h
configure:18968: gcc -c -g -O2 -Iinclude -I/home/kai/SDl2/include -idirafter /home/kai/SDl2/src/video/khronos   -Iinclude -I/home/kai/SDl2/include -idirafter /home/kai/SDl2/src/video/khronos  conftest.c >&5
configure:18968: $? = 0
configure:18968: result: yes
configure:18974: checking for ctype.h
configure:18974: gcc -c -g -O2 -Iinclude -I/home/kai/SDl2/include -idirafter /home/kai/SDl2/src/video/khronos   -Iinclude -I/home/kai/SDl2/include -idirafter /home/kai/SDl2/src/video/khronos  conftest.c >&5
configure:18974: $? = 0
configure:18974: result: yes
configure:18980: checking for math.h
configure:18980: gcc -c -g -O2 -Iinclude -I/home/kai/SDl2/include -idirafter /home/kai/SDl2/src/video/khronos   -Iinclude -I/home/kai/SDl2/include -idirafter /home/kai/SDl2/src/video/khronos  conftest.c >&5
configure:18980: $? = 0
configure:18980: result: yes
configure:18986: checking for float.h
configure:18986: gcc -c -g -O2 -Iinclude -I/home/kai/SDl2/include -idirafter /home/kai/SDl2/src/video/khronos   -Iinclude -I/home/kai/SDl2/include -idirafter /home/kai/SDl2/src/video/khronos  conftest.c >&5
configure:18986: $? = 0
configure:18986: result: yes
configure:18992: checking for iconv.h
configure:18992: gcc -c -g -O2 -Iinclude -I/home/kai/SDl2/include -idirafter /home/kai/SDl2/src/video/khronos   -Iinclude -I/home/kai/SDl2/include -idirafter /home/kai/SDl2/src/video/khronos  conftest.c >&5
configure:18992: $? = 0
configure:18992: result: yes
configure:18998: checking for signal.h
configure:18998: gcc -c -g -O2 -Iinclude -I/home/kai/SDl2/include -idirafter /home/kai/SDl2/src/video/khronos   -Iinclude -I/home/kai/SDl2/include -idirafter /home/kai/SDl2/src/video/khronos  conftest.c >&5
configure:18998: $? = 0
configure:18998: result: yes
configure:19006: checking for size_t
configure:19006: gcc -c -g -O2 -Iinclude -I/home/kai/SDl2/include -idirafter /home/kai/SDl2/src/video/khronos   -Iinclude -I/home/kai/SDl2/include -idirafter /home/kai/SDl2/src/video/khronos  conftest.c >&5
configure:19006: $? = 0
configure:19006: gcc -c -g -O2 -Iinclude -I/home/kai/SDl2/include -idirafter /home/kai/SDl2/src/video/khronos   -Iinclude -I/home/kai/SDl2/include -idirafter /home/kai/SDl2/src/video/khronos  conftest.c >&5
conftest.c: In function 'main':
conftest.c:71:21: error: expected expression before ')' token
   71 | if (sizeof ((size_t)))
      |                     ^
configure:19006: $? = 1
configure: failed program was:
| /* confdefs.h */
| #define PACKAGE_NAME ""
| #define PACKAGE_TARNAME ""
| #define PACKAGE_VERSION ""
| #define PACKAGE_STRING ""
| #define PACKAGE_BUGREPORT ""
| #define PACKAGE_URL ""
| #define HAVE_STDIO_H 1
| #define HAVE_STDLIB_H 1
| #define HAVE_STRING_H 1
| #define HAVE_INTTYPES_H 1
| #define HAVE_STDINT_H 1
| #define HAVE_STRINGS_H 1
| #define HAVE_SYS_STAT_H 1
| #define HAVE_SYS_TYPES_H 1
| #define HAVE_UNISTD_H 1
| #define STDC_HEADERS 1
| #define HAVE_DLFCN_H 1
| #define LT_OBJDIR ".libs/"
| #define HAVE_LIBC 1
| #define HAVE_SYS_TYPES_H 1
| #define HAVE_STDIO_H 1
| #define HAVE_STDLIB_H 1
| #define HAVE_STDDEF_H 1
| #define HAVE_STDARG_H 1
| #define HAVE_MALLOC_H 1
| #define HAVE_MEMORY_H 1
| #define HAVE_STRING_H 1
| #define HAVE_STRINGS_H 1
| #define HAVE_WCHAR_H 1
| #define HAVE_INTTYPES_H 1
| #define HAVE_STDINT_H 1
| #define HAVE_LIMITS_H 1
| #define HAVE_CTYPE_H 1
| #define HAVE_MATH_H 1
| #define HAVE_FLOAT_H 1
| #define HAVE_ICONV_H 1
| #define HAVE_SIGNAL_H 1
| /* end confdefs.h.  */
| #include <stddef.h>
| #ifdef HAVE_STDIO_H
| # include <stdio.h>
| #endif
| #ifdef HAVE_STDLIB_H
| # include <stdlib.h>
| #endif
| #ifdef HAVE_STRING_H
| # include <string.h>
| #endif
| #ifdef HAVE_INTTYPES_H
| # include <inttypes.h>
| #endif
| #ifdef HAVE_STDINT_H
| # include <stdint.h>
| #endif
| #ifdef HAVE_STRINGS_H
| # include <strings.h>
| #endif
| #ifdef HAVE_SYS_TYPES_H
| # include <sys/types.h>
| #endif
| #ifdef HAVE_SYS_STAT_H
| # include <sys/stat.h>
| #endif
| #ifdef HAVE_UNISTD_H
| # include <unistd.h>
| #endif
| int
| main (void)
| {
| if (sizeof ((size_t)))
| 	    return 0;
|   ;
|   return 0;
| }
configure:19006: result: yes
configure:19022: checking how to run the C preprocessor
configure:19048: gcc -E  -Iinclude -I/home/kai/SDl2/include -idirafter /home/kai/SDl2/src/video/khronos  conftest.c
configure:19048: $? = 0
configure:19063: gcc -E  -Iinclude -I/home/kai/SDl2/include -idirafter /home/kai/SDl2/src/video/khronos  conftest.c
conftest.c:40:10: fatal error: ac_nonexistent.h: No such file or directory
   40 | #include <ac_nonexistent.h>
      |          ^~~~~~~~~~~~~~~~~~
compilation terminated.
configure:19063: $? = 1
configure: failed program was:
| /* confdefs.h */
| #define PACKAGE_NAME ""
| #define PACKAGE_TARNAME ""
| #define PACKAGE_VERSION ""
| #define PACKAGE_STRING ""
| #define PACKAGE_BUGREPORT ""
| #define PACKAGE_URL ""
| #define HAVE_STDIO_H 1
| #define HAVE_STDLIB_H 1
| #define HAVE_STRING_H 1
| #define HAVE_INTTYPES_H 1
| #define HAVE_STDINT_H 1
| #define HAVE_STRINGS_H 1
| #define HAVE_SYS_STAT_H 1
| #define HAVE_SYS_TYPES_H 1
| #define HAVE_UNISTD_H 1
| #define STDC_HEADERS 1
| #define HAVE_DLFCN_H 1
| #define LT_OBJDIR ".libs/"
| #define HAVE_LIBC 1
| #define HAVE_SYS_TYPES_H 1
| #define HAVE_STDIO_H 1
| #define HAVE_STDLIB_H 1
| #define HAVE_STDDEF_H 1
| #define HAVE_STDARG_H 1
| #define HAVE_MALLOC_H 1
| #define HAVE_MEMORY_H 1
| #define HAVE_STRING_H 1
| #define HAVE_STRINGS_H 1
| #define HAVE_WCHAR_H 1
| #define HAVE_INTTYPES_H 1
| #define HAVE_STDINT_H 1
| #define HAVE_LIMITS_H 1
| #define HAVE_CTYPE_H 1
| #define HAVE_MATH_H 1
| #define HAVE_FLOAT_H 1
| #define HAVE_ICONV_H 1
| #define HAVE_SIGNAL_H 1
| /* end confdefs.h.  */
| #include <ac_nonexistent.h>
configure:19090: result: gcc -E
configure:19104: gcc -E  -Iinclude -I/home/kai/SDl2/include -idirafter /home/kai/SDl2/src/video/khronos  conftest.c
configure:19104: $? = 0
configure:19119: gcc -E  -Iinclude -I/home/kai/SDl2/include -idirafter /home/kai/SDl2/src/video/khronos  conftest.c
conftest.c:40:10: fatal error: ac_nonexistent.h: No such file or directory
   40 | #include <ac_nonexistent.h>
      |          ^~~~~~~~~~~~~~~~~~
compilation terminated.
configure:19119: $? = 1
configure: failed program was:
| /* confdefs.h */
| #define PACKAGE_NAME ""
| #define PACKAGE_TARNAME ""
| #define PACKAGE_VERSION ""
| #define PACKAGE_STRING ""
| #define PACKAGE_BUGREPORT ""
| #define PACKAGE_URL ""
| #define HAVE_STDIO_H 1
| #define HAVE_STDLIB_H 1
| #define HAVE_STRING_H 1
| #define HAVE_INTTYPES_H 1
| #define HAVE_STDINT_H 1
| #define HAVE_STRINGS_H 1
| #define HAVE_SYS_STAT_H 1
| #define HAVE_SYS_TYPES_H 1
| #define HAVE_UNISTD_H 1
| #define STDC_HEADERS 1
| #define HAVE_DLFCN_H 1
| #define LT_OBJDIR ".libs/"
| #define HAVE_LIBC 1
| #define HAVE_SYS_TYPES_H 1
| #define HAVE_STDIO_H 1
| #define HAVE_STDLIB_H 1
| #define HAVE_STDDEF_H 1
| #define HAVE_STDARG_H 1
| #define HAVE_MALLOC_H 1
| #define HAVE_MEMORY_H 1
| #define HAVE_STRING_H 1
| #define HAVE_STRINGS_H 1
| #define HAVE_WCHAR_H 1
| #define HAVE_INTTYPES_H 1
| #define HAVE_STDINT_H 1
| #define HAVE_LIMITS_H 1
| #define HAVE_CTYPE_H 1
| #define HAVE_MATH_H 1
| #define HAVE_FLOAT_H 1
| #define HAVE_ICONV_H 1
| #define HAVE_SIGNAL_H 1
| /* end confdefs.h.  */
| #include <ac_nonexistent.h>
configure:19149: checking for M_PI in math.h
configure:19176: result: yes
configure:19187: checking for working alloca.h
configure:19205: gcc -o conftest -g -O2 -Iinclude -I/home/kai/SDl2/include -idirafter /home/kai/SDl2/src/video/khronos   -Iinclude -I/home/kai/SDl2/include -idirafter /home/kai/SDl2/src/video/khronos   conftest.c  >&5
configure:19205: $? = 0
configure:19214: result: yes
configure:19222: checking for alloca
configure:19267: result: yes
configure:19335: checking for mprotect
configure:19335: gcc -o conftest -g -O2 -Iinclude -I/home/kai/SDl2/include -idirafter /home/kai/SDl2/src/video/khronos   -Iinclude -I/home/kai/SDl2/include -idirafter /home/kai/SDl2/src/video/khronos   conftest.c  >&5
configure:19335: $? = 0
configure:19335: result: yes
configure:19352: gcc -c -g -O2 -Iinclude -I/home/kai/SDl2/include -idirafter /home/kai/SDl2/src/video/khronos   -Iinclude -I/home/kai/SDl2/include -idirafter /home/kai/SDl2/src/video/khronos  conftest.c >&5
configure:19352: $? = 0
configure:19363: checking for malloc
configure:19363: gcc -o conftest -g -O2 -Iinclude -I/home/kai/SDl2/include -idirafter /home/kai/SDl2/src/video/khronos   -Iinclude -I/home/kai/SDl2/include -idirafter /home/kai/SDl2/src/video/khronos   conftest.c  >&5
conftest.c:60:6: warning: conflicting types for built-in function 'malloc'; expected 'void *(long unsigned int)' [-Wbuiltin-declaration-mismatch]
   60 | char malloc ();
      |      ^~~~~~
conftest.c:52:1: note: 'malloc' is declared in header '<stdlib.h>'
   51 | #include <limits.h>
   52 | #undef malloc
configure:19363: $? = 0
configure:19363: result: yes
configure:19369: checking for calloc
configure:19369: gcc -o conftest -g -O2 -Iinclude -I/home/kai/SDl2/include -idirafter /home/kai/SDl2/src/video/khronos   -Iinclude -I/home/kai/SDl2/include -idirafter /home/kai/SDl2/src/video/khronos   conftest.c  >&5
conftest.c:61:6: warning: conflicting types for built-in function 'calloc'; expected 'void *(long unsigned int,  long unsigned int)' [-Wbuiltin-declaration-mismatch]
   61 | char calloc ();
      |      ^~~~~~
conftest.c:53:1: note: 'calloc' is declared in header '<stdlib.h>'
   52 | #include <limits.h>
   53 | #undef calloc
configure:19369: $? = 0
configure:19369: result: yes
configure:19375: checking for realloc
configure:19375: gcc -o conftest -g -O2 -Iinclude -I/home/kai/SDl2/include -idirafter /home/kai/SDl2/src/video/khronos   -Iinclude -I/home/kai/SDl2/include -idirafter /home/kai/SDl2/src/video/khronos   conftest.c  >&5
conftest.c:62:6: warning: conflicting types for built-in function 'realloc'; expected 'void *(void *, long unsigned int)' [-Wbuiltin-declaration-mismatch]
   62 | char realloc ();
      |      ^~~~~~~
conftest.c:54:1: note: 'realloc' is declared in header '<stdlib.h>'
   53 | #include <limits.h>
   54 | #undef realloc
configure:19375: $? = 0
configure:19375: result: yes
configure:19381: checking for free
configure:19381: gcc -o conftest -g -O2 -Iinclude -I/home/kai/SDl2/include -idirafter /home/kai/SDl2/src/video/khronos   -Iinclude -I/home/kai/SDl2/include -idirafter /home/kai/SDl2/src/video/khronos   conftest.c  >&5
conftest.c:63:6: warning: conflicting types for built-in function 'free'; expected 'void(void *)' [-Wbuiltin-declaration-mismatch]
   63 | char free ();
      |      ^~~~
conftest.c:55:1: note: 'free' is declared in header '<stdlib.h>'
   54 | #include <limits.h>
   55 | #undef free
configure:19381: $? = 0
configure:19381: result: yes
configure:19387: checking for getenv
configure:19387: gcc -o conftest -g -O2 -Iinclude -I/home/kai/SDl2/include -idirafter /home/kai/SDl2/src/video/khronos   -Iinclude -I/home/kai/SDl2/include -idirafter /home/kai/SDl2/src/video/khronos   conftest.c  >&5
configure:19387: $? = 0
configure:19387: result: yes
configure:19393: checking for setenv
configure:19393: gcc -o conftest -g -O2 -Iinclude -I/home/kai/SDl2/include -idirafter /home/kai/SDl2/src/video/khronos   -Iinclude -I/home/kai/SDl2/include -idirafter /home/kai/SDl2/src/video/khronos   conftest.c  >&5
configure:19393: $? = 0
configure:19393: result: yes
configure:19399: checking for putenv
configure:19399: gcc -o conftest -g -O2 -Iinclude -I/home/kai/SDl2/include -idirafter /home/kai/SDl2/src/video/khronos   -Iinclude -I/home/kai/SDl2/include -idirafter /home/kai/SDl2/src/video/khronos   conftest.c  >&5
configure:19399: $? = 0
configure:19399: result: yes
configure:19405: checking for unsetenv
configure:19405: gcc -o conftest -g -O2 -Iinclude -I/home/kai/SDl2/include -idirafter /home/kai/SDl2/src/video/khronos   -Iinclude -I/home/kai/SDl2/include -idirafter /home/kai/SDl2/src/video/khronos   conftest.c  >&5
configure:19405: $? = 0
configure:19405: result: yes
configure:19411: checking for bsearch
configure:19411: gcc -o conftest -g -O2 -Iinclude -I/home/kai/SDl2/include -idirafter /home/kai/SDl2/src/video/khronos   -Iinclude -I/home/kai/SDl2/include -idirafter /home/kai/SDl2/src/video/khronos   conftest.c  >&5
configure:19411: $? = 0
configure:19411: result: yes
configure:19417: checking for qsort
configure:19417: gcc -o conftest -g -O2 -Iinclude -I/home/kai/SDl2/include -idirafter /home/kai/SDl2/src/video/khronos   -Iinclude -I/home/kai/SDl2/include -idirafter /home/kai/SDl2/src/video/khronos   conftest.c  >&5
configure:19417: $? = 0
configure:19417: result: yes
configure:19423: checking for abs
configure:19423: gcc -o conftest -g -O2 -Iinclude -I/home/kai/SDl2/include -idirafter /home/kai/SDl2/src/video/khronos   -Iinclude -I/home/kai/SDl2/include -idirafter /home/kai/SDl2/src/video/khronos   conftest.c  >&5
conftest.c:70:6: warning: conflicting types for built-in function 'abs'; expected 'int(int)' [-Wbuiltin-declaration-mismatch]
   70 | char abs ();
      |      ^~~
conftest.c:62:1: note: 'abs' is declared in header '<stdlib.h>'
   61 | #include <limits.h>
   62 | #undef abs
configure:19423: $? = 0
configure:19423: result: yes
configure:19429: checking for bcopy
configure:19429: gcc -o conftest -g -O2 -Iinclude -I/home/kai/SDl2/include -idirafter /home/kai/SDl2/src/video/khronos   -Iinclude -I/home/kai/SDl2/include -idirafter /home/kai/SDl2/src/video/khronos   conftest.c  >&5
conftest.c:71:6: warning: conflicting types for built-in function 'bcopy'; expected 'void(const void *, void *, long unsigned int)' [-Wbuiltin-declaration-mismatch]
   71 | char bcopy ();
      |      ^~~~~
configure:19429: $? = 0
configure:19429: result: yes
configure:19435: checking for memset
configure:19435: gcc -o conftest -g -O2 -Iinclude -I/home/kai/SDl2/include -idirafter /home/kai/SDl2/src/video/khronos   -Iinclude -I/home/kai/SDl2/include -idirafter /home/kai/SDl2/src/video/khronos   conftest.c  >&5
conftest.c:72:6: warning: conflicting types for built-in function 'memset'; expected 'void *(void *, int,  long unsigned int)' [-Wbuiltin-declaration-mismatch]
   72 | char memset ();
      |      ^~~~~~
conftest.c:64:1: note: 'memset' is declared in header '<string.h>'
   63 | #include <limits.h>
   64 | #undef memset
configure:19435: $? = 0
configure:19435: result: yes
configure:19441: checking for memcmp
configure:19441: gcc -o conftest -g -O2 -Iinclude -I/home/kai/SDl2/include -idirafter /home/kai/SDl2/src/video/khronos   -Iinclude -I/home/kai/SDl2/include -idirafter /home/kai/SDl2/src/video/khronos   conftest.c  >&5
conftest.c:73:6: warning: conflicting types for built-in function 'memcmp'; expected 'int(const void *, const void *, long unsigned int)' [-Wbuiltin-declaration-mismatch]
   73 | char memcmp ();
      |      ^~~~~~
conftest.c:65:1: note: 'memcmp' is declared in header '<string.h>'
   64 | #include <limits.h>
   65 | #undef memcmp
configure:19441: $? = 0
configure:19441: result: yes
configure:19447: checking for memcpy
configure:19447: gcc -o conftest -g -O2 -Iinclude -I/home/kai/SDl2/include -idirafter /home/kai/SDl2/src/video/khronos   -Iinclude -I/home/kai/SDl2/include -idirafter /home/kai/SDl2/src/video/khronos   conftest.c  >&5
conftest.c:74:6: warning: conflicting types for built-in function 'memcpy'; expected 'void *(void *, const void *, long unsigned int)' [-Wbuiltin-declaration-mismatch]
   74 | char memcpy ();
      |      ^~~~~~
conftest.c:66:1: note: 'memcpy' is declared in header '<string.h>'
   65 | #include <limits.h>
   66 | #undef memcpy
configure:19447: $? = 0
configure:19447: result: yes
configure:19453: checking for memmove
configure:19453: gcc -o conftest -g -O2 -Iinclude -I/home/kai/SDl2/include -idirafter /home/kai/SDl2/src/video/khronos   -Iinclude -I/home/kai/SDl2/include -idirafter /home/kai/SDl2/src/video/khronos   conftest.c  >&5
conftest.c:75:6: warning: conflicting types for built-in function 'memmove'; expected 'void *(void *, const void *, long unsigned int)' [-Wbuiltin-declaration-mismatch]
   75 | char memmove ();
      |      ^~~~~~~
conftest.c:67:1: note: 'memmove' is declared in header '<string.h>'
   66 | #include <limits.h>
   67 | #undef memmove
configure:19453: $? = 0
configure:19453: result: yes
configure:19459: checking for wcslen
configure:19459: gcc -o conftest -g -O2 -Iinclude -I/home/kai/SDl2/include -idirafter /home/kai/SDl2/src/video/khronos   -Iinclude -I/home/kai/SDl2/include -idirafter /home/kai/SDl2/src/video/khronos   conftest.c  >&5
configure:19459: $? = 0
configure:19459: result: yes
configure:19465: checking for wcslcpy
configure:19465: gcc -o conftest -g -O2 -Iinclude -I/home/kai/SDl2/include -idirafter /home/kai/SDl2/src/video/khronos   -Iinclude -I/home/kai/SDl2/include -idirafter /home/kai/SDl2/src/video/khronos   conftest.c  >&5
configure:19465: $? = 0
configure:19465: result: yes
configure:19471: checking for wcslcat
configure:19471: gcc -o conftest -g -O2 -Iinclude -I/home/kai/SDl2/include -idirafter /home/kai/SDl2/src/video/khronos   -Iinclude -I/home/kai/SDl2/include -idirafter /home/kai/SDl2/src/video/khronos   conftest.c  >&5
configure:19471: $? = 0
configure:19471: result: yes
configure:19477: checking for _wcsdup
configure:19477: gcc -o conftest -g -O2 -Iinclude -I/home/kai/SDl2/include -idirafter /home/kai/SDl2/src/video/khronos   -Iinclude -I/home/kai/SDl2/include -idirafter /home/kai/SDl2/src/video/khronos   conftest.c  >&5
/usr/bin/ld: /tmp/ccJqyelW.o: in function `main':
/home/kai/SDl2/conftest.c:90:(.text.startup+0x5): undefined reference to `_wcsdup'
collect2: error: ld returned 1 exit status
configure:19477: $? = 1
configure: failed program was:
| /* confdefs.h */
| #define PACKAGE_NAME ""
| #define PACKAGE_TARNAME ""
| #define PACKAGE_VERSION ""
| #define PACKAGE_STRING ""
| #define PACKAGE_BUGREPORT ""
| #define PACKAGE_URL ""
| #define HAVE_STDIO_H 1
| #define HAVE_STDLIB_H 1
| #define HAVE_STRING_H 1
| #define HAVE_INTTYPES_H 1
| #define HAVE_STDINT_H 1
| #define HAVE_STRINGS_H 1
| #define HAVE_SYS_STAT_H 1
| #define HAVE_SYS_TYPES_H 1
| #define HAVE_UNISTD_H 1
| #define STDC_HEADERS 1
| #define HAVE_DLFCN_H 1
| #define LT_OBJDIR ".libs/"
| #define HAVE_LIBC 1
| #define HAVE_SYS_TYPES_H 1
| #define HAVE_STDIO_H 1
| #define HAVE_STDLIB_H 1
| #define HAVE_STDDEF_H 1
| #define HAVE_STDARG_H 1
| #define HAVE_MALLOC_H 1
| #define HAVE_MEMORY_H 1
| #define HAVE_STRING_H 1
| #define HAVE_STRINGS_H 1
| #define HAVE_WCHAR_H 1
| #define HAVE_INTTYPES_H 1
| #define HAVE_STDINT_H 1
| #define HAVE_LIMITS_H 1
| #define HAVE_CTYPE_H 1
| #define HAVE_MATH_H 1
| #define HAVE_FLOAT_H 1
| #define HAVE_ICONV_H 1
| #define HAVE_SIGNAL_H 1
| #define HAVE_M_PI /**/
| #define HAVE_ALLOCA_H 1
| #define HAVE_ALLOCA 1
| #define HAVE_MPROTECT 1
| #define HAVE_MALLOC 1
| #define HAVE_CALLOC 1
| #define HAVE_REALLOC 1
| #define HAVE_FREE 1
| #define HAVE_GETENV 1
| #define HAVE_SETENV 1
| #define HAVE_PUTENV 1
| #define HAVE_UNSETENV 1
| #define HAVE_BSEARCH 1
| #define HAVE_QSORT 1
| #define HAVE_ABS 1
| #define HAVE_BCOPY 1
| #define HAVE_MEMSET 1
| #define HAVE_MEMCMP 1
| #define HAVE_MEMCPY 1
| #define HAVE_MEMMOVE 1
| #define HAVE_WCSLEN 1
| #define HAVE_WCSLCPY 1
| #define HAVE_WCSLCAT 1
| /* end confdefs.h.  */
| /* Define _wcsdup to an innocuous variant, in case <limits.h> declares _wcsdup.
|    For example, HP-UX 11i <limits.h> declares gettimeofday.  */
| #define _wcsdup innocuous__wcsdup
| 
| /* System header to define __stub macros and hopefully few prototypes,
|    which can conflict with char _wcsdup (); below.  */
| 
| #include <limits.h>
| #undef _wcsdup
| 
| /* Override any GCC internal prototype to avoid an error.
|    Use char because int might match the return type of a GCC
|    builtin and then its argument prototype would still apply.  */
| #ifdef __cplusplus
| extern "C"
| #endif
| char _wcsdup ();
| /* The GNU C library defines this for functions which it implements
|     to always fail with ENOSYS.  Some functions are actually named
|     something starting with __ and the normal name is an alias.  */
| #if defined __stub__wcsdup || defined __stub____wcsdup
| choke me
| #endif
| 
| int
| main (void)
| {
| return _wcsdup ();
|   ;
|   return 0;
| }
configure:19477: result: no
configure:19483: checking for wcsdup
configure:19483: gcc -o conftest -g -O2 -Iinclude -I/home/kai/SDl2/include -idirafter /home/kai/SDl2/src/video/khronos   -Iinclude -I/home/kai/SDl2/include -idirafter /home/kai/SDl2/src/video/khronos   conftest.c  >&5
configure:19483: $? = 0
configure:19483: result: yes
configure:19489: checking for wcsstr
configure:19489: gcc -o conftest -g -O2 -Iinclude -I/home/kai/SDl2/include -idirafter /home/kai/SDl2/src/video/khronos   -Iinclude -I/home/kai/SDl2/include -idirafter /home/kai/SDl2/src/video/khronos   conftest.c  >&5
configure:19489: $? = 0
configure:19489: result: yes
configure:19495: checking for wcscmp
configure:19495: gcc -o conftest -g -O2 -Iinclude -I/home/kai/SDl2/include -idirafter /home/kai/SDl2/src/video/khronos   -Iinclude -I/home/kai/SDl2/include -idirafter /home/kai/SDl2/src/video/khronos   conftest.c  >&5
configure:19495: $? = 0
configure:19495: result: yes
configure:19501: checking for wcsncmp
configure:19501: gcc -o conftest -g -O2 -Iinclude -I/home/kai/SDl2/include -idirafter /home/kai/SDl2/src/video/khronos   -Iinclude -I/home/kai/SDl2/include -idirafter /home/kai/SDl2/src/video/khronos   conftest.c  >&5
configure:19501: $? = 0
configure:19501: result: yes
configure:19507: checking for wcscasecmp
configure:19507: gcc -o conftest -g -O2 -Iinclude -I/home/kai/SDl2/include -idirafter /home/kai/SDl2/src/video/khronos   -Iinclude -I/home/kai/SDl2/include -idirafter /home/kai/SDl2/src/video/khronos   conftest.c  >&5
configure:19507: $? = 0
configure:19507: result: yes
configure:19513: checking for _wcsicmp
configure:19513: gcc -o conftest -g -O2 -Iinclude -I/home/kai/SDl2/include -idirafter /home/kai/SDl2/src/video/khronos   -Iinclude -I/home/kai/SDl2/include -idirafter /home/kai/SDl2/src/video/khronos   conftest.c  >&5
/usr/bin/ld: /tmp/cc3HQGkK.o: in function `main':
/home/kai/SDl2/conftest.c:95:(.text.startup+0x5): undefined reference to `_wcsicmp'
collect2: error: ld returned 1 exit status
configure:19513: $? = 1
configure: failed program was:
| /* confdefs.h */
| #define PACKAGE_NAME ""
| #define PACKAGE_TARNAME ""
| #define PACKAGE_VERSION ""
| #define PACKAGE_STRING ""
| #define PACKAGE_BUGREPORT ""
| #define PACKAGE_URL ""
| #define HAVE_STDIO_H 1
| #define HAVE_STDLIB_H 1
| #define HAVE_STRING_H 1
| #define HAVE_INTTYPES_H 1
| #define HAVE_STDINT_H 1
| #define HAVE_STRINGS_H 1
| #define HAVE_SYS_STAT_H 1
| #define HAVE_SYS_TYPES_H 1
| #define HAVE_UNISTD_H 1
| #define STDC_HEADERS 1
| #define HAVE_DLFCN_H 1
| #define LT_OBJDIR ".libs/"
| #define HAVE_LIBC 1
| #define HAVE_SYS_TYPES_H 1
| #define HAVE_STDIO_H 1
| #define HAVE_STDLIB_H 1
| #define HAVE_STDDEF_H 1
| #define HAVE_STDARG_H 1
| #define HAVE_MALLOC_H 1
| #define HAVE_MEMORY_H 1
| #define HAVE_STRING_H 1
| #define HAVE_STRINGS_H 1
| #define HAVE_WCHAR_H 1
| #define HAVE_INTTYPES_H 1
| #define HAVE_STDINT_H 1
| #define HAVE_LIMITS_H 1
| #define HAVE_CTYPE_H 1
| #define HAVE_MATH_H 1
| #define HAVE_FLOAT_H 1
| #define HAVE_ICONV_H 1
| #define HAVE_SIGNAL_H 1
| #define HAVE_M_PI /**/
| #define HAVE_ALLOCA_H 1
| #define HAVE_ALLOCA 1
| #define HAVE_MPROTECT 1
| #define HAVE_MALLOC 1
| #define HAVE_CALLOC 1
| #define HAVE_REALLOC 1
| #define HAVE_FREE 1
| #define HAVE_GETENV 1
| #define HAVE_SETENV 1
| #define HAVE_PUTENV 1
| #define HAVE_UNSETENV 1
| #define HAVE_BSEARCH 1
| #define HAVE_QSORT 1
| #define HAVE_ABS 1
| #define HAVE_BCOPY 1
| #define HAVE_MEMSET 1
| #define HAVE_MEMCMP 1
| #define HAVE_MEMCPY 1
| #define HAVE_MEMMOVE 1
| #define HAVE_WCSLEN 1
| #define HAVE_WCSLCPY 1
| #define HAVE_WCSLCAT 1
| #define HAVE_WCSDUP 1
| #define HAVE_WCSSTR 1
| #define HAVE_WCSCMP 1
| #define HAVE_WCSNCMP 1
| #define HAVE_WCSCASECMP 1
| /* end confdefs.h.  */
| /* Define _wcsicmp to an innocuous variant, in case <limits.h> declares _wcsicmp.
|    For example, HP-UX 11i <limits.h> declares gettimeofday.  */
| #define _wcsicmp innocuous__wcsicmp
| 
| /* System header to define __stub macros and hopefully few prototypes,
|    which can conflict with char _wcsicmp (); below.  */
| 
| #include <limits.h>
| #undef _wcsicmp
| 
| /* Override any GCC internal prototype to avoid an error.
|    Use char because int might match the return type of a GCC
|    builtin and then its argument prototype would still apply.  */
| #ifdef __cplusplus
| extern "C"
| #endif
| char _wcsicmp ();
| /* The GNU C library defines this for functions which it implements
|     to always fail with ENOSYS.  Some functions are actually named
|     something starting with __ and the normal name is an alias.  */
| #if defined __stub__wcsicmp || defined __stub____wcsicmp
| choke me
| #endif
| 
| int
| main (void)
| {
| return _wcsicmp ();
|   ;
|   return 0;
| }
configure:19513: result: no
configure:19519: checking for wcsncasecmp
configure:19519: gcc -o conftest -g -O2 -Iinclude -I/home/kai/SDl2/include -idirafter /home/kai/SDl2/src/video/khronos   -Iinclude -I/home/kai/SDl2/include -idirafter /home/kai/SDl2/src/video/khronos   conftest.c  >&5
configure:19519: $? = 0
configure:19519: result: yes
configure:19525: checking for _wcsnicmp
configure:19525: gcc -o conftest -g -O2 -Iinclude -I/home/kai/SDl2/include -idirafter /home/kai/SDl2/src/video/khronos   -Iinclude -I/home/kai/SDl2/include -idirafter /home/kai/SDl2/src/video/khronos   conftest.c  >&5
/usr/bin/ld: /tmp/ccRCBC29.o: in function `main':
/home/kai/SDl2/conftest.c:96:(.text.startup+0x5): undefined reference to `_wcsnicmp'
collect2: error: ld returned 1 exit status
configure:19525: $? = 1
configure: failed program was:
| /* confdefs.h */
| #define PACKAGE_NAME ""
| #define PACKAGE_TARNAME ""
| #define PACKAGE_VERSION ""
| #define PACKAGE_STRING ""
| #define PACKAGE_BUGREPORT ""
| #define PACKAGE_URL ""
| #define HAVE_STDIO_H 1
| #define HAVE_STDLIB_H 1
| #define HAVE_STRING_H 1
| #define HAVE_INTTYPES_H 1
| #define HAVE_STDINT_H 1
| #define HAVE_STRINGS_H 1
| #define HAVE_SYS_STAT_H 1
| #define HAVE_SYS_TYPES_H 1
| #define HAVE_UNISTD_H 1
| #define STDC_HEADERS 1
| #define HAVE_DLFCN_H 1
| #define LT_OBJDIR ".libs/"
| #define HAVE_LIBC 1
| #define HAVE_SYS_TYPES_H 1
| #define HAVE_STDIO_H 1
| #define HAVE_STDLIB_H 1
| #define HAVE_STDDEF_H 1
| #define HAVE_STDARG_H 1
| #define HAVE_MALLOC_H 1
| #define HAVE_MEMORY_H 1
| #define HAVE_STRING_H 1
| #define HAVE_STRINGS_H 1
| #define HAVE_WCHAR_H 1
| #define HAVE_INTTYPES_H 1
| #define HAVE_STDINT_H 1
| #define HAVE_LIMITS_H 1
| #define HAVE_CTYPE_H 1
| #define HAVE_MATH_H 1
| #define HAVE_FLOAT_H 1
| #define HAVE_ICONV_H 1
| #define HAVE_SIGNAL_H 1
| #define HAVE_M_PI /**/
| #define HAVE_ALLOCA_H 1
| #define HAVE_ALLOCA 1
| #define HAVE_MPROTECT 1
| #define HAVE_MALLOC 1
| #define HAVE_CALLOC 1
| #define HAVE_REALLOC 1
| #define HAVE_FREE 1
| #define HAVE_GETENV 1
| #define HAVE_SETENV 1
| #define HAVE_PUTENV 1
| #define HAVE_UNSETENV 1
| #define HAVE_BSEARCH 1
| #define HAVE_QSORT 1
| #define HAVE_ABS 1
| #define HAVE_BCOPY 1
| #define HAVE_MEMSET 1
| #define HAVE_MEMCMP 1
| #define HAVE_MEMCPY 1
| #define HAVE_MEMMOVE 1
| #define HAVE_WCSLEN 1
| #define HAVE_WCSLCPY 1
| #define HAVE_WCSLCAT 1
| #define HAVE_WCSDUP 1
| #define HAVE_WCSSTR 1
| #define HAVE_WCSCMP 1
| #define HAVE_WCSNCMP 1
| #define HAVE_WCSCASECMP 1
| #define HAVE_WCSNCASECMP 1
| /* end confdefs.h.  */
| /* Define _wcsnicmp to an innocuous variant, in case <limits.h> declares _wcsnicmp.
|    For example, HP-UX 11i <limits.h> declares gettimeofday.  */
| #define _wcsnicmp innocuous__wcsnicmp
| 
| /* System header to define __stub macros and hopefully few prototypes,
|    which can conflict with char _wcsnicmp (); below.  */
| 
| #include <limits.h>
| #undef _wcsnicmp
| 
| /* Override any GCC internal prototype to avoid an error.
|    Use char because int might match the return type of a GCC
|    builtin and then its argument prototype would still apply.  */
| #ifdef __cplusplus
| extern "C"
| #endif
| char _wcsnicmp ();
| /* The GNU C library defines this for functions which it implements
|     to always fail with ENOSYS.  Some functions are actually named
|     something starting with __ and the normal name is an alias.  */
| #if defined __stub__wcsnicmp || defined __stub____wcsnicmp
| choke me
| #endif
| 
| int
| main (void)
| {
| return _wcsnicmp ();
|   ;
|   return 0;
| }
configure:19525: result: no
configure:19531: checking for strlen
configure:19531: gcc -o conftest -g -O2 -Iinclude -I/home/kai/SDl2/include -idirafter /home/kai/SDl2/src/video/khronos   -Iinclude -I/home/kai/SDl2/include -idirafter /home/kai/SDl2/src/video/khronos   conftest.c  >&5
conftest.c:85:6: warning: conflicting types for built-in function 'strlen'; expected 'long unsigned int(const char *)' [-Wbuiltin-declaration-mismatch]
   85 | char strlen ();
      |      ^~~~~~
conftest.c:77:1: note: 'strlen' is declared in header '<string.h>'
   76 | #include <limits.h>
   77 | #undef strlen
configure:19531: $? = 0
configure:19531: result: yes
configure:19537: checking for strlcpy
configure:19537: gcc -o conftest -g -O2 -Iinclude -I/home/kai/SDl2/include -idirafter /home/kai/SDl2/src/video/khronos   -Iinclude -I/home/kai/SDl2/include -idirafter /home/kai/SDl2/src/video/khronos   conftest.c  >&5
configure:19537: $? = 0
configure:19537: result: yes
configure:19543: checking for strlcat
configure:19543: gcc -o conftest -g -O2 -Iinclude -I/home/kai/SDl2/include -idirafter /home/kai/SDl2/src/video/khronos   -Iinclude -I/home/kai/SDl2/include -idirafter /home/kai/SDl2/src/video/khronos   conftest.c  >&5
configure:19543: $? = 0
configure:19543: result: yes
configure:19549: checking for _strrev
configure:19549: gcc -o conftest -g -O2 -Iinclude -I/home/kai/SDl2/include -idirafter /home/kai/SDl2/src/video/khronos   -Iinclude -I/home/kai/SDl2/include -idirafter /home/kai/SDl2/src/video/khronos   conftest.c  >&5
/usr/bin/ld: /tmp/ccQNfbGZ.o: in function `main':
/home/kai/SDl2/conftest.c:99:(.text.startup+0x5): undefined reference to `_strrev'
collect2: error: ld returned 1 exit status
configure:19549: $? = 1
configure: failed program was:
| /* confdefs.h */
| #define PACKAGE_NAME ""
| #define PACKAGE_TARNAME ""
| #define PACKAGE_VERSION ""
| #define PACKAGE_STRING ""
| #define PACKAGE_BUGREPORT ""
| #define PACKAGE_URL ""
| #define HAVE_STDIO_H 1
| #define HAVE_STDLIB_H 1
| #define HAVE_STRING_H 1
| #define HAVE_INTTYPES_H 1
| #define HAVE_STDINT_H 1
| #define HAVE_STRINGS_H 1
| #define HAVE_SYS_STAT_H 1
| #define HAVE_SYS_TYPES_H 1
| #define HAVE_UNISTD_H 1
| #define STDC_HEADERS 1
| #define HAVE_DLFCN_H 1
| #define LT_OBJDIR ".libs/"
| #define HAVE_LIBC 1
| #define HAVE_SYS_TYPES_H 1
| #define HAVE_STDIO_H 1
| #define HAVE_STDLIB_H 1
| #define HAVE_STDDEF_H 1
| #define HAVE_STDARG_H 1
| #define HAVE_MALLOC_H 1
| #define HAVE_MEMORY_H 1
| #define HAVE_STRING_H 1
| #define HAVE_STRINGS_H 1
| #define HAVE_WCHAR_H 1
| #define HAVE_INTTYPES_H 1
| #define HAVE_STDINT_H 1
| #define HAVE_LIMITS_H 1
| #define HAVE_CTYPE_H 1
| #define HAVE_MATH_H 1
| #define HAVE_FLOAT_H 1
| #define HAVE_ICONV_H 1
| #define HAVE_SIGNAL_H 1
| #define HAVE_M_PI /**/
| #define HAVE_ALLOCA_H 1
| #define HAVE_ALLOCA 1
| #define HAVE_MPROTECT 1
| #define HAVE_MALLOC 1
| #define HAVE_CALLOC 1
| #define HAVE_REALLOC 1
| #define HAVE_FREE 1
| #define HAVE_GETENV 1
| #define HAVE_SETENV 1
| #define HAVE_PUTENV 1
| #define HAVE_UNSETENV 1
| #define HAVE_BSEARCH 1
| #define HAVE_QSORT 1
| #define HAVE_ABS 1
| #define HAVE_BCOPY 1
| #define HAVE_MEMSET 1
| #define HAVE_MEMCMP 1
| #define HAVE_MEMCPY 1
| #define HAVE_MEMMOVE 1
| #define HAVE_WCSLEN 1
| #define HAVE_WCSLCPY 1
| #define HAVE_WCSLCAT 1
| #define HAVE_WCSDUP 1
| #define HAVE_WCSSTR 1
| #define HAVE_WCSCMP 1
| #define HAVE_WCSNCMP 1
| #define HAVE_WCSCASECMP 1
| #define HAVE_WCSNCASECMP 1
| #define HAVE_STRLEN 1
| #define HAVE_STRLCPY 1
| #define HAVE_STRLCAT 1
| /* end confdefs.h.  */
| /* Define _strrev to an innocuous variant, in case <limits.h> declares _strrev.
|    For example, HP-UX 11i <limits.h> declares gettimeofday.  */
| #define _strrev innocuous__strrev
| 
| /* System header to define __stub macros and hopefully few prototypes,
|    which can conflict with char _strrev (); below.  */
| 
| #include <limits.h>
| #undef _strrev
| 
| /* Override any GCC internal prototype to avoid an error.
|    Use char because int might match the return type of a GCC
|    builtin and then its argument prototype would still apply.  */
| #ifdef __cplusplus
| extern "C"
| #endif
| char _strrev ();
| /* The GNU C library defines this for functions which it implements
|     to always fail with ENOSYS.  Some functions are actually named
|     something starting with __ and the normal name is an alias.  */
| #if defined __stub__strrev || defined __stub____strrev
| choke me
| #endif
| 
| int
| main (void)
| {
| return _strrev ();
|   ;
|   return 0;
| }
configure:19549: result: no
configure:19555: checking for _strupr
configure:19555: gcc -o conftest -g -O2 -Iinclude -I/home/kai/SDl2/include -idirafter /home/kai/SDl2/src/video/khronos   -Iinclude -I/home/kai/SDl2/include -idirafter /home/kai/SDl2/src/video/khronos   conftest.c  >&5
/usr/bin/ld: /tmp/cct68wzm.o: in function `main':
/home/kai/SDl2/conftest.c:99:(.text.startup+0x5): undefined reference to `_strupr'
collect2: error: ld returned 1 exit status
configure:19555: $? = 1
configure: failed program was:
| /* confdefs.h */
| #define PACKAGE_NAME ""
| #define PACKAGE_TARNAME ""
| #define PACKAGE_VERSION ""
| #define PACKAGE_STRING ""
| #define PACKAGE_BUGREPORT ""
| #define PACKAGE_URL ""
| #define HAVE_STDIO_H 1
| #define HAVE_STDLIB_H 1
| #define HAVE_STRING_H 1
| #define HAVE_INTTYPES_H 1
| #define HAVE_STDINT_H 1
| #define HAVE_STRINGS_H 1
| #define HAVE_SYS_STAT_H 1
| #define HAVE_SYS_TYPES_H 1
| #define HAVE_UNISTD_H 1
| #define STDC_HEADERS 1
| #define HAVE_DLFCN_H 1
| #define LT_OBJDIR ".libs/"
| #define HAVE_LIBC 1
| #define HAVE_SYS_TYPES_H 1
| #define HAVE_STDIO_H 1
| #define HAVE_STDLIB_H 1
| #define HAVE_STDDEF_H 1
| #define HAVE_STDARG_H 1
| #define HAVE_MALLOC_H 1
| #define HAVE_MEMORY_H 1
| #define HAVE_STRING_H 1
| #define HAVE_STRINGS_H 1
| #define HAVE_WCHAR_H 1
| #define HAVE_INTTYPES_H 1
| #define HAVE_STDINT_H 1
| #define HAVE_LIMITS_H 1
| #define HAVE_CTYPE_H 1
| #define HAVE_MATH_H 1
| #define HAVE_FLOAT_H 1
| #define HAVE_ICONV_H 1
| #define HAVE_SIGNAL_H 1
| #define HAVE_M_PI /**/
| #define HAVE_ALLOCA_H 1
| #define HAVE_ALLOCA 1
| #define HAVE_MPROTECT 1
| #define HAVE_MALLOC 1
| #define HAVE_CALLOC 1
| #define HAVE_REALLOC 1
| #define HAVE_FREE 1
| #define HAVE_GETENV 1
| #define HAVE_SETENV 1
| #define HAVE_PUTENV 1
| #define HAVE_UNSETENV 1
| #define HAVE_BSEARCH 1
| #define HAVE_QSORT 1
| #define HAVE_ABS 1
| #define HAVE_BCOPY 1
| #define HAVE_MEMSET 1
| #define HAVE_MEMCMP 1
| #define HAVE_MEMCPY 1
| #define HAVE_MEMMOVE 1
| #define HAVE_WCSLEN 1
| #define HAVE_WCSLCPY 1
| #define HAVE_WCSLCAT 1
| #define HAVE_WCSDUP 1
| #define HAVE_WCSSTR 1
| #define HAVE_WCSCMP 1
| #define HAVE_WCSNCMP 1
| #define HAVE_WCSCASECMP 1
| #define HAVE_WCSNCASECMP 1
| #define HAVE_STRLEN 1
| #define HAVE_STRLCPY 1
| #define HAVE_STRLCAT 1
| /* end confdefs.h.  */
| /* Define _strupr to an innocuous variant, in case <limits.h> declares _strupr.
|    For example, HP-UX 11i <limits.h> declares gettimeofday.  */
| #define _strupr innocuous__strupr
| 
| /* System header to define __stub macros and hopefully few prototypes,
|    which can conflict with char _strupr (); below.  */
| 
| #include <limits.h>
| #undef _strupr
| 
| /* Override any GCC internal prototype to avoid an error.
|    Use char because int might match the return type of a GCC
|    builtin and then its argument prototype would still apply.  */
| #ifdef __cplusplus
| extern "C"
| #endif
| char _strupr ();
| /* The GNU C library defines this for functions which it implements
|     to always fail with ENOSYS.  Some functions are actually named
|     something starting with __ and the normal name is an alias.  */
| #if defined __stub__strupr || defined __stub____strupr
| choke me
| #endif
| 
| int
| main (void)
| {
| return _strupr ();
|   ;
|   return 0;
| }
configure:19555: result: no
configure:19561: checking for _strlwr
configure:19561: gcc -o conftest -g -O2 -Iinclude -I/home/kai/SDl2/include -idirafter /home/kai/SDl2/src/video/khronos   -Iinclude -I/home/kai/SDl2/include -idirafter /home/kai/SDl2/src/video/khronos   conftest.c  >&5
/usr/bin/ld: /tmp/ccvtAuf2.o: in function `main':
/home/kai/SDl2/conftest.c:99:(.text.startup+0x5): undefined reference to `_strlwr'
collect2: error: ld returned 1 exit status
configure:19561: $? = 1
configure: failed program was:
| /* confdefs.h */
| #define PACKAGE_NAME ""
| #define PACKAGE_TARNAME ""
| #define PACKAGE_VERSION ""
| #define PACKAGE_STRING ""
| #define PACKAGE_BUGREPORT ""
| #define PACKAGE_URL ""
| #define HAVE_STDIO_H 1
| #define HAVE_STDLIB_H 1
| #define HAVE_STRING_H 1
| #define HAVE_INTTYPES_H 1
| #define HAVE_STDINT_H 1
| #define HAVE_STRINGS_H 1
| #define HAVE_SYS_STAT_H 1
| #define HAVE_SYS_TYPES_H 1
| #define HAVE_UNISTD_H 1
| #define STDC_HEADERS 1
| #define HAVE_DLFCN_H 1
| #define LT_OBJDIR ".libs/"
| #define HAVE_LIBC 1
| #define HAVE_SYS_TYPES_H 1
| #define HAVE_STDIO_H 1
| #define HAVE_STDLIB_H 1
| #define HAVE_STDDEF_H 1
| #define HAVE_STDARG_H 1
| #define HAVE_MALLOC_H 1
| #define HAVE_MEMORY_H 1
| #define HAVE_STRING_H 1
| #define HAVE_STRINGS_H 1
| #define HAVE_WCHAR_H 1
| #define HAVE_INTTYPES_H 1
| #define HAVE_STDINT_H 1
| #define HAVE_LIMITS_H 1
| #define HAVE_CTYPE_H 1
| #define HAVE_MATH_H 1
| #define HAVE_FLOAT_H 1
| #define HAVE_ICONV_H 1
| #define HAVE_SIGNAL_H 1
| #define HAVE_M_PI /**/
| #define HAVE_ALLOCA_H 1
| #define HAVE_ALLOCA 1
| #define HAVE_MPROTECT 1
| #define HAVE_MALLOC 1
| #define HAVE_CALLOC 1
| #define HAVE_REALLOC 1
| #define HAVE_FREE 1
| #define HAVE_GETENV 1
| #define HAVE_SETENV 1
| #define HAVE_PUTENV 1
| #define HAVE_UNSETENV 1
| #define HAVE_BSEARCH 1
| #define HAVE_QSORT 1
| #define HAVE_ABS 1
| #define HAVE_BCOPY 1
| #define HAVE_MEMSET 1
| #define HAVE_MEMCMP 1
| #define HAVE_MEMCPY 1
| #define HAVE_MEMMOVE 1
| #define HAVE_WCSLEN 1
| #define HAVE_WCSLCPY 1
| #define HAVE_WCSLCAT 1
| #define HAVE_WCSDUP 1
| #define HAVE_WCSSTR 1
| #define HAVE_WCSCMP 1
| #define HAVE_WCSNCMP 1
| #define HAVE_WCSCASECMP 1
| #define HAVE_WCSNCASECMP 1
| #define HAVE_STRLEN 1
| #define HAVE_STRLCPY 1
| #define HAVE_STRLCAT 1
| /* end confdefs.h.  */
| /* Define _strlwr to an innocuous variant, in case <limits.h> declares _strlwr.
|    For example, HP-UX 11i <limits.h> declares gettimeofday.  */
| #define _strlwr innocuous__strlwr
| 
| /* System header to define __stub macros and hopefully few prototypes,
|    which can conflict with char _strlwr (); below.  */
| 
| #include <limits.h>
| #undef _strlwr
| 
| /* Override any GCC internal prototype to avoid an error.
|    Use char because int might match the return type of a GCC
|    builtin and then its argument prototype would still apply.  */
| #ifdef __cplusplus
| extern "C"
| #endif
| char _strlwr ();
| /* The GNU C library defines this for functions which it implements
|     to always fail with ENOSYS.  Some functions are actually named
|     something starting with __ and the normal name is an alias.  */
| #if defined __stub__strlwr || defined __stub____strlwr
| choke me
| #endif
| 
| int
| main (void)
| {
| return _strlwr ();
|   ;
|   return 0;
| }
configure:19561: result: no
configure:19567: checking for index
configure:19567: gcc -o conftest -g -O2 -Iinclude -I/home/kai/SDl2/include -idirafter /home/kai/SDl2/src/video/khronos   -Iinclude -I/home/kai/SDl2/include -idirafter /home/kai/SDl2/src/video/khronos   conftest.c  >&5
conftest.c:88:6: warning: conflicting types for built-in function 'index'; expected 'char *(const char *, int)' [-Wbuiltin-declaration-mismatch]
   88 | char index ();
      |      ^~~~~
configure:19567: $? = 0
configure:19567: result: yes
configure:19573: checking for rindex
configure:19573: gcc -o conftest -g -O2 -Iinclude -I/home/kai/SDl2/include -idirafter /home/kai/SDl2/src/video/khronos   -Iinclude -I/home/kai/SDl2/include -idirafter /home/kai/SDl2/src/video/khronos   conftest.c  >&5
conftest.c:89:6: warning: conflicting types for built-in function 'rindex'; expected 'char *(const char *, int)' [-Wbuiltin-declaration-mismatch]
   89 | char rindex ();
      |      ^~~~~~
configure:19573: $? = 0
configure:19573: result: yes
configure:19579: checking for strchr
configure:19579: gcc -o conftest -g -O2 -Iinclude -I/home/kai/SDl2/include -idirafter /home/kai/SDl2/src/video/khronos   -Iinclude -I/home/kai/SDl2/include -idirafter /home/kai/SDl2/src/video/khronos   conftest.c  >&5
conftest.c:90:6: warning: conflicting types for built-in function 'strchr'; expected 'char *(const char *, int)' [-Wbuiltin-declaration-mismatch]
   90 | char strchr ();
      |      ^~~~~~
conftest.c:82:1: note: 'strchr' is declared in header '<string.h>'
   81 | #include <limits.h>
   82 | #undef strchr
configure:19579: $? = 0
configure:19579: result: yes
configure:19585: checking for strrchr
configure:19585: gcc -o conftest -g -O2 -Iinclude -I/home/kai/SDl2/include -idirafter /home/kai/SDl2/src/video/khronos   -Iinclude -I/home/kai/SDl2/include -idirafter /home/kai/SDl2/src/video/khronos   conftest.c  >&5
conftest.c:91:6: warning: conflicting types for built-in function 'strrchr'; expected 'char *(const char *, int)' [-Wbuiltin-declaration-mismatch]
   91 | char strrchr ();
      |      ^~~~~~~
conftest.c:83:1: note: 'strrchr' is declared in header '<string.h>'
   82 | #include <limits.h>
   83 | #undef strrchr
configure:19585: $? = 0
configure:19585: result: yes
configure:19591: checking for strstr
configure:19591: gcc -o conftest -g -O2 -Iinclude -I/home/kai/SDl2/include -idirafter /home/kai/SDl2/src/video/khronos   -Iinclude -I/home/kai/SDl2/include -idirafter /home/kai/SDl2/src/video/khronos   conftest.c  >&5
conftest.c:92:6: warning: conflicting types for built-in function 'strstr'; expected 'char *(const char *, const char *)' [-Wbuiltin-declaration-mismatch]
   92 | char strstr ();
      |      ^~~~~~
conftest.c:84:1: note: 'strstr' is declared in header '<string.h>'
   83 | #include <limits.h>
   84 | #undef strstr
configure:19591: $? = 0
configure:19591: result: yes
configure:19597: checking for strtok_r
configure:19597: gcc -o conftest -g -O2 -Iinclude -I/home/kai/SDl2/include -idirafter /home/kai/SDl2/src/video/khronos   -Iinclude -I/home/kai/SDl2/include -idirafter /home/kai/SDl2/src/video/khronos   conftest.c  >&5
configure:19597: $? = 0
configure:19597: result: yes
configure:19603: checking for itoa
configure:19603: gcc -o conftest -g -O2 -Iinclude -I/home/kai/SDl2/include -idirafter /home/kai/SDl2/src/video/khronos   -Iinclude -I/home/kai/SDl2/include -idirafter /home/kai/SDl2/src/video/khronos   conftest.c  >&5
/usr/bin/ld: /tmp/ccqaxQ8A.o: in function `main':
/home/kai/SDl2/conftest.c:105:(.text.startup+0x5): undefined reference to `itoa'
collect2: error: ld returned 1 exit status
configure:19603: $? = 1
configure: failed program was:
| /* confdefs.h */
| #define PACKAGE_NAME ""
| #define PACKAGE_TARNAME ""
| #define PACKAGE_VERSION ""
| #define PACKAGE_STRING ""
| #define PACKAGE_BUGREPORT ""
| #define PACKAGE_URL ""
| #define HAVE_STDIO_H 1
| #define HAVE_STDLIB_H 1
| #define HAVE_STRING_H 1
| #define HAVE_INTTYPES_H 1
| #define HAVE_STDINT_H 1
| #define HAVE_STRINGS_H 1
| #define HAVE_SYS_STAT_H 1
| #define HAVE_SYS_TYPES_H 1
| #define HAVE_UNISTD_H 1
| #define STDC_HEADERS 1
| #define HAVE_DLFCN_H 1
| #define LT_OBJDIR ".libs/"
| #define HAVE_LIBC 1
| #define HAVE_SYS_TYPES_H 1
| #define HAVE_STDIO_H 1
| #define HAVE_STDLIB_H 1
| #define HAVE_STDDEF_H 1
| #define HAVE_STDARG_H 1
| #define HAVE_MALLOC_H 1
| #define HAVE_MEMORY_H 1
| #define HAVE_STRING_H 1
| #define HAVE_STRINGS_H 1
| #define HAVE_WCHAR_H 1
| #define HAVE_INTTYPES_H 1
| #define HAVE_STDINT_H 1
| #define HAVE_LIMITS_H 1
| #define HAVE_CTYPE_H 1
| #define HAVE_MATH_H 1
| #define HAVE_FLOAT_H 1
| #define HAVE_ICONV_H 1
| #define HAVE_SIGNAL_H 1
| #define HAVE_M_PI /**/
| #define HAVE_ALLOCA_H 1
| #define HAVE_ALLOCA 1
| #define HAVE_MPROTECT 1
| #define HAVE_MALLOC 1
| #define HAVE_CALLOC 1
| #define HAVE_REALLOC 1
| #define HAVE_FREE 1
| #define HAVE_GETENV 1
| #define HAVE_SETENV 1
| #define HAVE_PUTENV 1
| #define HAVE_UNSETENV 1
| #define HAVE_BSEARCH 1
| #define HAVE_QSORT 1
| #define HAVE_ABS 1
| #define HAVE_BCOPY 1
| #define HAVE_MEMSET 1
| #define HAVE_MEMCMP 1
| #define HAVE_MEMCPY 1
| #define HAVE_MEMMOVE 1
| #define HAVE_WCSLEN 1
| #define HAVE_WCSLCPY 1
| #define HAVE_WCSLCAT 1
| #define HAVE_WCSDUP 1
| #define HAVE_WCSSTR 1
| #define HAVE_WCSCMP 1
| #define HAVE_WCSNCMP 1
| #define HAVE_WCSCASECMP 1
| #define HAVE_WCSNCASECMP 1
| #define HAVE_STRLEN 1
| #define HAVE_STRLCPY 1
| #define HAVE_STRLCAT 1
| #define HAVE_INDEX 1
| #define HAVE_RINDEX 1
| #define HAVE_STRCHR 1
| #define HAVE_STRRCHR 1
| #define HAVE_STRSTR 1
| #define HAVE_STRTOK_R 1
| /* end confdefs.h.  */
| /* Define itoa to an innocuous variant, in case <limits.h> declares itoa.
|    For example, HP-UX 11i <limits.h> declares gettimeofday.  */
| #define itoa innocuous_itoa
| 
| /* System header to define __stub macros and hopefully few prototypes,
|    which can conflict with char itoa (); below.  */
| 
| #include <limits.h>
| #undef itoa
| 
| /* Override any GCC internal prototype to avoid an error.
|    Use char because int might match the return type of a GCC
|    builtin and then its argument prototype would still apply.  */
| #ifdef __cplusplus
| extern "C"
| #endif
| char itoa ();
| /* The GNU C library defines this for functions which it implements
|     to always fail with ENOSYS.  Some functions are actually named
|     something starting with __ and the normal name is an alias.  */
| #if defined __stub_itoa || defined __stub___itoa
| choke me
| #endif
| 
| int
| main (void)
| {
| return itoa ();
|   ;
|   return 0;
| }
configure:19603: result: no
configure:19609: checking for _ltoa
configure:19609: gcc -o conftest -g -O2 -Iinclude -I/home/kai/SDl2/include -idirafter /home/kai/SDl2/src/video/khronos   -Iinclude -I/home/kai/SDl2/include -idirafter /home/kai/SDl2/src/video/khronos   conftest.c  >&5
/usr/bin/ld: /tmp/ccZ0blrn.o: in function `main':
/home/kai/SDl2/conftest.c:105:(.text.startup+0x5): undefined reference to `_ltoa'
collect2: error: ld returned 1 exit status
configure:19609: $? = 1
configure: failed program was:
| /* confdefs.h */
| #define PACKAGE_NAME ""
| #define PACKAGE_TARNAME ""
| #define PACKAGE_VERSION ""
| #define PACKAGE_STRING ""
| #define PACKAGE_BUGREPORT ""
| #define PACKAGE_URL ""
| #define HAVE_STDIO_H 1
| #define HAVE_STDLIB_H 1
| #define HAVE_STRING_H 1
| #define HAVE_INTTYPES_H 1
| #define HAVE_STDINT_H 1
| #define HAVE_STRINGS_H 1
| #define HAVE_SYS_STAT_H 1
| #define HAVE_SYS_TYPES_H 1
| #define HAVE_UNISTD_H 1
| #define STDC_HEADERS 1
| #define HAVE_DLFCN_H 1
| #define LT_OBJDIR ".libs/"
| #define HAVE_LIBC 1
| #define HAVE_SYS_TYPES_H 1
| #define HAVE_STDIO_H 1
| #define HAVE_STDLIB_H 1
| #define HAVE_STDDEF_H 1
| #define HAVE_STDARG_H 1
| #define HAVE_MALLOC_H 1
| #define HAVE_MEMORY_H 1
| #define HAVE_STRING_H 1
| #define HAVE_STRINGS_H 1
| #define HAVE_WCHAR_H 1
| #define HAVE_INTTYPES_H 1
| #define HAVE_STDINT_H 1
| #define HAVE_LIMITS_H 1
| #define HAVE_CTYPE_H 1
| #define HAVE_MATH_H 1
| #define HAVE_FLOAT_H 1
| #define HAVE_ICONV_H 1
| #define HAVE_SIGNAL_H 1
| #define HAVE_M_PI /**/
| #define HAVE_ALLOCA_H 1
| #define HAVE_ALLOCA 1
| #define HAVE_MPROTECT 1
| #define HAVE_MALLOC 1
| #define HAVE_CALLOC 1
| #define HAVE_REALLOC 1
| #define HAVE_FREE 1
| #define HAVE_GETENV 1
| #define HAVE_SETENV 1
| #define HAVE_PUTENV 1
| #define HAVE_UNSETENV 1
| #define HAVE_BSEARCH 1
| #define HAVE_QSORT 1
| #define HAVE_ABS 1
| #define HAVE_BCOPY 1
| #define HAVE_MEMSET 1
| #define HAVE_MEMCMP 1
| #define HAVE_MEMCPY 1
| #define HAVE_MEMMOVE 1
| #define HAVE_WCSLEN 1
| #define HAVE_WCSLCPY 1
| #define HAVE_WCSLCAT 1
| #define HAVE_WCSDUP 1
| #define HAVE_WCSSTR 1
| #define HAVE_WCSCMP 1
| #define HAVE_WCSNCMP 1
| #define HAVE_WCSCASECMP 1
| #define HAVE_WCSNCASECMP 1
| #define HAVE_STRLEN 1
| #define HAVE_STRLCPY 1
| #define HAVE_STRLCAT 1
| #define HAVE_INDEX 1
| #define HAVE_RINDEX 1
| #define HAVE_STRCHR 1
| #define HAVE_STRRCHR 1
| #define HAVE_STRSTR 1
| #define HAVE_STRTOK_R 1
| /* end confdefs.h.  */
| /* Define _ltoa to an innocuous variant, in case <limits.h> declares _ltoa.
|    For example, HP-UX 11i <limits.h> declares gettimeofday.  */
| #define _ltoa innocuous__ltoa
| 
| /* System header to define __stub macros and hopefully few prototypes,
|    which can conflict with char _ltoa (); below.  */
| 
| #include <limits.h>
| #undef _ltoa
| 
| /* Override any GCC internal prototype to avoid an error.
|    Use char because int might match the return type of a GCC
|    builtin and then its argument prototype would still apply.  */
| #ifdef __cplusplus
| extern "C"
| #endif
| char _ltoa ();
| /* The GNU C library defines this for functions which it implements
|     to always fail with ENOSYS.  Some functions are actually named
|     something starting with __ and the normal name is an alias.  */
| #if defined __stub__ltoa || defined __stub____ltoa
| choke me
| #endif
| 
| int
| main (void)
| {
| return _ltoa ();
|   ;
|   return 0;
| }
configure:19609: result: no
configure:19615: checking for _uitoa
configure:19615: gcc -o conftest -g -O2 -Iinclude -I/home/kai/SDl2/include -idirafter /home/kai/SDl2/src/video/khronos   -Iinclude -I/home/kai/SDl2/include -idirafter /home/kai/SDl2/src/video/khronos   conftest.c  >&5
/usr/bin/ld: /tmp/ccZ7hEiq.o: in function `main':
/home/kai/SDl2/conftest.c:105:(.text.startup+0x5): undefined reference to `_uitoa'
collect2: error: ld returned 1 exit status
configure:19615: $? = 1
configure: failed program was:
| /* confdefs.h */
| #define PACKAGE_NAME ""
| #define PACKAGE_TARNAME ""
| #define PACKAGE_VERSION ""
| #define PACKAGE_STRING ""
| #define PACKAGE_BUGREPORT ""
| #define PACKAGE_URL ""
| #define HAVE_STDIO_H 1
| #define HAVE_STDLIB_H 1
| #define HAVE_STRING_H 1
| #define HAVE_INTTYPES_H 1
| #define HAVE_STDINT_H 1
| #define HAVE_STRINGS_H 1
| #define HAVE_SYS_STAT_H 1
| #define HAVE_SYS_TYPES_H 1
| #define HAVE_UNISTD_H 1
| #define STDC_HEADERS 1
| #define HAVE_DLFCN_H 1
| #define LT_OBJDIR ".libs/"
| #define HAVE_LIBC 1
| #define HAVE_SYS_TYPES_H 1
| #define HAVE_STDIO_H 1
| #define HAVE_STDLIB_H 1
| #define HAVE_STDDEF_H 1
| #define HAVE_STDARG_H 1
| #define HAVE_MALLOC_H 1
| #define HAVE_MEMORY_H 1
| #define HAVE_STRING_H 1
| #define HAVE_STRINGS_H 1
| #define HAVE_WCHAR_H 1
| #define HAVE_INTTYPES_H 1
| #define HAVE_STDINT_H 1
| #define HAVE_LIMITS_H 1
| #define HAVE_CTYPE_H 1
| #define HAVE_MATH_H 1
| #define HAVE_FLOAT_H 1
| #define HAVE_ICONV_H 1
| #define HAVE_SIGNAL_H 1
| #define HAVE_M_PI /**/
| #define HAVE_ALLOCA_H 1
| #define HAVE_ALLOCA 1
| #define HAVE_MPROTECT 1
| #define HAVE_MALLOC 1
| #define HAVE_CALLOC 1
| #define HAVE_REALLOC 1
| #define HAVE_FREE 1
| #define HAVE_GETENV 1
| #define HAVE_SETENV 1
| #define HAVE_PUTENV 1
| #define HAVE_UNSETENV 1
| #define HAVE_BSEARCH 1
| #define HAVE_QSORT 1
| #define HAVE_ABS 1
| #define HAVE_BCOPY 1
| #define HAVE_MEMSET 1
| #define HAVE_MEMCMP 1
| #define HAVE_MEMCPY 1
| #define HAVE_MEMMOVE 1
| #define HAVE_WCSLEN 1
| #define HAVE_WCSLCPY 1
| #define HAVE_WCSLCAT 1
| #define HAVE_WCSDUP 1
| #define HAVE_WCSSTR 1
| #define HAVE_WCSCMP 1
| #define HAVE_WCSNCMP 1
| #define HAVE_WCSCASECMP 1
| #define HAVE_WCSNCASECMP 1
| #define HAVE_STRLEN 1
| #define HAVE_STRLCPY 1
| #define HAVE_STRLCAT 1
| #define HAVE_INDEX 1
| #define HAVE_RINDEX 1
| #define HAVE_STRCHR 1
| #define HAVE_STRRCHR 1
| #define HAVE_STRSTR 1
| #define HAVE_STRTOK_R 1
| /* end confdefs.h.  */
| /* Define _uitoa to an innocuous variant, in case <limits.h> declares _uitoa.
|    For example, HP-UX 11i <limits.h> declares gettimeofday.  */
| #define _uitoa innocuous__uitoa
| 
| /* System header to define __stub macros and hopefully few prototypes,
|    which can conflict with char _uitoa (); below.  */
| 
| #include <limits.h>
| #undef _uitoa
| 
| /* Override any GCC internal prototype to avoid an error.
|    Use char because int might match the return type of a GCC
|    builtin and then its argument prototype would still apply.  */
| #ifdef __cplusplus
| extern "C"
| #endif
| char _uitoa ();
| /* The GNU C library defines this for functions which it implements
|     to always fail with ENOSYS.  Some functions are actually named
|     something starting with __ and the normal name is an alias.  */
| #if defined __stub__uitoa || defined __stub____uitoa
| choke me
| #endif
| 
| int
| main (void)
| {
| return _uitoa ();
|   ;
|   return 0;
| }
configure:19615: result: no
configure:19621: checking for _ultoa
configure:19621: gcc -o conftest -g -O2 -Iinclude -I/home/kai/SDl2/include -idirafter /home/kai/SDl2/src/video/khronos   -Iinclude -I/home/kai/SDl2/include -idirafter /home/kai/SDl2/src/video/khronos   conftest.c  >&5
/usr/bin/ld: /tmp/cclcmJCy.o: in function `main':
/home/kai/SDl2/conftest.c:105:(.text.startup+0x5): undefined reference to `_ultoa'
collect2: error: ld returned 1 exit status
configure:19621: $? = 1
configure: failed program was:
| /* confdefs.h */
| #define PACKAGE_NAME ""
| #define PACKAGE_TARNAME ""
| #define PACKAGE_VERSION ""
| #define PACKAGE_STRING ""
| #define PACKAGE_BUGREPORT ""
| #define PACKAGE_URL ""
| #define HAVE_STDIO_H 1
| #define HAVE_STDLIB_H 1
| #define HAVE_STRING_H 1
| #define HAVE_INTTYPES_H 1
| #define HAVE_STDINT_H 1
| #define HAVE_STRINGS_H 1
| #define HAVE_SYS_STAT_H 1
| #define HAVE_SYS_TYPES_H 1
| #define HAVE_UNISTD_H 1
| #define STDC_HEADERS 1
| #define HAVE_DLFCN_H 1
| #define LT_OBJDIR ".libs/"
| #define HAVE_LIBC 1
| #define HAVE_SYS_TYPES_H 1
| #define HAVE_STDIO_H 1
| #define HAVE_STDLIB_H 1
| #define HAVE_STDDEF_H 1
| #define HAVE_STDARG_H 1
| #define HAVE_MALLOC_H 1
| #define HAVE_MEMORY_H 1
| #define HAVE_STRING_H 1
| #define HAVE_STRINGS_H 1
| #define HAVE_WCHAR_H 1
| #define HAVE_INTTYPES_H 1
| #define HAVE_STDINT_H 1
| #define HAVE_LIMITS_H 1
| #define HAVE_CTYPE_H 1
| #define HAVE_MATH_H 1
| #define HAVE_FLOAT_H 1
| #define HAVE_ICONV_H 1
| #define HAVE_SIGNAL_H 1
| #define HAVE_M_PI /**/
| #define HAVE_ALLOCA_H 1
| #define HAVE_ALLOCA 1
| #define HAVE_MPROTECT 1
| #define HAVE_MALLOC 1
| #define HAVE_CALLOC 1
| #define HAVE_REALLOC 1
| #define HAVE_FREE 1
| #define HAVE_GETENV 1
| #define HAVE_SETENV 1
| #define HAVE_PUTENV 1
| #define HAVE_UNSETENV 1
| #define HAVE_BSEARCH 1
| #define HAVE_QSORT 1
| #define HAVE_ABS 1
| #define HAVE_BCOPY 1
| #define HAVE_MEMSET 1
| #define HAVE_MEMCMP 1
| #define HAVE_MEMCPY 1
| #define HAVE_MEMMOVE 1
| #define HAVE_WCSLEN 1
| #define HAVE_WCSLCPY 1
| #define HAVE_WCSLCAT 1
| #define HAVE_WCSDUP 1
| #define HAVE_WCSSTR 1
| #define HAVE_WCSCMP 1
| #define HAVE_WCSNCMP 1
| #define HAVE_WCSCASECMP 1
| #define HAVE_WCSNCASECMP 1
| #define HAVE_STRLEN 1
| #define HAVE_STRLCPY 1
| #define HAVE_STRLCAT 1
| #define HAVE_INDEX 1
| #define HAVE_RINDEX 1
| #define HAVE_STRCHR 1
| #define HAVE_STRRCHR 1
| #define HAVE_STRSTR 1
| #define HAVE_STRTOK_R 1
| /* end confdefs.h.  */
| /* Define _ultoa to an innocuous variant, in case <limits.h> declares _ultoa.
|    For example, HP-UX 11i <limits.h> declares gettimeofday.  */
| #define _ultoa innocuous__ultoa
| 
| /* System header to define __stub macros and hopefully few prototypes,
|    which can conflict with char _ultoa (); below.  */
| 
| #include <limits.h>
| #undef _ultoa
| 
| /* Override any GCC internal prototype to avoid an error.
|    Use char because int might match the return type of a GCC
|    builtin and then its argument prototype would still apply.  */
| #ifdef __cplusplus
| extern "C"
| #endif
| char _ultoa ();
| /* The GNU C library defines this for functions which it implements
|     to always fail with ENOSYS.  Some functions are actually named
|     something starting with __ and the normal name is an alias.  */
| #if defined __stub__ultoa || defined __stub____ultoa
| choke me
| #endif
| 
| int
| main (void)
| {
| return _ultoa ();
|   ;
|   return 0;
| }
configure:19621: result: no
configure:19627: checking for strtod
configure:19627: gcc -o conftest -g -O2 -Iinclude -I/home/kai/SDl2/include -idirafter /home/kai/SDl2/src/video/khronos   -Iinclude -I/home/kai/SDl2/include -idirafter /home/kai/SDl2/src/video/khronos   conftest.c  >&5
configure:19627: $? = 0
configure:19627: result: yes
configure:19633: checking for strtol
configure:19633: gcc -o conftest -g -O2 -Iinclude -I/home/kai/SDl2/include -idirafter /home/kai/SDl2/src/video/khronos   -Iinclude -I/home/kai/SDl2/include -idirafter /home/kai/SDl2/src/video/khronos   conftest.c  >&5
configure:19633: $? = 0
configure:19633: result: yes
configure:19639: checking for strtoul
configure:19639: gcc -o conftest -g -O2 -Iinclude -I/home/kai/SDl2/include -idirafter /home/kai/SDl2/src/video/khronos   -Iinclude -I/home/kai/SDl2/include -idirafter /home/kai/SDl2/src/video/khronos   conftest.c  >&5
configure:19639: $? = 0
configure:19639: result: yes
configure:19645: checking for _i64toa
configure:19645: gcc -o conftest -g -O2 -Iinclude -I/home/kai/SDl2/include -idirafter /home/kai/SDl2/src/video/khronos   -Iinclude -I/home/kai/SDl2/include -idirafter /home/kai/SDl2/src/video/khronos   conftest.c  >&5
/usr/bin/ld: /tmp/ccnILS9L.o: in function `main':
/home/kai/SDl2/conftest.c:108:(.text.startup+0x5): undefined reference to `_i64toa'
collect2: error: ld returned 1 exit status
configure:19645: $? = 1
configure: failed program was:
| /* confdefs.h */
| #define PACKAGE_NAME ""
| #define PACKAGE_TARNAME ""
| #define PACKAGE_VERSION ""
| #define PACKAGE_STRING ""
| #define PACKAGE_BUGREPORT ""
| #define PACKAGE_URL ""
| #define HAVE_STDIO_H 1
| #define HAVE_STDLIB_H 1
| #define HAVE_STRING_H 1
| #define HAVE_INTTYPES_H 1
| #define HAVE_STDINT_H 1
| #define HAVE_STRINGS_H 1
| #define HAVE_SYS_STAT_H 1
| #define HAVE_SYS_TYPES_H 1
| #define HAVE_UNISTD_H 1
| #define STDC_HEADERS 1
| #define HAVE_DLFCN_H 1
| #define LT_OBJDIR ".libs/"
| #define HAVE_LIBC 1
| #define HAVE_SYS_TYPES_H 1
| #define HAVE_STDIO_H 1
| #define HAVE_STDLIB_H 1
| #define HAVE_STDDEF_H 1
| #define HAVE_STDARG_H 1
| #define HAVE_MALLOC_H 1
| #define HAVE_MEMORY_H 1
| #define HAVE_STRING_H 1
| #define HAVE_STRINGS_H 1
| #define HAVE_WCHAR_H 1
| #define HAVE_INTTYPES_H 1
| #define HAVE_STDINT_H 1
| #define HAVE_LIMITS_H 1
| #define HAVE_CTYPE_H 1
| #define HAVE_MATH_H 1
| #define HAVE_FLOAT_H 1
| #define HAVE_ICONV_H 1
| #define HAVE_SIGNAL_H 1
| #define HAVE_M_PI /**/
| #define HAVE_ALLOCA_H 1
| #define HAVE_ALLOCA 1
| #define HAVE_MPROTECT 1
| #define HAVE_MALLOC 1
| #define HAVE_CALLOC 1
| #define HAVE_REALLOC 1
| #define HAVE_FREE 1
| #define HAVE_GETENV 1
| #define HAVE_SETENV 1
| #define HAVE_PUTENV 1
| #define HAVE_UNSETENV 1
| #define HAVE_BSEARCH 1
| #define HAVE_QSORT 1
| #define HAVE_ABS 1
| #define HAVE_BCOPY 1
| #define HAVE_MEMSET 1
| #define HAVE_MEMCMP 1
| #define HAVE_MEMCPY 1
| #define HAVE_MEMMOVE 1
| #define HAVE_WCSLEN 1
| #define HAVE_WCSLCPY 1
| #define HAVE_WCSLCAT 1
| #define HAVE_WCSDUP 1
| #define HAVE_WCSSTR 1
| #define HAVE_WCSCMP 1
| #define HAVE_WCSNCMP 1
| #define HAVE_WCSCASECMP 1
| #define HAVE_WCSNCASECMP 1
| #define HAVE_STRLEN 1
| #define HAVE_STRLCPY 1
| #define HAVE_STRLCAT 1
| #define HAVE_INDEX 1
| #define HAVE_RINDEX 1
| #define HAVE_STRCHR 1
| #define HAVE_STRRCHR 1
| #define HAVE_STRSTR 1
| #define HAVE_STRTOK_R 1
| #define HAVE_STRTOD 1
| #define HAVE_STRTOL 1
| #define HAVE_STRTOUL 1
| /* end confdefs.h.  */
| /* Define _i64toa to an innocuous variant, in case <limits.h> declares _i64toa.
|    For example, HP-UX 11i <limits.h> declares gettimeofday.  */
| #define _i64toa innocuous__i64toa
| 
| /* System header to define __stub macros and hopefully few prototypes,
|    which can conflict with char _i64toa (); below.  */
| 
| #include <limits.h>
| #undef _i64toa
| 
| /* Override any GCC internal prototype to avoid an error.
|    Use char because int might match the return type of a GCC
|    builtin and then its argument prototype would still apply.  */
| #ifdef __cplusplus
| extern "C"
| #endif
| char _i64toa ();
| /* The GNU C library defines this for functions which it implements
|     to always fail with ENOSYS.  Some functions are actually named
|     something starting with __ and the normal name is an alias.  */
| #if defined __stub__i64toa || defined __stub____i64toa
| choke me
| #endif
| 
| int
| main (void)
| {
| return _i64toa ();
|   ;
|   return 0;
| }
configure:19645: result: no
configure:19651: checking for _ui64toa
configure:19651: gcc -o conftest -g -O2 -Iinclude -I/home/kai/SDl2/include -idirafter /home/kai/SDl2/src/video/khronos   -Iinclude -I/home/kai/SDl2/include -idirafter /home/kai/SDl2/src/video/khronos   conftest.c  >&5
/usr/bin/ld: /tmp/ccsv6B4E.o: in function `main':
/home/kai/SDl2/conftest.c:108:(.text.startup+0x5): undefined reference to `_ui64toa'
collect2: error: ld returned 1 exit status
configure:19651: $? = 1
configure: failed program was:
| /* confdefs.h */
| #define PACKAGE_NAME ""
| #define PACKAGE_TARNAME ""
| #define PACKAGE_VERSION ""
| #define PACKAGE_STRING ""
| #define PACKAGE_BUGREPORT ""
| #define PACKAGE_URL ""
| #define HAVE_STDIO_H 1
| #define HAVE_STDLIB_H 1
| #define HAVE_STRING_H 1
| #define HAVE_INTTYPES_H 1
| #define HAVE_STDINT_H 1
| #define HAVE_STRINGS_H 1
| #define HAVE_SYS_STAT_H 1
| #define HAVE_SYS_TYPES_H 1
| #define HAVE_UNISTD_H 1
| #define STDC_HEADERS 1
| #define HAVE_DLFCN_H 1
| #define LT_OBJDIR ".libs/"
| #define HAVE_LIBC 1
| #define HAVE_SYS_TYPES_H 1
| #define HAVE_STDIO_H 1
| #define HAVE_STDLIB_H 1
| #define HAVE_STDDEF_H 1
| #define HAVE_STDARG_H 1
| #define HAVE_MALLOC_H 1
| #define HAVE_MEMORY_H 1
| #define HAVE_STRING_H 1
| #define HAVE_STRINGS_H 1
| #define HAVE_WCHAR_H 1
| #define HAVE_INTTYPES_H 1
| #define HAVE_STDINT_H 1
| #define HAVE_LIMITS_H 1
| #define HAVE_CTYPE_H 1
| #define HAVE_MATH_H 1
| #define HAVE_FLOAT_H 1
| #define HAVE_ICONV_H 1
| #define HAVE_SIGNAL_H 1
| #define HAVE_M_PI /**/
| #define HAVE_ALLOCA_H 1
| #define HAVE_ALLOCA 1
| #define HAVE_MPROTECT 1
| #define HAVE_MALLOC 1
| #define HAVE_CALLOC 1
| #define HAVE_REALLOC 1
| #define HAVE_FREE 1
| #define HAVE_GETENV 1
| #define HAVE_SETENV 1
| #define HAVE_PUTENV 1
| #define HAVE_UNSETENV 1
| #define HAVE_BSEARCH 1
| #define HAVE_QSORT 1
| #define HAVE_ABS 1
| #define HAVE_BCOPY 1
| #define HAVE_MEMSET 1
| #define HAVE_MEMCMP 1
| #define HAVE_MEMCPY 1
| #define HAVE_MEMMOVE 1
| #define HAVE_WCSLEN 1
| #define HAVE_WCSLCPY 1
| #define HAVE_WCSLCAT 1
| #define HAVE_WCSDUP 1
| #define HAVE_WCSSTR 1
| #define HAVE_WCSCMP 1
| #define HAVE_WCSNCMP 1
| #define HAVE_WCSCASECMP 1
| #define HAVE_WCSNCASECMP 1
| #define HAVE_STRLEN 1
| #define HAVE_STRLCPY 1
| #define HAVE_STRLCAT 1
| #define HAVE_INDEX 1
| #define HAVE_RINDEX 1
| #define HAVE_STRCHR 1
| #define HAVE_STRRCHR 1
| #define HAVE_STRSTR 1
| #define HAVE_STRTOK_R 1
| #define HAVE_STRTOD 1
| #define HAVE_STRTOL 1
| #define HAVE_STRTOUL 1
| /* end confdefs.h.  */
| /* Define _ui64toa to an innocuous variant, in case <limits.h> declares _ui64toa.
|    For example, HP-UX 11i <limits.h> declares gettimeofday.  */
| #define _ui64toa innocuous__ui64toa
| 
| /* System header to define __stub macros and hopefully few prototypes,
|    which can conflict with char _ui64toa (); below.  */
| 
| #include <limits.h>
| #undef _ui64toa
| 
| /* Override any GCC internal prototype to avoid an error.
|    Use char because int might match the return type of a GCC
|    builtin and then its argument prototype would still apply.  */
| #ifdef __cplusplus
| extern "C"
| #endif
| char _ui64toa ();
| /* The GNU C library defines this for functions which it implements
|     to always fail with ENOSYS.  Some functions are actually named
|     something starting with __ and the normal name is an alias.  */
| #if defined __stub__ui64toa || defined __stub____ui64toa
| choke me
| #endif
| 
| int
| main (void)
| {
| return _ui64toa ();
|   ;
|   return 0;
| }
configure:19651: result: no
configure:19657: checking for strtoll
configure:19657: gcc -o conftest -g -O2 -Iinclude -I/home/kai/SDl2/include -idirafter /home/kai/SDl2/src/video/khronos   -Iinclude -I/home/kai/SDl2/include -idirafter /home/kai/SDl2/src/video/khronos   conftest.c  >&5
configure:19657: $? = 0
configure:19657: result: yes
configure:19663: checking for strtoull
configure:19663: gcc -o conftest -g -O2 -Iinclude -I/home/kai/SDl2/include -idirafter /home/kai/SDl2/src/video/khronos   -Iinclude -I/home/kai/SDl2/include -idirafter /home/kai/SDl2/src/video/khronos   conftest.c  >&5
configure:19663: $? = 0
configure:19663: result: yes
configure:19669: checking for atoi
configure:19669: gcc -o conftest -g -O2 -Iinclude -I/home/kai/SDl2/include -idirafter /home/kai/SDl2/src/video/khronos   -Iinclude -I/home/kai/SDl2/include -idirafter /home/kai/SDl2/src/video/khronos   conftest.c  >&5
configure:19669: $? = 0
configure:19669: result: yes
configure:19675: checking for atof
configure:19675: gcc -o conftest -g -O2 -Iinclude -I/home/kai/SDl2/include -idirafter /home/kai/SDl2/src/video/khronos   -Iinclude -I/home/kai/SDl2/include -idirafter /home/kai/SDl2/src/video/khronos   conftest.c  >&5
configure:19675: $? = 0
configure:19675: result: yes
configure:19681: checking for strcmp
configure:19681: gcc -o conftest -g -O2 -Iinclude -I/home/kai/SDl2/include -idirafter /home/kai/SDl2/src/video/khronos   -Iinclude -I/home/kai/SDl2/include -idirafter /home/kai/SDl2/src/video/khronos   conftest.c  >&5
conftest.c:101:6: warning: conflicting types for built-in function 'strcmp'; expected 'int(const char *, const char *)' [-Wbuiltin-declaration-mismatch]
  101 | char strcmp ();
      |      ^~~~~~
conftest.c:93:1: note: 'strcmp' is declared in header '<string.h>'
   92 | #include <limits.h>
   93 | #undef strcmp
configure:19681: $? = 0
configure:19681: result: yes
configure:19687: checking for strncmp
configure:19687: gcc -o conftest -g -O2 -Iinclude -I/home/kai/SDl2/include -idirafter /home/kai/SDl2/src/video/khronos   -Iinclude -I/home/kai/SDl2/include -idirafter /home/kai/SDl2/src/video/khronos   conftest.c  >&5
conftest.c:102:6: warning: conflicting types for built-in function 'strncmp'; expected 'int(const char *, const char *, long unsigned int)' [-Wbuiltin-declaration-mismatch]
  102 | char strncmp ();
      |      ^~~~~~~
conftest.c:94:1: note: 'strncmp' is declared in header '<string.h>'
   93 | #include <limits.h>
   94 | #undef strncmp
configure:19687: $? = 0
configure:19687: result: yes
configure:19693: checking for _stricmp
configure:19693: gcc -o conftest -g -O2 -Iinclude -I/home/kai/SDl2/include -idirafter /home/kai/SDl2/src/video/khronos   -Iinclude -I/home/kai/SDl2/include -idirafter /home/kai/SDl2/src/video/khronos   conftest.c  >&5
/usr/bin/ld: /tmp/ccY13uGT.o: in function `main':
/home/kai/SDl2/conftest.c:114:(.text.startup+0x5): undefined reference to `_stricmp'
collect2: error: ld returned 1 exit status
configure:19693: $? = 1
configure: failed program was:
| /* confdefs.h */
| #define PACKAGE_NAME ""
| #define PACKAGE_TARNAME ""
| #define PACKAGE_VERSION ""
| #define PACKAGE_STRING ""
| #define PACKAGE_BUGREPORT ""
| #define PACKAGE_URL ""
| #define HAVE_STDIO_H 1
| #define HAVE_STDLIB_H 1
| #define HAVE_STRING_H 1
| #define HAVE_INTTYPES_H 1
| #define HAVE_STDINT_H 1
| #define HAVE_STRINGS_H 1
| #define HAVE_SYS_STAT_H 1
| #define HAVE_SYS_TYPES_H 1
| #define HAVE_UNISTD_H 1
| #define STDC_HEADERS 1
| #define HAVE_DLFCN_H 1
| #define LT_OBJDIR ".libs/"
| #define HAVE_LIBC 1
| #define HAVE_SYS_TYPES_H 1
| #define HAVE_STDIO_H 1
| #define HAVE_STDLIB_H 1
| #define HAVE_STDDEF_H 1
| #define HAVE_STDARG_H 1
| #define HAVE_MALLOC_H 1
| #define HAVE_MEMORY_H 1
| #define HAVE_STRING_H 1
| #define HAVE_STRINGS_H 1
| #define HAVE_WCHAR_H 1
| #define HAVE_INTTYPES_H 1
| #define HAVE_STDINT_H 1
| #define HAVE_LIMITS_H 1
| #define HAVE_CTYPE_H 1
| #define HAVE_MATH_H 1
| #define HAVE_FLOAT_H 1
| #define HAVE_ICONV_H 1
| #define HAVE_SIGNAL_H 1
| #define HAVE_M_PI /**/
| #define HAVE_ALLOCA_H 1
| #define HAVE_ALLOCA 1
| #define HAVE_MPROTECT 1
| #define HAVE_MALLOC 1
| #define HAVE_CALLOC 1
| #define HAVE_REALLOC 1
| #define HAVE_FREE 1
| #define HAVE_GETENV 1
| #define HAVE_SETENV 1
| #define HAVE_PUTENV 1
| #define HAVE_UNSETENV 1
| #define HAVE_BSEARCH 1
| #define HAVE_QSORT 1
| #define HAVE_ABS 1
| #define HAVE_BCOPY 1
| #define HAVE_MEMSET 1
| #define HAVE_MEMCMP 1
| #define HAVE_MEMCPY 1
| #define HAVE_MEMMOVE 1
| #define HAVE_WCSLEN 1
| #define HAVE_WCSLCPY 1
| #define HAVE_WCSLCAT 1
| #define HAVE_WCSDUP 1
| #define HAVE_WCSSTR 1
| #define HAVE_WCSCMP 1
| #define HAVE_WCSNCMP 1
| #define HAVE_WCSCASECMP 1
| #define HAVE_WCSNCASECMP 1
| #define HAVE_STRLEN 1
| #define HAVE_STRLCPY 1
| #define HAVE_STRLCAT 1
| #define HAVE_INDEX 1
| #define HAVE_RINDEX 1
| #define HAVE_STRCHR 1
| #define HAVE_STRRCHR 1
| #define HAVE_STRSTR 1
| #define HAVE_STRTOK_R 1
| #define HAVE_STRTOD 1
| #define HAVE_STRTOL 1
| #define HAVE_STRTOUL 1
| #define HAVE_STRTOLL 1
| #define HAVE_STRTOULL 1
| #define HAVE_ATOI 1
| #define HAVE_ATOF 1
| #define HAVE_STRCMP 1
| #define HAVE_STRNCMP 1
| /* end confdefs.h.  */
| /* Define _stricmp to an innocuous variant, in case <limits.h> declares _stricmp.
|    For example, HP-UX 11i <limits.h> declares gettimeofday.  */
| #define _stricmp innocuous__stricmp
| 
| /* System header to define __stub macros and hopefully few prototypes,
|    which can conflict with char _stricmp (); below.  */
| 
| #include <limits.h>
| #undef _stricmp
| 
| /* Override any GCC internal prototype to avoid an error.
|    Use char because int might match the return type of a GCC
|    builtin and then its argument prototype would still apply.  */
| #ifdef __cplusplus
| extern "C"
| #endif
| char _stricmp ();
| /* The GNU C library defines this for functions which it implements
|     to always fail with ENOSYS.  Some functions are actually named
|     something starting with __ and the normal name is an alias.  */
| #if defined __stub__stricmp || defined __stub____stricmp
| choke me
| #endif
| 
| int
| main (void)
| {
| return _stricmp ();
|   ;
|   return 0;
| }
configure:19693: result: no
configure:19699: checking for strcasecmp
configure:19699: gcc -o conftest -g -O2 -Iinclude -I/home/kai/SDl2/include -idirafter /home/kai/SDl2/src/video/khronos   -Iinclude -I/home/kai/SDl2/include -idirafter /home/kai/SDl2/src/video/khronos   conftest.c  >&5
conftest.c:103:6: warning: conflicting types for built-in function 'strcasecmp'; expected 'int(const char *, const char *)' [-Wbuiltin-declaration-mismatch]
  103 | char strcasecmp ();
      |      ^~~~~~~~~~
configure:19699: $? = 0
configure:19699: result: yes
configure:19705: checking for _strnicmp
configure:19705: gcc -o conftest -g -O2 -Iinclude -I/home/kai/SDl2/include -idirafter /home/kai/SDl2/src/video/khronos   -Iinclude -I/home/kai/SDl2/include -idirafter /home/kai/SDl2/src/video/khronos   conftest.c  >&5
/usr/bin/ld: /tmp/cc4RdX0P.o: in function `main':
/home/kai/SDl2/conftest.c:115:(.text.startup+0x5): undefined reference to `_strnicmp'
collect2: error: ld returned 1 exit status
configure:19705: $? = 1
configure: failed program was:
| /* confdefs.h */
| #define PACKAGE_NAME ""
| #define PACKAGE_TARNAME ""
| #define PACKAGE_VERSION ""
| #define PACKAGE_STRING ""
| #define PACKAGE_BUGREPORT ""
| #define PACKAGE_URL ""
| #define HAVE_STDIO_H 1
| #define HAVE_STDLIB_H 1
| #define HAVE_STRING_H 1
| #define HAVE_INTTYPES_H 1
| #define HAVE_STDINT_H 1
| #define HAVE_STRINGS_H 1
| #define HAVE_SYS_STAT_H 1
| #define HAVE_SYS_TYPES_H 1
| #define HAVE_UNISTD_H 1
| #define STDC_HEADERS 1
| #define HAVE_DLFCN_H 1
| #define LT_OBJDIR ".libs/"
| #define HAVE_LIBC 1
| #define HAVE_SYS_TYPES_H 1
| #define HAVE_STDIO_H 1
| #define HAVE_STDLIB_H 1
| #define HAVE_STDDEF_H 1
| #define HAVE_STDARG_H 1
| #define HAVE_MALLOC_H 1
| #define HAVE_MEMORY_H 1
| #define HAVE_STRING_H 1
| #define HAVE_STRINGS_H 1
| #define HAVE_WCHAR_H 1
| #define HAVE_INTTYPES_H 1
| #define HAVE_STDINT_H 1
| #define HAVE_LIMITS_H 1
| #define HAVE_CTYPE_H 1
| #define HAVE_MATH_H 1
| #define HAVE_FLOAT_H 1
| #define HAVE_ICONV_H 1
| #define HAVE_SIGNAL_H 1
| #define HAVE_M_PI /**/
| #define HAVE_ALLOCA_H 1
| #define HAVE_ALLOCA 1
| #define HAVE_MPROTECT 1
| #define HAVE_MALLOC 1
| #define HAVE_CALLOC 1
| #define HAVE_REALLOC 1
| #define HAVE_FREE 1
| #define HAVE_GETENV 1
| #define HAVE_SETENV 1
| #define HAVE_PUTENV 1
| #define HAVE_UNSETENV 1
| #define HAVE_BSEARCH 1
| #define HAVE_QSORT 1
| #define HAVE_ABS 1
| #define HAVE_BCOPY 1
| #define HAVE_MEMSET 1
| #define HAVE_MEMCMP 1
| #define HAVE_MEMCPY 1
| #define HAVE_MEMMOVE 1
| #define HAVE_WCSLEN 1
| #define HAVE_WCSLCPY 1
| #define HAVE_WCSLCAT 1
| #define HAVE_WCSDUP 1
| #define HAVE_WCSSTR 1
| #define HAVE_WCSCMP 1
| #define HAVE_WCSNCMP 1
| #define HAVE_WCSCASECMP 1
| #define HAVE_WCSNCASECMP 1
| #define HAVE_STRLEN 1
| #define HAVE_STRLCPY 1
| #define HAVE_STRLCAT 1
| #define HAVE_INDEX 1
| #define HAVE_RINDEX 1
| #define HAVE_STRCHR 1
| #define HAVE_STRRCHR 1
| #define HAVE_STRSTR 1
| #define HAVE_STRTOK_R 1
| #define HAVE_STRTOD 1
| #define HAVE_STRTOL 1
| #define HAVE_STRTOUL 1
| #define HAVE_STRTOLL 1
| #define HAVE_STRTOULL 1
| #define HAVE_ATOI 1
| #define HAVE_ATOF 1
| #define HAVE_STRCMP 1
| #define HAVE_STRNCMP 1
| #define HAVE_STRCASECMP 1
| /* end confdefs.h.  */
| /* Define _strnicmp to an innocuous variant, in case <limits.h> declares _strnicmp.
|    For example, HP-UX 11i <limits.h> declares gettimeofday.  */
| #define _strnicmp innocuous__strnicmp
| 
| /* System header to define __stub macros and hopefully few prototypes,
|    which can conflict with char _strnicmp (); below.  */
| 
| #include <limits.h>
| #undef _strnicmp
| 
| /* Override any GCC internal prototype to avoid an error.
|    Use char because int might match the return type of a GCC
|    builtin and then its argument prototype would still apply.  */
| #ifdef __cplusplus
| extern "C"
| #endif
| char _strnicmp ();
| /* The GNU C library defines this for functions which it implements
|     to always fail with ENOSYS.  Some functions are actually named
|     something starting with __ and the normal name is an alias.  */
| #if defined __stub__strnicmp || defined __stub____strnicmp
| choke me
| #endif
| 
| int
| main (void)
| {
| return _strnicmp ();
|   ;
|   return 0;
| }
configure:19705: result: no
configure:19711: checking for strncasecmp
configure:19711: gcc -o conftest -g -O2 -Iinclude -I/home/kai/SDl2/include -idirafter /home/kai/SDl2/src/video/khronos   -Iinclude -I/home/kai/SDl2/include -idirafter /home/kai/SDl2/src/video/khronos   conftest.c  >&5
conftest.c:104:6: warning: conflicting types for built-in function 'strncasecmp'; expected 'int(const char *, const char *, long unsigned int)' [-Wbuiltin-declaration-mismatch]
  104 | char strncasecmp ();
      |      ^~~~~~~~~~~
configure:19711: $? = 0
configure:19711: result: yes
configure:19717: checking for strcasestr
configure:19717: gcc -o conftest -g -O2 -Iinclude -I/home/kai/SDl2/include -idirafter /home/kai/SDl2/src/video/khronos   -Iinclude -I/home/kai/SDl2/include -idirafter /home/kai/SDl2/src/video/khronos   conftest.c  >&5
configure:19717: $? = 0
configure:19717: result: yes
configure:19723: checking for vsscanf
configure:19723: gcc -o conftest -g -O2 -Iinclude -I/home/kai/SDl2/include -idirafter /home/kai/SDl2/src/video/khronos   -Iinclude -I/home/kai/SDl2/include -idirafter /home/kai/SDl2/src/video/khronos   conftest.c  >&5
conftest.c:106:6: warning: conflicting types for built-in function 'vsscanf'; expected 'int(const char *, const char *, __va_list_tag *)' [-Wbuiltin-declaration-mismatch]
  106 | char vsscanf ();
      |      ^~~~~~~
conftest.c:98:1: note: 'vsscanf' is declared in header '<stdio.h>'
   97 | #include <limits.h>
   98 | #undef vsscanf
configure:19723: $? = 0
configure:19723: result: yes
configure:19729: checking for vsnprintf
configure:19729: gcc -o conftest -g -O2 -Iinclude -I/home/kai/SDl2/include -idirafter /home/kai/SDl2/src/video/khronos   -Iinclude -I/home/kai/SDl2/include -idirafter /home/kai/SDl2/src/video/khronos   conftest.c  >&5
conftest.c:107:6: warning: conflicting types for built-in function 'vsnprintf'; expected 'int(char *, long unsigned int,  const char *, __va_list_tag *)' [-Wbuiltin-declaration-mismatch]
  107 | char vsnprintf ();
      |      ^~~~~~~~~
conftest.c:99:1: note: 'vsnprintf' is declared in header '<stdio.h>'
   98 | #include <limits.h>
   99 | #undef vsnprintf
configure:19729: $? = 0
configure:19729: result: yes
configure:19735: checking for fopen64
configure:19735: gcc -o conftest -g -O2 -Iinclude -I/home/kai/SDl2/include -idirafter /home/kai/SDl2/src/video/khronos   -Iinclude -I/home/kai/SDl2/include -idirafter /home/kai/SDl2/src/video/khronos   conftest.c  >&5
configure:19735: $? = 0
configure:19735: result: yes
configure:19741: checking for fseeko
configure:19741: gcc -o conftest -g -O2 -Iinclude -I/home/kai/SDl2/include -idirafter /home/kai/SDl2/src/video/khronos   -Iinclude -I/home/kai/SDl2/include -idirafter /home/kai/SDl2/src/video/khronos   conftest.c  >&5
configure:19741: $? = 0
configure:19741: result: yes
configure:19747: checking for fseeko64
configure:19747: gcc -o conftest -g -O2 -Iinclude -I/home/kai/SDl2/include -idirafter /home/kai/SDl2/src/video/khronos   -Iinclude -I/home/kai/SDl2/include -idirafter /home/kai/SDl2/src/video/khronos   conftest.c  >&5
configure:19747: $? = 0
configure:19747: result: yes
configure:19753: checking for sigaction
configure:19753: gcc -o conftest -g -O2 -Iinclude -I/home/kai/SDl2/include -idirafter /home/kai/SDl2/src/video/khronos   -Iinclude -I/home/kai/SDl2/include -idirafter /home/kai/SDl2/src/video/khronos   conftest.c  >&5
configure:19753: $? = 0
configure:19753: result: yes
configure:19759: checking for sigtimedwait
configure:19759: gcc -o conftest -g -O2 -Iinclude -I/home/kai/SDl2/include -idirafter /home/kai/SDl2/src/video/khronos   -Iinclude -I/home/kai/SDl2/include -idirafter /home/kai/SDl2/src/video/khronos   conftest.c  >&5
configure:19759: $? = 0
configure:19759: result: yes
configure:19765: checking for setjmp
configure:19765: gcc -o conftest -g -O2 -Iinclude -I/home/kai/SDl2/include -idirafter /home/kai/SDl2/src/video/khronos   -Iinclude -I/home/kai/SDl2/include -idirafter /home/kai/SDl2/src/video/khronos   conftest.c  >&5
configure:19765: $? = 0
configure:19765: result: yes
configure:19771: checking for nanosleep
configure:19771: gcc -o conftest -g -O2 -Iinclude -I/home/kai/SDl2/include -idirafter /home/kai/SDl2/src/video/khronos   -Iinclude -I/home/kai/SDl2/include -idirafter /home/kai/SDl2/src/video/khronos   conftest.c  >&5
configure:19771: $? = 0
configure:19771: result: yes
configure:19777: checking for sysconf
configure:19777: gcc -o conftest -g -O2 -Iinclude -I/home/kai/SDl2/include -idirafter /home/kai/SDl2/src/video/khronos   -Iinclude -I/home/kai/SDl2/include -idirafter /home/kai/SDl2/src/video/khronos   conftest.c  >&5
configure:19777: $? = 0
configure:19777: result: yes
configure:19783: checking for sysctlbyname
configure:19783: gcc -o conftest -g -O2 -Iinclude -I/home/kai/SDl2/include -idirafter /home/kai/SDl2/src/video/khronos   -Iinclude -I/home/kai/SDl2/include -idirafter /home/kai/SDl2/src/video/khronos   conftest.c  >&5
/usr/bin/ld: /tmp/cc26lSKq.o: in function `main':
/home/kai/SDl2/conftest.c:127:(.text.startup+0x5): undefined reference to `sysctlbyname'
collect2: error: ld returned 1 exit status
configure:19783: $? = 1
configure: failed program was:
| /* confdefs.h */
| #define PACKAGE_NAME ""
| #define PACKAGE_TARNAME ""
| #define PACKAGE_VERSION ""
| #define PACKAGE_STRING ""
| #define PACKAGE_BUGREPORT ""
| #define PACKAGE_URL ""
| #define HAVE_STDIO_H 1
| #define HAVE_STDLIB_H 1
| #define HAVE_STRING_H 1
| #define HAVE_INTTYPES_H 1
| #define HAVE_STDINT_H 1
| #define HAVE_STRINGS_H 1
| #define HAVE_SYS_STAT_H 1
| #define HAVE_SYS_TYPES_H 1
| #define HAVE_UNISTD_H 1
| #define STDC_HEADERS 1
| #define HAVE_DLFCN_H 1
| #define LT_OBJDIR ".libs/"
| #define HAVE_LIBC 1
| #define HAVE_SYS_TYPES_H 1
| #define HAVE_STDIO_H 1
| #define HAVE_STDLIB_H 1
| #define HAVE_STDDEF_H 1
| #define HAVE_STDARG_H 1
| #define HAVE_MALLOC_H 1
| #define HAVE_MEMORY_H 1
| #define HAVE_STRING_H 1
| #define HAVE_STRINGS_H 1
| #define HAVE_WCHAR_H 1
| #define HAVE_INTTYPES_H 1
| #define HAVE_STDINT_H 1
| #define HAVE_LIMITS_H 1
| #define HAVE_CTYPE_H 1
| #define HAVE_MATH_H 1
| #define HAVE_FLOAT_H 1
| #define HAVE_ICONV_H 1
| #define HAVE_SIGNAL_H 1
| #define HAVE_M_PI /**/
| #define HAVE_ALLOCA_H 1
| #define HAVE_ALLOCA 1
| #define HAVE_MPROTECT 1
| #define HAVE_MALLOC 1
| #define HAVE_CALLOC 1
| #define HAVE_REALLOC 1
| #define HAVE_FREE 1
| #define HAVE_GETENV 1
| #define HAVE_SETENV 1
| #define HAVE_PUTENV 1
| #define HAVE_UNSETENV 1
| #define HAVE_BSEARCH 1
| #define HAVE_QSORT 1
| #define HAVE_ABS 1
| #define HAVE_BCOPY 1
| #define HAVE_MEMSET 1
| #define HAVE_MEMCMP 1
| #define HAVE_MEMCPY 1
| #define HAVE_MEMMOVE 1
| #define HAVE_WCSLEN 1
| #define HAVE_WCSLCPY 1
| #define HAVE_WCSLCAT 1
| #define HAVE_WCSDUP 1
| #define HAVE_WCSSTR 1
| #define HAVE_WCSCMP 1
| #define HAVE_WCSNCMP 1
| #define HAVE_WCSCASECMP 1
| #define HAVE_WCSNCASECMP 1
| #define HAVE_STRLEN 1
| #define HAVE_STRLCPY 1
| #define HAVE_STRLCAT 1
| #define HAVE_INDEX 1
| #define HAVE_RINDEX 1
| #define HAVE_STRCHR 1
| #define HAVE_STRRCHR 1
| #define HAVE_STRSTR 1
| #define HAVE_STRTOK_R 1
| #define HAVE_STRTOD 1
| #define HAVE_STRTOL 1
| #define HAVE_STRTOUL 1
| #define HAVE_STRTOLL 1
| #define HAVE_STRTOULL 1
| #define HAVE_ATOI 1
| #define HAVE_ATOF 1
| #define HAVE_STRCMP 1
| #define HAVE_STRNCMP 1
| #define HAVE_STRCASECMP 1
| #define HAVE_STRNCASECMP 1
| #define HAVE_STRCASESTR 1
| #define HAVE_VSSCANF 1
| #define HAVE_VSNPRINTF 1
| #define HAVE_FOPEN64 1
| #define HAVE_FSEEKO 1
| #define HAVE_FSEEKO64 1
| #define HAVE_SIGACTION 1
| #define HAVE_SIGTIMEDWAIT 1
| #define HAVE_SETJMP 1
| #define HAVE_NANOSLEEP 1
| #define HAVE_SYSCONF 1
| /* end confdefs.h.  */
| /* Define sysctlbyname to an innocuous variant, in case <limits.h> declares sysctlbyname.
|    For example, HP-UX 11i <limits.h> declares gettimeofday.  */
| #define sysctlbyname innocuous_sysctlbyname
| 
| /* System header to define __stub macros and hopefully few prototypes,
|    which can conflict with char sysctlbyname (); below.  */
| 
| #include <limits.h>
| #undef sysctlbyname
| 
| /* Override any GCC internal prototype to avoid an error.
|    Use char because int might match the return type of a GCC
|    builtin and then its argument prototype would still apply.  */
| #ifdef __cplusplus
| extern "C"
| #endif
| char sysctlbyname ();
| /* The GNU C library defines this for functions which it implements
|     to always fail with ENOSYS.  Some functions are actually named
|     something starting with __ and the normal name is an alias.  */
| #if defined __stub_sysctlbyname || defined __stub___sysctlbyname
| choke me
| #endif
| 
| int
| main (void)
| {
| return sysctlbyname ();
|   ;
|   return 0;
| }
configure:19783: result: no
configure:19789: checking for getauxval
configure:19789: gcc -o conftest -g -O2 -Iinclude -I/home/kai/SDl2/include -idirafter /home/kai/SDl2/src/video/khronos   -Iinclude -I/home/kai/SDl2/include -idirafter /home/kai/SDl2/src/video/khronos   conftest.c  >&5
configure:19789: $? = 0
configure:19789: result: yes
configure:19795: checking for elf_aux_info
configure:19795: gcc -o conftest -g -O2 -Iinclude -I/home/kai/SDl2/include -idirafter /home/kai/SDl2/src/video/khronos   -Iinclude -I/home/kai/SDl2/include -idirafter /home/kai/SDl2/src/video/khronos   conftest.c  >&5
/usr/bin/ld: /tmp/ccuhya39.o: in function `main':
/home/kai/SDl2/conftest.c:128:(.text.startup+0x5): undefined reference to `elf_aux_info'
collect2: error: ld returned 1 exit status
configure:19795: $? = 1
configure: failed program was:
| /* confdefs.h */
| #define PACKAGE_NAME ""
| #define PACKAGE_TARNAME ""
| #define PACKAGE_VERSION ""
| #define PACKAGE_STRING ""
| #define PACKAGE_BUGREPORT ""
| #define PACKAGE_URL ""
| #define HAVE_STDIO_H 1
| #define HAVE_STDLIB_H 1
| #define HAVE_STRING_H 1
| #define HAVE_INTTYPES_H 1
| #define HAVE_STDINT_H 1
| #define HAVE_STRINGS_H 1
| #define HAVE_SYS_STAT_H 1
| #define HAVE_SYS_TYPES_H 1
| #define HAVE_UNISTD_H 1
| #define STDC_HEADERS 1
| #define HAVE_DLFCN_H 1
| #define LT_OBJDIR ".libs/"
| #define HAVE_LIBC 1
| #define HAVE_SYS_TYPES_H 1
| #define HAVE_STDIO_H 1
| #define HAVE_STDLIB_H 1
| #define HAVE_STDDEF_H 1
| #define HAVE_STDARG_H 1
| #define HAVE_MALLOC_H 1
| #define HAVE_MEMORY_H 1
| #define HAVE_STRING_H 1
| #define HAVE_STRINGS_H 1
| #define HAVE_WCHAR_H 1
| #define HAVE_INTTYPES_H 1
| #define HAVE_STDINT_H 1
| #define HAVE_LIMITS_H 1
| #define HAVE_CTYPE_H 1
| #define HAVE_MATH_H 1
| #define HAVE_FLOAT_H 1
| #define HAVE_ICONV_H 1
| #define HAVE_SIGNAL_H 1
| #define HAVE_M_PI /**/
| #define HAVE_ALLOCA_H 1
| #define HAVE_ALLOCA 1
| #define HAVE_MPROTECT 1
| #define HAVE_MALLOC 1
| #define HAVE_CALLOC 1
| #define HAVE_REALLOC 1
| #define HAVE_FREE 1
| #define HAVE_GETENV 1
| #define HAVE_SETENV 1
| #define HAVE_PUTENV 1
| #define HAVE_UNSETENV 1
| #define HAVE_BSEARCH 1
| #define HAVE_QSORT 1
| #define HAVE_ABS 1
| #define HAVE_BCOPY 1
| #define HAVE_MEMSET 1
| #define HAVE_MEMCMP 1
| #define HAVE_MEMCPY 1
| #define HAVE_MEMMOVE 1
| #define HAVE_WCSLEN 1
| #define HAVE_WCSLCPY 1
| #define HAVE_WCSLCAT 1
| #define HAVE_WCSDUP 1
| #define HAVE_WCSSTR 1
| #define HAVE_WCSCMP 1
| #define HAVE_WCSNCMP 1
| #define HAVE_WCSCASECMP 1
| #define HAVE_WCSNCASECMP 1
| #define HAVE_STRLEN 1
| #define HAVE_STRLCPY 1
| #define HAVE_STRLCAT 1
| #define HAVE_INDEX 1
| #define HAVE_RINDEX 1
| #define HAVE_STRCHR 1
| #define HAVE_STRRCHR 1
| #define HAVE_STRSTR 1
| #define HAVE_STRTOK_R 1
| #define HAVE_STRTOD 1
| #define HAVE_STRTOL 1
| #define HAVE_STRTOUL 1
| #define HAVE_STRTOLL 1
| #define HAVE_STRTOULL 1
| #define HAVE_ATOI 1
| #define HAVE_ATOF 1
| #define HAVE_STRCMP 1
| #define HAVE_STRNCMP 1
| #define HAVE_STRCASECMP 1
| #define HAVE_STRNCASECMP 1
| #define HAVE_STRCASESTR 1
| #define HAVE_VSSCANF 1
| #define HAVE_VSNPRINTF 1
| #define HAVE_FOPEN64 1
| #define HAVE_FSEEKO 1
| #define HAVE_FSEEKO64 1
| #define HAVE_SIGACTION 1
| #define HAVE_SIGTIMEDWAIT 1
| #define HAVE_SETJMP 1
| #define HAVE_NANOSLEEP 1
| #define HAVE_SYSCONF 1
| #define HAVE_GETAUXVAL 1
| /* end confdefs.h.  */
| /* Define elf_aux_info to an innocuous variant, in case <limits.h> declares elf_aux_info.
|    For example, HP-UX 11i <limits.h> declares gettimeofday.  */
| #define elf_aux_info innocuous_elf_aux_info
| 
| /* System header to define __stub macros and hopefully few prototypes,
|    which can conflict with char elf_aux_info (); below.  */
| 
| #include <limits.h>
| #undef elf_aux_info
| 
| /* Override any GCC internal prototype to avoid an error.
|    Use char because int might match the return type of a GCC
|    builtin and then its argument prototype would still apply.  */
| #ifdef __cplusplus
| extern "C"
| #endif
| char elf_aux_info ();
| /* The GNU C library defines this for functions which it implements
|     to always fail with ENOSYS.  Some functions are actually named
|     something starting with __ and the normal name is an alias.  */
| #if defined __stub_elf_aux_info || defined __stub___elf_aux_info
| choke me
| #endif
| 
| int
| main (void)
| {
| return elf_aux_info ();
|   ;
|   return 0;
| }
configure:19795: result: no
configure:19801: checking for poll
configure:19801: gcc -o conftest -g -O2 -Iinclude -I/home/kai/SDl2/include -idirafter /home/kai/SDl2/src/video/khronos   -Iinclude -I/home/kai/SDl2/include -idirafter /home/kai/SDl2/src/video/khronos   conftest.c  >&5
configure:19801: $? = 0
configure:19801: result: yes
configure:19807: checking for memfd_create
configure:19807: gcc -o conftest -g -O2 -Iinclude -I/home/kai/SDl2/include -idirafter /home/kai/SDl2/src/video/khronos   -Iinclude -I/home/kai/SDl2/include -idirafter /home/kai/SDl2/src/video/khronos   conftest.c  >&5
configure:19807: $? = 0
configure:19807: result: yes
configure:19813: checking for posix_fallocate
configure:19813: gcc -o conftest -g -O2 -Iinclude -I/home/kai/SDl2/include -idirafter /home/kai/SDl2/src/video/khronos   -Iinclude -I/home/kai/SDl2/include -idirafter /home/kai/SDl2/src/video/khronos   conftest.c  >&5
configure:19813: $? = 0
configure:19813: result: yes
configure:19819: checking for _Exit
configure:19819: gcc -o conftest -g -O2 -Iinclude -I/home/kai/SDl2/include -idirafter /home/kai/SDl2/src/video/khronos   -Iinclude -I/home/kai/SDl2/include -idirafter /home/kai/SDl2/src/video/khronos   conftest.c  >&5
conftest.c:120:6: warning: conflicting types for built-in function '_Exit'; expected 'void(int)' [-Wbuiltin-declaration-mismatch]
  120 | char _Exit ();
      |      ^~~~~
conftest.c:112:1: note: '_Exit' is declared in header '<stdlib.h>'
  111 | #include <limits.h>
  112 | #undef _Exit
configure:19819: $? = 0
configure:19819: result: yes
configure:19827: checking for pow in -lm
configure:19850: gcc -o conftest -g -O2 -Iinclude -I/home/kai/SDl2/include -idirafter /home/kai/SDl2/src/video/khronos   -Iinclude -I/home/kai/SDl2/include -idirafter /home/kai/SDl2/src/video/khronos   conftest.c -lm   >&5
conftest.c:109:6: warning: conflicting types for built-in function 'pow'; expected 'double(double,  double)' [-Wbuiltin-declaration-mismatch]
  109 | char pow ();
      |      ^~~
conftest.c:1:1: note: 'pow' is declared in header '<math.h>'
    1 | /* confdefs.h */
configure:19850: $? = 0
configure:19860: result: yes
configure:19867: checking for acos
configure:19867: gcc -o conftest -g -O2 -Iinclude -I/home/kai/SDl2/include -idirafter /home/kai/SDl2/src/video/khronos   -Iinclude -I/home/kai/SDl2/include -idirafter /home/kai/SDl2/src/video/khronos   conftest.c  -lm >&5
conftest.c:121:6: warning: conflicting types for built-in function 'acos'; expected 'double(double)' [-Wbuiltin-declaration-mismatch]
  121 | char acos ();
      |      ^~~~
conftest.c:113:1: note: 'acos' is declared in header '<math.h>'
  112 | #include <limits.h>
  113 | #undef acos
configure:19867: $? = 0
configure:19867: result: yes
configure:19873: checking for acosf
configure:19873: gcc -o conftest -g -O2 -Iinclude -I/home/kai/SDl2/include -idirafter /home/kai/SDl2/src/video/khronos   -Iinclude -I/home/kai/SDl2/include -idirafter /home/kai/SDl2/src/video/khronos   conftest.c  -lm >&5
conftest.c:122:6: warning: conflicting types for built-in function 'acosf'; expected 'float(float)' [-Wbuiltin-declaration-mismatch]
  122 | char acosf ();
      |      ^~~~~
conftest.c:114:1: note: 'acosf' is declared in header '<math.h>'
  113 | #include <limits.h>
  114 | #undef acosf
configure:19873: $? = 0
configure:19873: result: yes
configure:19879: checking for asin
configure:19879: gcc -o conftest -g -O2 -Iinclude -I/home/kai/SDl2/include -idirafter /home/kai/SDl2/src/video/khronos   -Iinclude -I/home/kai/SDl2/include -idirafter /home/kai/SDl2/src/video/khronos   conftest.c  -lm >&5
conftest.c:123:6: warning: conflicting types for built-in function 'asin'; expected 'double(double)' [-Wbuiltin-declaration-mismatch]
  123 | char asin ();
      |      ^~~~
conftest.c:115:1: note: 'asin' is declared in header '<math.h>'
  114 | #include <limits.h>
  115 | #undef asin
configure:19879: $? = 0
configure:19879: result: yes
configure:19885: checking for asinf
configure:19885: gcc -o conftest -g -O2 -Iinclude -I/home/kai/SDl2/include -idirafter /home/kai/SDl2/src/video/khronos   -Iinclude -I/home/kai/SDl2/include -idirafter /home/kai/SDl2/src/video/khronos   conftest.c  -lm >&5
conftest.c:124:6: warning: conflicting types for built-in function 'asinf'; expected 'float(float)' [-Wbuiltin-declaration-mismatch]
  124 | char asinf ();
      |      ^~~~~
conftest.c:116:1: note: 'asinf' is declared in header '<math.h>'
  115 | #include <limits.h>
  116 | #undef asinf
configure:19885: $? = 0
configure:19885: result: yes
configure:19891: checking for atan
configure:19891: gcc -o conftest -g -O2 -Iinclude -I/home/kai/SDl2/include -idirafter /home/kai/SDl2/src/video/khronos   -Iinclude -I/home/kai/SDl2/include -idirafter /home/kai/SDl2/src/video/khronos   conftest.c  -lm >&5
conftest.c:125:6: warning: conflicting types for built-in function 'atan'; expected 'double(double)' [-Wbuiltin-declaration-mismatch]
  125 | char atan ();
      |      ^~~~
conftest.c:117:1: note: 'atan' is declared in header '<math.h>'
  116 | #include <limits.h>
  117 | #undef atan
configure:19891: $? = 0
configure:19891: result: yes
configure:19897: checking for atanf
configure:19897: gcc -o conftest -g -O2 -Iinclude -I/home/kai/SDl2/include -idirafter /home/kai/SDl2/src/video/khronos   -Iinclude -I/home/kai/SDl2/include -idirafter /home/kai/SDl2/src/video/khronos   conftest.c  -lm >&5
conftest.c:126:6: warning: conflicting types for built-in function 'atanf'; expected 'float(float)' [-Wbuiltin-declaration-mismatch]
  126 | char atanf ();
      |      ^~~~~
conftest.c:118:1: note: 'atanf' is declared in header '<math.h>'
  117 | #include <limits.h>
  118 | #undef atanf
configure:19897: $? = 0
configure:19897: result: yes
configure:19903: checking for atan2
configure:19903: gcc -o conftest -g -O2 -Iinclude -I/home/kai/SDl2/include -idirafter /home/kai/SDl2/src/video/khronos   -Iinclude -I/home/kai/SDl2/include -idirafter /home/kai/SDl2/src/video/khronos   conftest.c  -lm >&5
conftest.c:127:6: warning: conflicting types for built-in function 'atan2'; expected 'double(double,  double)' [-Wbuiltin-declaration-mismatch]
  127 | char atan2 ();
      |      ^~~~~
conftest.c:119:1: note: 'atan2' is declared in header '<math.h>'
  118 | #include <limits.h>
  119 | #undef atan2
configure:19903: $? = 0
configure:19903: result: yes
configure:19909: checking for atan2f
configure:19909: gcc -o conftest -g -O2 -Iinclude -I/home/kai/SDl2/include -idirafter /home/kai/SDl2/src/video/khronos   -Iinclude -I/home/kai/SDl2/include -idirafter /home/kai/SDl2/src/video/khronos   conftest.c  -lm >&5
conftest.c:128:6: warning: conflicting types for built-in function 'atan2f'; expected 'float(float,  float)' [-Wbuiltin-declaration-mismatch]
  128 | char atan2f ();
      |      ^~~~~~
conftest.c:120:1: note: 'atan2f' is declared in header '<math.h>'
  119 | #include <limits.h>
  120 | #undef atan2f
configure:19909: $? = 0
configure:19909: result: yes
configure:19915: checking for ceil
configure:19915: gcc -o conftest -g -O2 -Iinclude -I/home/kai/SDl2/include -idirafter /home/kai/SDl2/src/video/khronos   -Iinclude -I/home/kai/SDl2/include -idirafter /home/kai/SDl2/src/video/khronos   conftest.c  -lm >&5
conftest.c:129:6: warning: conflicting types for built-in function 'ceil'; expected 'double(double)' [-Wbuiltin-declaration-mismatch]
  129 | char ceil ();
      |      ^~~~
conftest.c:121:1: note: 'ceil' is declared in header '<math.h>'
  120 | #include <limits.h>
  121 | #undef ceil
configure:19915: $? = 0
configure:19915: result: yes
configure:19921: checking for ceilf
configure:19921: gcc -o conftest -g -O2 -Iinclude -I/home/kai/SDl2/include -idirafter /home/kai/SDl2/src/video/khronos   -Iinclude -I/home/kai/SDl2/include -idirafter /home/kai/SDl2/src/video/khronos   conftest.c  -lm >&5
conftest.c:130:6: warning: conflicting types for built-in function 'ceilf'; expected 'float(float)' [-Wbuiltin-declaration-mismatch]
  130 | char ceilf ();
      |      ^~~~~
conftest.c:122:1: note: 'ceilf' is declared in header '<math.h>'
  121 | #include <limits.h>
  122 | #undef ceilf
configure:19921: $? = 0
configure:19921: result: yes
configure:19927: checking for copysign
configure:19927: gcc -o conftest -g -O2 -Iinclude -I/home/kai/SDl2/include -idirafter /home/kai/SDl2/src/video/khronos   -Iinclude -I/home/kai/SDl2/include -idirafter /home/kai/SDl2/src/video/khronos   conftest.c  -lm >&5
conftest.c:131:6: warning: conflicting types for built-in function 'copysign'; expected 'double(double,  double)' [-Wbuiltin-declaration-mismatch]
  131 | char copysign ();
      |      ^~~~~~~~
conftest.c:123:1: note: 'copysign' is declared in header '<math.h>'
  122 | #include <limits.h>
  123 | #undef copysign
configure:19927: $? = 0
configure:19927: result: yes
configure:19933: checking for copysignf
configure:19933: gcc -o conftest -g -O2 -Iinclude -I/home/kai/SDl2/include -idirafter /home/kai/SDl2/src/video/khronos   -Iinclude -I/home/kai/SDl2/include -idirafter /home/kai/SDl2/src/video/khronos   conftest.c  -lm >&5
conftest.c:132:6: warning: conflicting types for built-in function 'copysignf'; expected 'float(float,  float)' [-Wbuiltin-declaration-mismatch]
  132 | char copysignf ();
      |      ^~~~~~~~~
conftest.c:124:1: note: 'copysignf' is declared in header '<math.h>'
  123 | #include <limits.h>
  124 | #undef copysignf
configure:19933: $? = 0
configure:19933: result: yes
configure:19939: checking for cos
configure:19939: gcc -o conftest -g -O2 -Iinclude -I/home/kai/SDl2/include -idirafter /home/kai/SDl2/src/video/khronos   -Iinclude -I/home/kai/SDl2/include -idirafter /home/kai/SDl2/src/video/khronos   conftest.c  -lm >&5
conftest.c:133:6: warning: conflicting types for built-in function 'cos'; expected 'double(double)' [-Wbuiltin-declaration-mismatch]
  133 | char cos ();
      |      ^~~
conftest.c:125:1: note: 'cos' is declared in header '<math.h>'
  124 | #include <limits.h>
  125 | #undef cos
configure:19939: $? = 0
configure:19939: result: yes
configure:19945: checking for cosf
configure:19945: gcc -o conftest -g -O2 -Iinclude -I/home/kai/SDl2/include -idirafter /home/kai/SDl2/src/video/khronos   -Iinclude -I/home/kai/SDl2/include -idirafter /home/kai/SDl2/src/video/khronos   conftest.c  -lm >&5
conftest.c:134:6: warning: conflicting types for built-in function 'cosf'; expected 'float(float)' [-Wbuiltin-declaration-mismatch]
  134 | char cosf ();
      |      ^~~~
conftest.c:126:1: note: 'cosf' is declared in header '<math.h>'
  125 | #include <limits.h>
  126 | #undef cosf
configure:19945: $? = 0
configure:19945: result: yes
configure:19951: checking for exp
configure:19951: gcc -o conftest -g -O2 -Iinclude -I/home/kai/SDl2/include -idirafter /home/kai/SDl2/src/video/khronos   -Iinclude -I/home/kai/SDl2/include -idirafter /home/kai/SDl2/src/video/khronos   conftest.c  -lm >&5
conftest.c:135:6: warning: conflicting types for built-in function 'exp'; expected 'double(double)' [-Wbuiltin-declaration-mismatch]
  135 | char exp ();
      |      ^~~
conftest.c:127:1: note: 'exp' is declared in header '<math.h>'
  126 | #include <limits.h>
  127 | #undef exp
configure:19951: $? = 0
configure:19951: result: yes
configure:19957: checking for expf
configure:19957: gcc -o conftest -g -O2 -Iinclude -I/home/kai/SDl2/include -idirafter /home/kai/SDl2/src/video/khronos   -Iinclude -I/home/kai/SDl2/include -idirafter /home/kai/SDl2/src/video/khronos   conftest.c  -lm >&5
conftest.c:136:6: warning: conflicting types for built-in function 'expf'; expected 'float(float)' [-Wbuiltin-declaration-mismatch]
  136 | char expf ();
      |      ^~~~
conftest.c:128:1: note: 'expf' is declared in header '<math.h>'
  127 | #include <limits.h>
  128 | #undef expf
configure:19957: $? = 0
configure:19957: result: yes
configure:19963: checking for fabs
configure:19963: gcc -o conftest -g -O2 -Iinclude -I/home/kai/SDl2/include -idirafter /home/kai/SDl2/src/video/khronos   -Iinclude -I/home/kai/SDl2/include -idirafter /home/kai/SDl2/src/video/khronos   conftest.c  -lm >&5
conftest.c:137:6: warning: conflicting types for built-in function 'fabs'; expected 'double(double)' [-Wbuiltin-declaration-mismatch]
  137 | char fabs ();
      |      ^~~~
conftest.c:129:1: note: 'fabs' is declared in header '<math.h>'
  128 | #include <limits.h>
  129 | #undef fabs
configure:19963: $? = 0
configure:19963: result: yes
configure:19969: checking for fabsf
configure:19969: gcc -o conftest -g -O2 -Iinclude -I/home/kai/SDl2/include -idirafter /home/kai/SDl2/src/video/khronos   -Iinclude -I/home/kai/SDl2/include -idirafter /home/kai/SDl2/src/video/khronos   conftest.c  -lm >&5
conftest.c:138:6: warning: conflicting types for built-in function 'fabsf'; expected 'float(float)' [-Wbuiltin-declaration-mismatch]
  138 | char fabsf ();
      |      ^~~~~
conftest.c:130:1: note: 'fabsf' is declared in header '<math.h>'
  129 | #include <limits.h>
  130 | #undef fabsf
configure:19969: $? = 0
configure:19969: result: yes
configure:19975: checking for floor
configure:19975: gcc -o conftest -g -O2 -Iinclude -I/home/kai/SDl2/include -idirafter /home/kai/SDl2/src/video/khronos   -Iinclude -I/home/kai/SDl2/include -idirafter /home/kai/SDl2/src/video/khronos   conftest.c  -lm >&5
conftest.c:139:6: warning: conflicting types for built-in function 'floor'; expected 'double(double)' [-Wbuiltin-declaration-mismatch]
  139 | char floor ();
      |      ^~~~~
conftest.c:131:1: note: 'floor' is declared in header '<math.h>'
  130 | #include <limits.h>
  131 | #undef floor
configure:19975: $? = 0
configure:19975: result: yes
configure:19981: checking for floorf
configure:19981: gcc -o conftest -g -O2 -Iinclude -I/home/kai/SDl2/include -idirafter /home/kai/SDl2/src/video/khronos   -Iinclude -I/home/kai/SDl2/include -idirafter /home/kai/SDl2/src/video/khronos   conftest.c  -lm >&5
conftest.c:140:6: warning: conflicting types for built-in function 'floorf'; expected 'float(float)' [-Wbuiltin-declaration-mismatch]
  140 | char floorf ();
      |      ^~~~~~
conftest.c:132:1: note: 'floorf' is declared in header '<math.h>'
  131 | #include <limits.h>
  132 | #undef floorf
configure:19981: $? = 0
configure:19981: result: yes
configure:19987: checking for trunc
configure:19987: gcc -o conftest -g -O2 -Iinclude -I/home/kai/SDl2/include -idirafter /home/kai/SDl2/src/video/khronos   -Iinclude -I/home/kai/SDl2/include -idirafter /home/kai/SDl2/src/video/khronos   conftest.c  -lm >&5
conftest.c:141:6: warning: conflicting types for built-in function 'trunc'; expected 'double(double)' [-Wbuiltin-declaration-mismatch]
  141 | char trunc ();
      |      ^~~~~
conftest.c:133:1: note: 'trunc' is declared in header '<math.h>'
  132 | #include <limits.h>
  133 | #undef trunc
configure:19987: $? = 0
configure:19987: result: yes
configure:19993: checking for truncf
configure:19993: gcc -o conftest -g -O2 -Iinclude -I/home/kai/SDl2/include -idirafter /home/kai/SDl2/src/video/khronos   -Iinclude -I/home/kai/SDl2/include -idirafter /home/kai/SDl2/src/video/khronos   conftest.c  -lm >&5
conftest.c:142:6: warning: conflicting types for built-in function 'truncf'; expected 'float(float)' [-Wbuiltin-declaration-mismatch]
  142 | char truncf ();
      |      ^~~~~~
conftest.c:134:1: note: 'truncf' is declared in header '<math.h>'
  133 | #include <limits.h>
  134 | #undef truncf
configure:19993: $? = 0
configure:19993: result: yes
configure:19999: checking for fmod
configure:19999: gcc -o conftest -g -O2 -Iinclude -I/home/kai/SDl2/include -idirafter /home/kai/SDl2/src/video/khronos   -Iinclude -I/home/kai/SDl2/include -idirafter /home/kai/SDl2/src/video/khronos   conftest.c  -lm >&5
conftest.c:143:6: warning: conflicting types for built-in function 'fmod'; expected 'double(double,  double)' [-Wbuiltin-declaration-mismatch]
  143 | char fmod ();
      |      ^~~~
conftest.c:135:1: note: 'fmod' is declared in header '<math.h>'
  134 | #include <limits.h>
  135 | #undef fmod
configure:19999: $? = 0
configure:19999: result: yes
configure:20005: checking for fmodf
configure:20005: gcc -o conftest -g -O2 -Iinclude -I/home/kai/SDl2/include -idirafter /home/kai/SDl2/src/video/khronos   -Iinclude -I/home/kai/SDl2/include -idirafter /home/kai/SDl2/src/video/khronos   conftest.c  -lm >&5
conftest.c:144:6: warning: conflicting types for built-in function 'fmodf'; expected 'float(float,  float)' [-Wbuiltin-declaration-mismatch]
  144 | char fmodf ();
      |      ^~~~~
conftest.c:136:1: note: 'fmodf' is declared in header '<math.h>'
  135 | #include <limits.h>
  136 | #undef fmodf
configure:20005: $? = 0
configure:20005: result: yes
configure:20011: checking for log
configure:20011: gcc -o conftest -g -O2 -Iinclude -I/home/kai/SDl2/include -idirafter /home/kai/SDl2/src/video/khronos   -Iinclude -I/home/kai/SDl2/include -idirafter /home/kai/SDl2/src/video/khronos   conftest.c  -lm >&5
conftest.c:145:6: warning: conflicting types for built-in function 'log'; expected 'double(double)' [-Wbuiltin-declaration-mismatch]
  145 | char log ();
      |      ^~~
conftest.c:137:1: note: 'log' is declared in header '<math.h>'
  136 | #include <limits.h>
  137 | #undef log
configure:20011: $? = 0
configure:20011: result: yes
configure:20017: checking for logf
configure:20017: gcc -o conftest -g -O2 -Iinclude -I/home/kai/SDl2/include -idirafter /home/kai/SDl2/src/video/khronos   -Iinclude -I/home/kai/SDl2/include -idirafter /home/kai/SDl2/src/video/khronos   conftest.c  -lm >&5
conftest.c:146:6: warning: conflicting types for built-in function 'logf'; expected 'float(float)' [-Wbuiltin-declaration-mismatch]
  146 | char logf ();
      |      ^~~~
conftest.c:138:1: note: 'logf' is declared in header '<math.h>'
  137 | #include <limits.h>
  138 | #undef logf
configure:20017: $? = 0
configure:20017: result: yes
configure:20023: checking for log10
configure:20023: gcc -o conftest -g -O2 -Iinclude -I/home/kai/SDl2/include -idirafter /home/kai/SDl2/src/video/khronos   -Iinclude -I/home/kai/SDl2/include -idirafter /home/kai/SDl2/src/video/khronos   conftest.c  -lm >&5
conftest.c:147:6: warning: conflicting types for built-in function 'log10'; expected 'double(double)' [-Wbuiltin-declaration-mismatch]
  147 | char log10 ();
      |      ^~~~~
conftest.c:139:1: note: 'log10' is declared in header '<math.h>'
  138 | #include <limits.h>
  139 | #undef log10
configure:20023: $? = 0
configure:20023: result: yes
configure:20029: checking for log10f
configure:20029: gcc -o conftest -g -O2 -Iinclude -I/home/kai/SDl2/include -idirafter /home/kai/SDl2/src/video/khronos   -Iinclude -I/home/kai/SDl2/include -idirafter /home/kai/SDl2/src/video/khronos   conftest.c  -lm >&5
conftest.c:148:6: warning: conflicting types for built-in function 'log10f'; expected 'float(float)' [-Wbuiltin-declaration-mismatch]
  148 | char log10f ();
      |      ^~~~~~
conftest.c:140:1: note: 'log10f' is declared in header '<math.h>'
  139 | #include <limits.h>
  140 | #undef log10f
configure:20029: $? = 0
configure:20029: result: yes
configure:20035: checking for lround
configure:20035: gcc -o conftest -g -O2 -Iinclude -I/home/kai/SDl2/include -idirafter /home/kai/SDl2/src/video/khronos   -Iinclude -I/home/kai/SDl2/include -idirafter /home/kai/SDl2/src/video/khronos   conftest.c  -lm >&5
conftest.c:149:6: warning: conflicting types for built-in function 'lround'; expected 'long int(double)' [-Wbuiltin-declaration-mismatch]
  149 | char lround ();
      |      ^~~~~~
conftest.c:141:1: note: 'lround' is declared in header '<math.h>'
  140 | #include <limits.h>
  141 | #undef lround
configure:20035: $? = 0
configure:20035: result: yes
configure:20041: checking for lroundf
configure:20041: gcc -o conftest -g -O2 -Iinclude -I/home/kai/SDl2/include -idirafter /home/kai/SDl2/src/video/khronos   -Iinclude -I/home/kai/SDl2/include -idirafter /home/kai/SDl2/src/video/khronos   conftest.c  -lm >&5
conftest.c:150:6: warning: conflicting types for built-in function 'lroundf'; expected 'long int(float)' [-Wbuiltin-declaration-mismatch]
  150 | char lroundf ();
      |      ^~~~~~~
conftest.c:142:1: note: 'lroundf' is declared in header '<math.h>'
  141 | #include <limits.h>
  142 | #undef lroundf
configure:20041: $? = 0
configure:20041: result: yes
configure:20047: checking for pow
configure:20047: gcc -o conftest -g -O2 -Iinclude -I/home/kai/SDl2/include -idirafter /home/kai/SDl2/src/video/khronos   -Iinclude -I/home/kai/SDl2/include -idirafter /home/kai/SDl2/src/video/khronos   conftest.c  -lm >&5
conftest.c:151:6: warning: conflicting types for built-in function 'pow'; expected 'double(double,  double)' [-Wbuiltin-declaration-mismatch]
  151 | char pow ();
      |      ^~~
conftest.c:143:1: note: 'pow' is declared in header '<math.h>'
  142 | #include <limits.h>
  143 | #undef pow
configure:20047: $? = 0
configure:20047: result: yes
configure:20053: checking for powf
configure:20053: gcc -o conftest -g -O2 -Iinclude -I/home/kai/SDl2/include -idirafter /home/kai/SDl2/src/video/khronos   -Iinclude -I/home/kai/SDl2/include -idirafter /home/kai/SDl2/src/video/khronos   conftest.c  -lm >&5
conftest.c:152:6: warning: conflicting types for built-in function 'powf'; expected 'float(float,  float)' [-Wbuiltin-declaration-mismatch]
  152 | char powf ();
      |      ^~~~
conftest.c:144:1: note: 'powf' is declared in header '<math.h>'
  143 | #include <limits.h>
  144 | #undef powf
configure:20053: $? = 0
configure:20053: result: yes
configure:20059: checking for round
configure:20059: gcc -o conftest -g -O2 -Iinclude -I/home/kai/SDl2/include -idirafter /home/kai/SDl2/src/video/khronos   -Iinclude -I/home/kai/SDl2/include -idirafter /home/kai/SDl2/src/video/khronos   conftest.c  -lm >&5
conftest.c:153:6: warning: conflicting types for built-in function 'round'; expected 'double(double)' [-Wbuiltin-declaration-mismatch]
  153 | char round ();
      |      ^~~~~
conftest.c:145:1: note: 'round' is declared in header '<math.h>'
  144 | #include <limits.h>
  145 | #undef round
configure:20059: $? = 0
configure:20059: result: yes
configure:20065: checking for roundf
configure:20065: gcc -o conftest -g -O2 -Iinclude -I/home/kai/SDl2/include -idirafter /home/kai/SDl2/src/video/khronos   -Iinclude -I/home/kai/SDl2/include -idirafter /home/kai/SDl2/src/video/khronos   conftest.c  -lm >&5
conftest.c:154:6: warning: conflicting types for built-in function 'roundf'; expected 'float(float)' [-Wbuiltin-declaration-mismatch]
  154 | char roundf ();
      |      ^~~~~~
conftest.c:146:1: note: 'roundf' is declared in header '<math.h>'
  145 | #include <limits.h>
  146 | #undef roundf
configure:20065: $? = 0
configure:20065: result: yes
configure:20071: checking for scalbn
configure:20071: gcc -o conftest -g -O2 -Iinclude -I/home/kai/SDl2/include -idirafter /home/kai/SDl2/src/video/khronos   -Iinclude -I/home/kai/SDl2/include -idirafter /home/kai/SDl2/src/video/khronos   conftest.c  -lm >&5
conftest.c:155:6: warning: conflicting types for built-in function 'scalbn'; expected 'double(double,  int)' [-Wbuiltin-declaration-mismatch]
  155 | char scalbn ();
      |      ^~~~~~
conftest.c:147:1: note: 'scalbn' is declared in header '<math.h>'
  146 | #include <limits.h>
  147 | #undef scalbn
configure:20071: $? = 0
configure:20071: result: yes
configure:20077: checking for scalbnf
configure:20077: gcc -o conftest -g -O2 -Iinclude -I/home/kai/SDl2/include -idirafter /home/kai/SDl2/src/video/khronos   -Iinclude -I/home/kai/SDl2/include -idirafter /home/kai/SDl2/src/video/khronos   conftest.c  -lm >&5
conftest.c:156:6: warning: conflicting types for built-in function 'scalbnf'; expected 'float(float,  int)' [-Wbuiltin-declaration-mismatch]
  156 | char scalbnf ();
      |      ^~~~~~~
conftest.c:148:1: note: 'scalbnf' is declared in header '<math.h>'
  147 | #include <limits.h>
  148 | #undef scalbnf
configure:20077: $? = 0
configure:20077: result: yes
configure:20083: checking for sin
configure:20083: gcc -o conftest -g -O2 -Iinclude -I/home/kai/SDl2/include -idirafter /home/kai/SDl2/src/video/khronos   -Iinclude -I/home/kai/SDl2/include -idirafter /home/kai/SDl2/src/video/khronos   conftest.c  -lm >&5
conftest.c:157:6: warning: conflicting types for built-in function 'sin'; expected 'double(double)' [-Wbuiltin-declaration-mismatch]
  157 | char sin ();
      |      ^~~
conftest.c:149:1: note: 'sin' is declared in header '<math.h>'
  148 | #include <limits.h>
  149 | #undef sin
configure:20083: $? = 0
configure:20083: result: yes
configure:20089: checking for sinf
configure:20089: gcc -o conftest -g -O2 -Iinclude -I/home/kai/SDl2/include -idirafter /home/kai/SDl2/src/video/khronos   -Iinclude -I/home/kai/SDl2/include -idirafter /home/kai/SDl2/src/video/khronos   conftest.c  -lm >&5
conftest.c:158:6: warning: conflicting types for built-in function 'sinf'; expected 'float(float)' [-Wbuiltin-declaration-mismatch]
  158 | char sinf ();
      |      ^~~~
conftest.c:150:1: note: 'sinf' is declared in header '<math.h>'
  149 | #include <limits.h>
  150 | #undef sinf
configure:20089: $? = 0
configure:20089: result: yes
configure:20095: checking for sqrt
configure:20095: gcc -o conftest -g -O2 -Iinclude -I/home/kai/SDl2/include -idirafter /home/kai/SDl2/src/video/khronos   -Iinclude -I/home/kai/SDl2/include -idirafter /home/kai/SDl2/src/video/khronos   conftest.c  -lm >&5
conftest.c:159:6: warning: conflicting types for built-in function 'sqrt'; expected 'double(double)' [-Wbuiltin-declaration-mismatch]
  159 | char sqrt ();
      |      ^~~~
conftest.c:151:1: note: 'sqrt' is declared in header '<math.h>'
  150 | #include <limits.h>
  151 | #undef sqrt
configure:20095: $? = 0
configure:20095: result: yes
configure:20101: checking for sqrtf
configure:20101: gcc -o conftest -g -O2 -Iinclude -I/home/kai/SDl2/include -idirafter /home/kai/SDl2/src/video/khronos   -Iinclude -I/home/kai/SDl2/include -idirafter /home/kai/SDl2/src/video/khronos   conftest.c  -lm >&5
conftest.c:160:6: warning: conflicting types for built-in function 'sqrtf'; expected 'float(float)' [-Wbuiltin-declaration-mismatch]
  160 | char sqrtf ();
      |      ^~~~~
conftest.c:152:1: note: 'sqrtf' is declared in header '<math.h>'
  151 | #include <limits.h>
  152 | #undef sqrtf
configure:20101: $? = 0
configure:20101: result: yes
configure:20107: checking for tan
configure:20107: gcc -o conftest -g -O2 -Iinclude -I/home/kai/SDl2/include -idirafter /home/kai/SDl2/src/video/khronos   -Iinclude -I/home/kai/SDl2/include -idirafter /home/kai/SDl2/src/video/khronos   conftest.c  -lm >&5
conftest.c:161:6: warning: conflicting types for built-in function 'tan'; expected 'double(double)' [-Wbuiltin-declaration-mismatch]
  161 | char tan ();
      |      ^~~
conftest.c:153:1: note: 'tan' is declared in header '<math.h>'
  152 | #include <limits.h>
  153 | #undef tan
configure:20107: $? = 0
configure:20107: result: yes
configure:20113: checking for tanf
configure:20113: gcc -o conftest -g -O2 -Iinclude -I/home/kai/SDl2/include -idirafter /home/kai/SDl2/src/video/khronos   -Iinclude -I/home/kai/SDl2/include -idirafter /home/kai/SDl2/src/video/khronos   conftest.c  -lm >&5
conftest.c:162:6: warning: conflicting types for built-in function 'tanf'; expected 'float(float)' [-Wbuiltin-declaration-mismatch]
  162 | char tanf ();
      |      ^~~~
conftest.c:154:1: note: 'tanf' is declared in header '<math.h>'
  153 | #include <limits.h>
  154 | #undef tanf
configure:20113: $? = 0
configure:20113: result: yes
configure:20122: checking for iconv in libc
configure:20141: gcc -o conftest -g -O2 -Iinclude -I/home/kai/SDl2/include -idirafter /home/kai/SDl2/src/video/khronos   -Iinclude -I/home/kai/SDl2/include -idirafter /home/kai/SDl2/src/video/khronos   conftest.c  -lm >&5
configure:20141: $? = 0
configure:20149: result: yes
configure:20152: checking for iconv in libiconv
configure:20172: gcc -o conftest -g -O2 -Iinclude -I/home/kai/SDl2/include -idirafter /home/kai/SDl2/src/video/khronos   -Iinclude -I/home/kai/SDl2/include -idirafter /home/kai/SDl2/src/video/khronos   conftest.c  -lm -liconv >&5
/usr/bin/ld: cannot find -liconv: No such file or directory
collect2: error: ld returned 1 exit status
configure:20172: $? = 1
configure: failed program was:
| /* confdefs.h */
| #define PACKAGE_NAME ""
| #define PACKAGE_TARNAME ""
| #define PACKAGE_VERSION ""
| #define PACKAGE_STRING ""
| #define PACKAGE_BUGREPORT ""
| #define PACKAGE_URL ""
| #define HAVE_STDIO_H 1
| #define HAVE_STDLIB_H 1
| #define HAVE_STRING_H 1
| #define HAVE_INTTYPES_H 1
| #define HAVE_STDINT_H 1
| #define HAVE_STRINGS_H 1
| #define HAVE_SYS_STAT_H 1
| #define HAVE_SYS_TYPES_H 1
| #define HAVE_UNISTD_H 1
| #define STDC_HEADERS 1
| #define HAVE_DLFCN_H 1
| #define LT_OBJDIR ".libs/"
| #define HAVE_LIBC 1
| #define HAVE_SYS_TYPES_H 1
| #define HAVE_STDIO_H 1
| #define HAVE_STDLIB_H 1
| #define HAVE_STDDEF_H 1
| #define HAVE_STDARG_H 1
| #define HAVE_MALLOC_H 1
| #define HAVE_MEMORY_H 1
| #define HAVE_STRING_H 1
| #define HAVE_STRINGS_H 1
| #define HAVE_WCHAR_H 1
| #define HAVE_INTTYPES_H 1
| #define HAVE_STDINT_H 1
| #define HAVE_LIMITS_H 1
| #define HAVE_CTYPE_H 1
| #define HAVE_MATH_H 1
| #define HAVE_FLOAT_H 1
| #define HAVE_ICONV_H 1
| #define HAVE_SIGNAL_H 1
| #define HAVE_M_PI /**/
| #define HAVE_ALLOCA_H 1
| #define HAVE_ALLOCA 1
| #define HAVE_MPROTECT 1
| #define HAVE_MALLOC 1
| #define HAVE_CALLOC 1
| #define HAVE_REALLOC 1
| #define HAVE_FREE 1
| #define HAVE_GETENV 1
| #define HAVE_SETENV 1
| #define HAVE_PUTENV 1
| #define HAVE_UNSETENV 1
| #define HAVE_BSEARCH 1
| #define HAVE_QSORT 1
| #define HAVE_ABS 1
| #define HAVE_BCOPY 1
| #define HAVE_MEMSET 1
| #define HAVE_MEMCMP 1
| #define HAVE_MEMCPY 1
| #define HAVE_MEMMOVE 1
| #define HAVE_WCSLEN 1
| #define HAVE_WCSLCPY 1
| #define HAVE_WCSLCAT 1
| #define HAVE_WCSDUP 1
| #define HAVE_WCSSTR 1
| #define HAVE_WCSCMP 1
| #define HAVE_WCSNCMP 1
| #define HAVE_WCSCASECMP 1
| #define HAVE_WCSNCASECMP 1
| #define HAVE_STRLEN 1
| #define HAVE_STRLCPY 1
| #define HAVE_STRLCAT 1
| #define HAVE_INDEX 1
| #define HAVE_RINDEX 1
| #define HAVE_STRCHR 1
| #define HAVE_STRRCHR 1
| #define HAVE_STRSTR 1
| #define HAVE_STRTOK_R 1
| #define HAVE_STRTOD 1
| #define HAVE_STRTOL 1
| #define HAVE_STRTOUL 1
| #define HAVE_STRTOLL 1
| #define HAVE_STRTOULL 1
| #define HAVE_ATOI 1
| #define HAVE_ATOF 1
| #define HAVE_STRCMP 1
| #define HAVE_STRNCMP 1
| #define HAVE_STRCASECMP 1
| #define HAVE_STRNCASECMP 1
| #define HAVE_STRCASESTR 1
| #define HAVE_VSSCANF 1
| #define HAVE_VSNPRINTF 1
| #define HAVE_FOPEN64 1
| #define HAVE_FSEEKO 1
| #define HAVE_FSEEKO64 1
| #define HAVE_SIGACTION 1
| #define HAVE_SIGTIMEDWAIT 1
| #define HAVE_SETJMP 1
| #define HAVE_NANOSLEEP 1
| #define HAVE_SYSCONF 1
| #define HAVE_GETAUXVAL 1
| #define HAVE_POLL 1
| #define HAVE_MEMFD_CREATE 1
| #define HAVE_POSIX_FALLOCATE 1
| #define HAVE__EXIT 1
| #define HAVE_ACOS 1
| #define HAVE_ACOSF 1
| #define HAVE_ASIN 1
| #define HAVE_ASINF 1
| #define HAVE_ATAN 1
| #define HAVE_ATANF 1
| #define HAVE_ATAN2 1
| #define HAVE_ATAN2F 1
| #define HAVE_CEIL 1
| #define HAVE_CEILF 1
| #define HAVE_COPYSIGN 1
| #define HAVE_COPYSIGNF 1
| #define HAVE_COS 1
| #define HAVE_COSF 1
| #define HAVE_EXP 1
| #define HAVE_EXPF 1
| #define HAVE_FABS 1
| #define HAVE_FABSF 1
| #define HAVE_FLOOR 1
| #define HAVE_FLOORF 1
| #define HAVE_TRUNC 1
| #define HAVE_TRUNCF 1
| #define HAVE_FMOD 1
| #define HAVE_FMODF 1
| #define HAVE_LOG 1
| #define HAVE_LOGF 1
| #define HAVE_LOG10 1
| #define HAVE_LOG10F 1
| #define HAVE_LROUND 1
| #define HAVE_LROUNDF 1
| #define HAVE_POW 1
| #define HAVE_POWF 1
| #define HAVE_ROUND 1
| #define HAVE_ROUNDF 1
| #define HAVE_SCALBN 1
| #define HAVE_SCALBNF 1
| #define HAVE_SIN 1
| #define HAVE_SINF 1
| #define HAVE_SQRT 1
| #define HAVE_SQRTF 1
| #define HAVE_TAN 1
| #define HAVE_TANF 1
| /* end confdefs.h.  */
| 
|          #include <stddef.h>
|          #include <iconv.h>
| 
| int
| main (void)
| {
| 
|          iconv_open(NULL,NULL);
| 
|   ;
|   return 0;
| }
configure:20181: result: no
configure:20208: checking for struct sigaction.sa_sigaction
configure:20208: gcc -c -g -O2 -Iinclude -I/home/kai/SDl2/include -idirafter /home/kai/SDl2/src/video/khronos   -Iinclude -I/home/kai/SDl2/include -idirafter /home/kai/SDl2/src/video/khronos  conftest.c >&5
configure:20208: $? = 0
configure:20208: result: yes
configure:20218: checking for libunwind.h
configure:20218: gcc -c -g -O2 -Iinclude -I/home/kai/SDl2/include -idirafter /home/kai/SDl2/src/video/khronos   -Iinclude -I/home/kai/SDl2/include -idirafter /home/kai/SDl2/src/video/khronos  conftest.c >&5
configure:20218: $? = 0
configure:20218: result: yes
configure:20238: checking for GCC builtin atomic operations
configure:20259: gcc -o conftest -g -O2 -Iinclude -I/home/kai/SDl2/include -idirafter /home/kai/SDl2/src/video/khronos   -Iinclude -I/home/kai/SDl2/include -idirafter /home/kai/SDl2/src/video/khronos   conftest.c  -lm >&5
configure:20259: $? = 0
configure:20265: result: yes
configure:20656: checking for GCC -mmmx option
configure:20686: gcc -c -g -O2 -Iinclude -I/home/kai/SDl2/include -idirafter /home/kai/SDl2/src/video/khronos  -mmmx  -Iinclude -I/home/kai/SDl2/include -idirafter /home/kai/SDl2/src/video/khronos  conftest.c >&5
configure:20686: $? = 0
configure:20691: result: yes
configure:20763: checking for GCC -msse option
configure:20793: gcc -c -g -O2 -Iinclude -I/home/kai/SDl2/include -idirafter /home/kai/SDl2/src/video/khronos  -msse  -Iinclude -I/home/kai/SDl2/include -idirafter /home/kai/SDl2/src/video/khronos  conftest.c >&5
configure:20793: $? = 0
configure:20798: result: yes
configure:20819: checking for GCC -msse2 option
configure:20849: gcc -c -g -O2 -Iinclude -I/home/kai/SDl2/include -idirafter /home/kai/SDl2/src/video/khronos  -msse2  -Iinclude -I/home/kai/SDl2/include -idirafter /home/kai/SDl2/src/video/khronos  conftest.c >&5
configure:20849: $? = 0
configure:20854: result: yes
configure:20875: checking for GCC -msse3 option
configure:20905: gcc -c -g -O2 -Iinclude -I/home/kai/SDl2/include -idirafter /home/kai/SDl2/src/video/khronos  -msse3  -Iinclude -I/home/kai/SDl2/include -idirafter /home/kai/SDl2/src/video/khronos  conftest.c >&5
configure:20905: $? = 0
configure:20910: result: yes
configure:20920: checking for immintrin.h
configure:20933: gcc -c -g -O2 -Iinclude -I/home/kai/SDl2/include -idirafter /home/kai/SDl2/src/video/khronos   -Iinclude -I/home/kai/SDl2/include -idirafter /home/kai/SDl2/src/video/khronos  conftest.c >&5
configure:20933: $? = 0
configure:20940: result: yes
configure:20963: checking for Altivec with GCC altivec.h and -maltivec option
configure:20981: gcc -c -g -O2 -Iinclude -I/home/kai/SDl2/include -idirafter /home/kai/SDl2/src/video/khronos  -maltivec  -Iinclude -I/home/kai/SDl2/include -idirafter /home/kai/SDl2/src/video/khronos  conftest.c >&5
gcc: error: unrecognized command-line option '-maltivec'
configure:20981: $? = 1
configure: failed program was:
| /* confdefs.h */
| #define PACKAGE_NAME ""
| #define PACKAGE_TARNAME ""
| #define PACKAGE_VERSION ""
| #define PACKAGE_STRING ""
| #define PACKAGE_BUGREPORT ""
| #define PACKAGE_URL ""
| #define HAVE_STDIO_H 1
| #define HAVE_STDLIB_H 1
| #define HAVE_STRING_H 1
| #define HAVE_INTTYPES_H 1
| #define HAVE_STDINT_H 1
| #define HAVE_STRINGS_H 1
| #define HAVE_SYS_STAT_H 1
| #define HAVE_SYS_TYPES_H 1
| #define HAVE_UNISTD_H 1
| #define STDC_HEADERS 1
| #define HAVE_DLFCN_H 1
| #define LT_OBJDIR ".libs/"
| #define HAVE_LIBC 1
| #define HAVE_SYS_TYPES_H 1
| #define HAVE_STDIO_H 1
| #define HAVE_STDLIB_H 1
| #define HAVE_STDDEF_H 1
| #define HAVE_STDARG_H 1
| #define HAVE_MALLOC_H 1
| #define HAVE_MEMORY_H 1
| #define HAVE_STRING_H 1
| #define HAVE_STRINGS_H 1
| #define HAVE_WCHAR_H 1
| #define HAVE_INTTYPES_H 1
| #define HAVE_STDINT_H 1
| #define HAVE_LIMITS_H 1
| #define HAVE_CTYPE_H 1
| #define HAVE_MATH_H 1
| #define HAVE_FLOAT_H 1
| #define HAVE_ICONV_H 1
| #define HAVE_SIGNAL_H 1
| #define HAVE_M_PI /**/
| #define HAVE_ALLOCA_H 1
| #define HAVE_ALLOCA 1
| #define HAVE_MPROTECT 1
| #define HAVE_MALLOC 1
| #define HAVE_CALLOC 1
| #define HAVE_REALLOC 1
| #define HAVE_FREE 1
| #define HAVE_GETENV 1
| #define HAVE_SETENV 1
| #define HAVE_PUTENV 1
| #define HAVE_UNSETENV 1
| #define HAVE_BSEARCH 1
| #define HAVE_QSORT 1
| #define HAVE_ABS 1
| #define HAVE_BCOPY 1
| #define HAVE_MEMSET 1
| #define HAVE_MEMCMP 1
| #define HAVE_MEMCPY 1
| #define HAVE_MEMMOVE 1
| #define HAVE_WCSLEN 1
| #define HAVE_WCSLCPY 1
| #define HAVE_WCSLCAT 1
| #define HAVE_WCSDUP 1
| #define HAVE_WCSSTR 1
| #define HAVE_WCSCMP 1
| #define HAVE_WCSNCMP 1
| #define HAVE_WCSCASECMP 1
| #define HAVE_WCSNCASECMP 1
| #define HAVE_STRLEN 1
| #define HAVE_STRLCPY 1
| #define HAVE_STRLCAT 1
| #define HAVE_INDEX 1
| #define HAVE_RINDEX 1
| #define HAVE_STRCHR 1
| #define HAVE_STRRCHR 1
| #define HAVE_STRSTR 1
| #define HAVE_STRTOK_R 1
| #define HAVE_STRTOD 1
| #define HAVE_STRTOL 1
| #define HAVE_STRTOUL 1
| #define HAVE_STRTOLL 1
| #define HAVE_STRTOULL 1
| #define HAVE_ATOI 1
| #define HAVE_ATOF 1
| #define HAVE_STRCMP 1
| #define HAVE_STRNCMP 1
| #define HAVE_STRCASECMP 1
| #define HAVE_STRNCASECMP 1
| #define HAVE_STRCASESTR 1
| #define HAVE_VSSCANF 1
| #define HAVE_VSNPRINTF 1
| #define HAVE_FOPEN64 1
| #define HAVE_FSEEKO 1
| #define HAVE_FSEEKO64 1
| #define HAVE_SIGACTION 1
| #define HAVE_SIGTIMEDWAIT 1
| #define HAVE_SETJMP 1
| #define HAVE_NANOSLEEP 1
| #define HAVE_SYSCONF 1
| #define HAVE_GETAUXVAL 1
| #define HAVE_POLL 1
| #define HAVE_MEMFD_CREATE 1
| #define HAVE_POSIX_FALLOCATE 1
| #define HAVE__EXIT 1
| #define HAVE_ACOS 1
| #define HAVE_ACOSF 1
| #define HAVE_ASIN 1
| #define HAVE_ASINF 1
| #define HAVE_ATAN 1
| #define HAVE_ATANF 1
| #define HAVE_ATAN2 1
| #define HAVE_ATAN2F 1
| #define HAVE_CEIL 1
| #define HAVE_CEILF 1
| #define HAVE_COPYSIGN 1
| #define HAVE_COPYSIGNF 1
| #define HAVE_COS 1
| #define HAVE_COSF 1
| #define HAVE_EXP 1
| #define HAVE_EXPF 1
| #define HAVE_FABS 1
| #define HAVE_FABSF 1
| #define HAVE_FLOOR 1
| #define HAVE_FLOORF 1
| #define HAVE_TRUNC 1
| #define HAVE_TRUNCF 1
| #define HAVE_FMOD 1
| #define HAVE_FMODF 1
| #define HAVE_LOG 1
| #define HAVE_LOGF 1
| #define HAVE_LOG10 1
| #define HAVE_LOG10F 1
| #define HAVE_LROUND 1
| #define HAVE_LROUNDF 1
| #define HAVE_POW 1
| #define HAVE_POWF 1
| #define HAVE_ROUND 1
| #define HAVE_ROUNDF 1
| #define HAVE_SCALBN 1
| #define HAVE_SCALBNF 1
| #define HAVE_SIN 1
| #define HAVE_SINF 1
| #define HAVE_SQRT 1
| #define HAVE_SQRTF 1
| #define HAVE_TAN 1
| #define HAVE_TANF 1
| #define HAVE_ICONV 1
| #define HAVE_SA_SIGACTION 1
| #define HAVE_LIBUNWIND_H 1
| #define HAVE_GCC_ATOMICS 1
| #define HAVE_IMMINTRIN_H 1
| /* end confdefs.h.  */
| 
|         #include <altivec.h>
|         vector unsigned int vzero() {
|             return vec_splat_u32(0);
|         }
| 
| int
| main (void)
| {
| 
|   ;
|   return 0;
| }
configure:20989: result: no
configure:20993: checking for Altivec with GCC -maltivec option
configure:21010: gcc -c -g -O2 -Iinclude -I/home/kai/SDl2/include -idirafter /home/kai/SDl2/src/video/khronos  -maltivec  -Iinclude -I/home/kai/SDl2/include -idirafter /home/kai/SDl2/src/video/khronos  conftest.c >&5
gcc: error: unrecognized command-line option '-maltivec'
configure:21010: $? = 1
configure: failed program was:
| /* confdefs.h */
| #define PACKAGE_NAME ""
| #define PACKAGE_TARNAME ""
| #define PACKAGE_VERSION ""
| #define PACKAGE_STRING ""
| #define PACKAGE_BUGREPORT ""
| #define PACKAGE_URL ""
| #define HAVE_STDIO_H 1
| #define HAVE_STDLIB_H 1
| #define HAVE_STRING_H 1
| #define HAVE_INTTYPES_H 1
| #define HAVE_STDINT_H 1
| #define HAVE_STRINGS_H 1
| #define HAVE_SYS_STAT_H 1
| #define HAVE_SYS_TYPES_H 1
| #define HAVE_UNISTD_H 1
| #define STDC_HEADERS 1
| #define HAVE_DLFCN_H 1
| #define LT_OBJDIR ".libs/"
| #define HAVE_LIBC 1
| #define HAVE_SYS_TYPES_H 1
| #define HAVE_STDIO_H 1
| #define HAVE_STDLIB_H 1
| #define HAVE_STDDEF_H 1
| #define HAVE_STDARG_H 1
| #define HAVE_MALLOC_H 1
| #define HAVE_MEMORY_H 1
| #define HAVE_STRING_H 1
| #define HAVE_STRINGS_H 1
| #define HAVE_WCHAR_H 1
| #define HAVE_INTTYPES_H 1
| #define HAVE_STDINT_H 1
| #define HAVE_LIMITS_H 1
| #define HAVE_CTYPE_H 1
| #define HAVE_MATH_H 1
| #define HAVE_FLOAT_H 1
| #define HAVE_ICONV_H 1
| #define HAVE_SIGNAL_H 1
| #define HAVE_M_PI /**/
| #define HAVE_ALLOCA_H 1
| #define HAVE_ALLOCA 1
| #define HAVE_MPROTECT 1
| #define HAVE_MALLOC 1
| #define HAVE_CALLOC 1
| #define HAVE_REALLOC 1
| #define HAVE_FREE 1
| #define HAVE_GETENV 1
| #define HAVE_SETENV 1
| #define HAVE_PUTENV 1
| #define HAVE_UNSETENV 1
| #define HAVE_BSEARCH 1
| #define HAVE_QSORT 1
| #define HAVE_ABS 1
| #define HAVE_BCOPY 1
| #define HAVE_MEMSET 1
| #define HAVE_MEMCMP 1
| #define HAVE_MEMCPY 1
| #define HAVE_MEMMOVE 1
| #define HAVE_WCSLEN 1
| #define HAVE_WCSLCPY 1
| #define HAVE_WCSLCAT 1
| #define HAVE_WCSDUP 1
| #define HAVE_WCSSTR 1
| #define HAVE_WCSCMP 1
| #define HAVE_WCSNCMP 1
| #define HAVE_WCSCASECMP 1
| #define HAVE_WCSNCASECMP 1
| #define HAVE_STRLEN 1
| #define HAVE_STRLCPY 1
| #define HAVE_STRLCAT 1
| #define HAVE_INDEX 1
| #define HAVE_RINDEX 1
| #define HAVE_STRCHR 1
| #define HAVE_STRRCHR 1
| #define HAVE_STRSTR 1
| #define HAVE_STRTOK_R 1
| #define HAVE_STRTOD 1
| #define HAVE_STRTOL 1
| #define HAVE_STRTOUL 1
| #define HAVE_STRTOLL 1
| #define HAVE_STRTOULL 1
| #define HAVE_ATOI 1
| #define HAVE_ATOF 1
| #define HAVE_STRCMP 1
| #define HAVE_STRNCMP 1
| #define HAVE_STRCASECMP 1
| #define HAVE_STRNCASECMP 1
| #define HAVE_STRCASESTR 1
| #define HAVE_VSSCANF 1
| #define HAVE_VSNPRINTF 1
| #define HAVE_FOPEN64 1
| #define HAVE_FSEEKO 1
| #define HAVE_FSEEKO64 1
| #define HAVE_SIGACTION 1
| #define HAVE_SIGTIMEDWAIT 1
| #define HAVE_SETJMP 1
| #define HAVE_NANOSLEEP 1
| #define HAVE_SYSCONF 1
| #define HAVE_GETAUXVAL 1
| #define HAVE_POLL 1
| #define HAVE_MEMFD_CREATE 1
| #define HAVE_POSIX_FALLOCATE 1
| #define HAVE__EXIT 1
| #define HAVE_ACOS 1
| #define HAVE_ACOSF 1
| #define HAVE_ASIN 1
| #define HAVE_ASINF 1
| #define HAVE_ATAN 1
| #define HAVE_ATANF 1
| #define HAVE_ATAN2 1
| #define HAVE_ATAN2F 1
| #define HAVE_CEIL 1
| #define HAVE_CEILF 1
| #define HAVE_COPYSIGN 1
| #define HAVE_COPYSIGNF 1
| #define HAVE_COS 1
| #define HAVE_COSF 1
| #define HAVE_EXP 1
| #define HAVE_EXPF 1
| #define HAVE_FABS 1
| #define HAVE_FABSF 1
| #define HAVE_FLOOR 1
| #define HAVE_FLOORF 1
| #define HAVE_TRUNC 1
| #define HAVE_TRUNCF 1
| #define HAVE_FMOD 1
| #define HAVE_FMODF 1
| #define HAVE_LOG 1
| #define HAVE_LOGF 1
| #define HAVE_LOG10 1
| #define HAVE_LOG10F 1
| #define HAVE_LROUND 1
| #define HAVE_LROUNDF 1
| #define HAVE_POW 1
| #define HAVE_POWF 1
| #define HAVE_ROUND 1
| #define HAVE_ROUNDF 1
| #define HAVE_SCALBN 1
| #define HAVE_SCALBNF 1
| #define HAVE_SIN 1
| #define HAVE_SINF 1
| #define HAVE_SQRT 1
| #define HAVE_SQRTF 1
| #define HAVE_TAN 1
| #define HAVE_TANF 1
| #define HAVE_ICONV 1
| #define HAVE_SA_SIGACTION 1
| #define HAVE_LIBUNWIND_H 1
| #define HAVE_GCC_ATOMICS 1
| #define HAVE_IMMINTRIN_H 1
| /* end confdefs.h.  */
| 
|             vector unsigned int vzero() {
|                 return vec_splat_u32(0);
|             }
| 
| int
| main (void)
| {
| 
|   ;
|   return 0;
| }
configure:21015: result: no
configure:21020: checking for Altivec with GCC altivec.h and -faltivec option
configure:21040: gcc -c -g -O2 -Iinclude -I/home/kai/SDl2/include -idirafter /home/kai/SDl2/src/video/khronos  -faltivec  -Iinclude -I/home/kai/SDl2/include -idirafter /home/kai/SDl2/src/video/khronos  conftest.c >&5
gcc: error: unrecognized command-line option '-faltivec'
configure:21040: $? = 1
configure: failed program was:
| /* confdefs.h */
| #define PACKAGE_NAME ""
| #define PACKAGE_TARNAME ""
| #define PACKAGE_VERSION ""
| #define PACKAGE_STRING ""
| #define PACKAGE_BUGREPORT ""
| #define PACKAGE_URL ""
| #define HAVE_STDIO_H 1
| #define HAVE_STDLIB_H 1
| #define HAVE_STRING_H 1
| #define HAVE_INTTYPES_H 1
| #define HAVE_STDINT_H 1
| #define HAVE_STRINGS_H 1
| #define HAVE_SYS_STAT_H 1
| #define HAVE_SYS_TYPES_H 1
| #define HAVE_UNISTD_H 1
| #define STDC_HEADERS 1
| #define HAVE_DLFCN_H 1
| #define LT_OBJDIR ".libs/"
| #define HAVE_LIBC 1
| #define HAVE_SYS_TYPES_H 1
| #define HAVE_STDIO_H 1
| #define HAVE_STDLIB_H 1
| #define HAVE_STDDEF_H 1
| #define HAVE_STDARG_H 1
| #define HAVE_MALLOC_H 1
| #define HAVE_MEMORY_H 1
| #define HAVE_STRING_H 1
| #define HAVE_STRINGS_H 1
| #define HAVE_WCHAR_H 1
| #define HAVE_INTTYPES_H 1
| #define HAVE_STDINT_H 1
| #define HAVE_LIMITS_H 1
| #define HAVE_CTYPE_H 1
| #define HAVE_MATH_H 1
| #define HAVE_FLOAT_H 1
| #define HAVE_ICONV_H 1
| #define HAVE_SIGNAL_H 1
| #define HAVE_M_PI /**/
| #define HAVE_ALLOCA_H 1
| #define HAVE_ALLOCA 1
| #define HAVE_MPROTECT 1
| #define HAVE_MALLOC 1
| #define HAVE_CALLOC 1
| #define HAVE_REALLOC 1
| #define HAVE_FREE 1
| #define HAVE_GETENV 1
| #define HAVE_SETENV 1
| #define HAVE_PUTENV 1
| #define HAVE_UNSETENV 1
| #define HAVE_BSEARCH 1
| #define HAVE_QSORT 1
| #define HAVE_ABS 1
| #define HAVE_BCOPY 1
| #define HAVE_MEMSET 1
| #define HAVE_MEMCMP 1
| #define HAVE_MEMCPY 1
| #define HAVE_MEMMOVE 1
| #define HAVE_WCSLEN 1
| #define HAVE_WCSLCPY 1
| #define HAVE_WCSLCAT 1
| #define HAVE_WCSDUP 1
| #define HAVE_WCSSTR 1
| #define HAVE_WCSCMP 1
| #define HAVE_WCSNCMP 1
| #define HAVE_WCSCASECMP 1
| #define HAVE_WCSNCASECMP 1
| #define HAVE_STRLEN 1
| #define HAVE_STRLCPY 1
| #define HAVE_STRLCAT 1
| #define HAVE_INDEX 1
| #define HAVE_RINDEX 1
| #define HAVE_STRCHR 1
| #define HAVE_STRRCHR 1
| #define HAVE_STRSTR 1
| #define HAVE_STRTOK_R 1
| #define HAVE_STRTOD 1
| #define HAVE_STRTOL 1
| #define HAVE_STRTOUL 1
| #define HAVE_STRTOLL 1
| #define HAVE_STRTOULL 1
| #define HAVE_ATOI 1
| #define HAVE_ATOF 1
| #define HAVE_STRCMP 1
| #define HAVE_STRNCMP 1
| #define HAVE_STRCASECMP 1
| #define HAVE_STRNCASECMP 1
| #define HAVE_STRCASESTR 1
| #define HAVE_VSSCANF 1
| #define HAVE_VSNPRINTF 1
| #define HAVE_FOPEN64 1
| #define HAVE_FSEEKO 1
| #define HAVE_FSEEKO64 1
| #define HAVE_SIGACTION 1
| #define HAVE_SIGTIMEDWAIT 1
| #define HAVE_SETJMP 1
| #define HAVE_NANOSLEEP 1
| #define HAVE_SYSCONF 1
| #define HAVE_GETAUXVAL 1
| #define HAVE_POLL 1
| #define HAVE_MEMFD_CREATE 1
| #define HAVE_POSIX_FALLOCATE 1
| #define HAVE__EXIT 1
| #define HAVE_ACOS 1
| #define HAVE_ACOSF 1
| #define HAVE_ASIN 1
| #define HAVE_ASINF 1
| #define HAVE_ATAN 1
| #define HAVE_ATANF 1
| #define HAVE_ATAN2 1
| #define HAVE_ATAN2F 1
| #define HAVE_CEIL 1
| #define HAVE_CEILF 1
| #define HAVE_COPYSIGN 1
| #define HAVE_COPYSIGNF 1
| #define HAVE_COS 1
| #define HAVE_COSF 1
| #define HAVE_EXP 1
| #define HAVE_EXPF 1
| #define HAVE_FABS 1
| #define HAVE_FABSF 1
| #define HAVE_FLOOR 1
| #define HAVE_FLOORF 1
| #define HAVE_TRUNC 1
| #define HAVE_TRUNCF 1
| #define HAVE_FMOD 1
| #define HAVE_FMODF 1
| #define HAVE_LOG 1
| #define HAVE_LOGF 1
| #define HAVE_LOG10 1
| #define HAVE_LOG10F 1
| #define HAVE_LROUND 1
| #define HAVE_LROUNDF 1
| #define HAVE_POW 1
| #define HAVE_POWF 1
| #define HAVE_ROUND 1
| #define HAVE_ROUNDF 1
| #define HAVE_SCALBN 1
| #define HAVE_SCALBNF 1
| #define HAVE_SIN 1
| #define HAVE_SINF 1
| #define HAVE_SQRT 1
| #define HAVE_SQRTF 1
| #define HAVE_TAN 1
| #define HAVE_TANF 1
| #define HAVE_ICONV 1
| #define HAVE_SA_SIGACTION 1
| #define HAVE_LIBUNWIND_H 1
| #define HAVE_GCC_ATOMICS 1
| #define HAVE_IMMINTRIN_H 1
| /* end confdefs.h.  */
| 
|             #include <altivec.h>
|             vector unsigned int vzero() {
|                 return vec_splat_u32(0);
|             }
| 
| int
| main (void)
| {
| 
|   ;
|   return 0;
| }
configure:21048: result: no
configure:21053: checking for Altivec with GCC -faltivec option
configure:21070: gcc -c -g -O2 -Iinclude -I/home/kai/SDl2/include -idirafter /home/kai/SDl2/src/video/khronos  -faltivec  -Iinclude -I/home/kai/SDl2/include -idirafter /home/kai/SDl2/src/video/khronos  conftest.c >&5
gcc: error: unrecognized command-line option '-faltivec'
configure:21070: $? = 1
configure: failed program was:
| /* confdefs.h */
| #define PACKAGE_NAME ""
| #define PACKAGE_TARNAME ""
| #define PACKAGE_VERSION ""
| #define PACKAGE_STRING ""
| #define PACKAGE_BUGREPORT ""
| #define PACKAGE_URL ""
| #define HAVE_STDIO_H 1
| #define HAVE_STDLIB_H 1
| #define HAVE_STRING_H 1
| #define HAVE_INTTYPES_H 1
| #define HAVE_STDINT_H 1
| #define HAVE_STRINGS_H 1
| #define HAVE_SYS_STAT_H 1
| #define HAVE_SYS_TYPES_H 1
| #define HAVE_UNISTD_H 1
| #define STDC_HEADERS 1
| #define HAVE_DLFCN_H 1
| #define LT_OBJDIR ".libs/"
| #define HAVE_LIBC 1
| #define HAVE_SYS_TYPES_H 1
| #define HAVE_STDIO_H 1
| #define HAVE_STDLIB_H 1
| #define HAVE_STDDEF_H 1
| #define HAVE_STDARG_H 1
| #define HAVE_MALLOC_H 1
| #define HAVE_MEMORY_H 1
| #define HAVE_STRING_H 1
| #define HAVE_STRINGS_H 1
| #define HAVE_WCHAR_H 1
| #define HAVE_INTTYPES_H 1
| #define HAVE_STDINT_H 1
| #define HAVE_LIMITS_H 1
| #define HAVE_CTYPE_H 1
| #define HAVE_MATH_H 1
| #define HAVE_FLOAT_H 1
| #define HAVE_ICONV_H 1
| #define HAVE_SIGNAL_H 1
| #define HAVE_M_PI /**/
| #define HAVE_ALLOCA_H 1
| #define HAVE_ALLOCA 1
| #define HAVE_MPROTECT 1
| #define HAVE_MALLOC 1
| #define HAVE_CALLOC 1
| #define HAVE_REALLOC 1
| #define HAVE_FREE 1
| #define HAVE_GETENV 1
| #define HAVE_SETENV 1
| #define HAVE_PUTENV 1
| #define HAVE_UNSETENV 1
| #define HAVE_BSEARCH 1
| #define HAVE_QSORT 1
| #define HAVE_ABS 1
| #define HAVE_BCOPY 1
| #define HAVE_MEMSET 1
| #define HAVE_MEMCMP 1
| #define HAVE_MEMCPY 1
| #define HAVE_MEMMOVE 1
| #define HAVE_WCSLEN 1
| #define HAVE_WCSLCPY 1
| #define HAVE_WCSLCAT 1
| #define HAVE_WCSDUP 1
| #define HAVE_WCSSTR 1
| #define HAVE_WCSCMP 1
| #define HAVE_WCSNCMP 1
| #define HAVE_WCSCASECMP 1
| #define HAVE_WCSNCASECMP 1
| #define HAVE_STRLEN 1
| #define HAVE_STRLCPY 1
| #define HAVE_STRLCAT 1
| #define HAVE_INDEX 1
| #define HAVE_RINDEX 1
| #define HAVE_STRCHR 1
| #define HAVE_STRRCHR 1
| #define HAVE_STRSTR 1
| #define HAVE_STRTOK_R 1
| #define HAVE_STRTOD 1
| #define HAVE_STRTOL 1
| #define HAVE_STRTOUL 1
| #define HAVE_STRTOLL 1
| #define HAVE_STRTOULL 1
| #define HAVE_ATOI 1
| #define HAVE_ATOF 1
| #define HAVE_STRCMP 1
| #define HAVE_STRNCMP 1
| #define HAVE_STRCASECMP 1
| #define HAVE_STRNCASECMP 1
| #define HAVE_STRCASESTR 1
| #define HAVE_VSSCANF 1
| #define HAVE_VSNPRINTF 1
| #define HAVE_FOPEN64 1
| #define HAVE_FSEEKO 1
| #define HAVE_FSEEKO64 1
| #define HAVE_SIGACTION 1
| #define HAVE_SIGTIMEDWAIT 1
| #define HAVE_SETJMP 1
| #define HAVE_NANOSLEEP 1
| #define HAVE_SYSCONF 1
| #define HAVE_GETAUXVAL 1
| #define HAVE_POLL 1
| #define HAVE_MEMFD_CREATE 1
| #define HAVE_POSIX_FALLOCATE 1
| #define HAVE__EXIT 1
| #define HAVE_ACOS 1
| #define HAVE_ACOSF 1
| #define HAVE_ASIN 1
| #define HAVE_ASINF 1
| #define HAVE_ATAN 1
| #define HAVE_ATANF 1
| #define HAVE_ATAN2 1
| #define HAVE_ATAN2F 1
| #define HAVE_CEIL 1
| #define HAVE_CEILF 1
| #define HAVE_COPYSIGN 1
| #define HAVE_COPYSIGNF 1
| #define HAVE_COS 1
| #define HAVE_COSF 1
| #define HAVE_EXP 1
| #define HAVE_EXPF 1
| #define HAVE_FABS 1
| #define HAVE_FABSF 1
| #define HAVE_FLOOR 1
| #define HAVE_FLOORF 1
| #define HAVE_TRUNC 1
| #define HAVE_TRUNCF 1
| #define HAVE_FMOD 1
| #define HAVE_FMODF 1
| #define HAVE_LOG 1
| #define HAVE_LOGF 1
| #define HAVE_LOG10 1
| #define HAVE_LOG10F 1
| #define HAVE_LROUND 1
| #define HAVE_LROUNDF 1
| #define HAVE_POW 1
| #define HAVE_POWF 1
| #define HAVE_ROUND 1
| #define HAVE_ROUNDF 1
| #define HAVE_SCALBN 1
| #define HAVE_SCALBNF 1
| #define HAVE_SIN 1
| #define HAVE_SINF 1
| #define HAVE_SQRT 1
| #define HAVE_SQRTF 1
| #define HAVE_TAN 1
| #define HAVE_TANF 1
| #define HAVE_ICONV 1
| #define HAVE_SA_SIGACTION 1
| #define HAVE_LIBUNWIND_H 1
| #define HAVE_GCC_ATOMICS 1
| #define HAVE_IMMINTRIN_H 1
| /* end confdefs.h.  */
| 
|             vector unsigned int vzero() {
|                 return vec_splat_u32(0);
|             }
| 
| int
| main (void)
| {
| 
|   ;
|   return 0;
| }
configure:21075: result: no
configure:21106: checking for GCC -mlsx option
configure:21126: gcc -c -g -O2 -Iinclude -I/home/kai/SDl2/include -idirafter /home/kai/SDl2/src/video/khronos  -mlsx  -Iinclude -I/home/kai/SDl2/include -idirafter /home/kai/SDl2/src/video/khronos  conftest.c >&5
gcc: error: unrecognized command-line option '-mlsx'
configure:21126: $? = 1
configure: failed program was:
| /* confdefs.h */
| #define PACKAGE_NAME ""
| #define PACKAGE_TARNAME ""
| #define PACKAGE_VERSION ""
| #define PACKAGE_STRING ""
| #define PACKAGE_BUGREPORT ""
| #define PACKAGE_URL ""
| #define HAVE_STDIO_H 1
| #define HAVE_STDLIB_H 1
| #define HAVE_STRING_H 1
| #define HAVE_INTTYPES_H 1
| #define HAVE_STDINT_H 1
| #define HAVE_STRINGS_H 1
| #define HAVE_SYS_STAT_H 1
| #define HAVE_SYS_TYPES_H 1
| #define HAVE_UNISTD_H 1
| #define STDC_HEADERS 1
| #define HAVE_DLFCN_H 1
| #define LT_OBJDIR ".libs/"
| #define HAVE_LIBC 1
| #define HAVE_SYS_TYPES_H 1
| #define HAVE_STDIO_H 1
| #define HAVE_STDLIB_H 1
| #define HAVE_STDDEF_H 1
| #define HAVE_STDARG_H 1
| #define HAVE_MALLOC_H 1
| #define HAVE_MEMORY_H 1
| #define HAVE_STRING_H 1
| #define HAVE_STRINGS_H 1
| #define HAVE_WCHAR_H 1
| #define HAVE_INTTYPES_H 1
| #define HAVE_STDINT_H 1
| #define HAVE_LIMITS_H 1
| #define HAVE_CTYPE_H 1
| #define HAVE_MATH_H 1
| #define HAVE_FLOAT_H 1
| #define HAVE_ICONV_H 1
| #define HAVE_SIGNAL_H 1
| #define HAVE_M_PI /**/
| #define HAVE_ALLOCA_H 1
| #define HAVE_ALLOCA 1
| #define HAVE_MPROTECT 1
| #define HAVE_MALLOC 1
| #define HAVE_CALLOC 1
| #define HAVE_REALLOC 1
| #define HAVE_FREE 1
| #define HAVE_GETENV 1
| #define HAVE_SETENV 1
| #define HAVE_PUTENV 1
| #define HAVE_UNSETENV 1
| #define HAVE_BSEARCH 1
| #define HAVE_QSORT 1
| #define HAVE_ABS 1
| #define HAVE_BCOPY 1
| #define HAVE_MEMSET 1
| #define HAVE_MEMCMP 1
| #define HAVE_MEMCPY 1
| #define HAVE_MEMMOVE 1
| #define HAVE_WCSLEN 1
| #define HAVE_WCSLCPY 1
| #define HAVE_WCSLCAT 1
| #define HAVE_WCSDUP 1
| #define HAVE_WCSSTR 1
| #define HAVE_WCSCMP 1
| #define HAVE_WCSNCMP 1
| #define HAVE_WCSCASECMP 1
| #define HAVE_WCSNCASECMP 1
| #define HAVE_STRLEN 1
| #define HAVE_STRLCPY 1
| #define HAVE_STRLCAT 1
| #define HAVE_INDEX 1
| #define HAVE_RINDEX 1
| #define HAVE_STRCHR 1
| #define HAVE_STRRCHR 1
| #define HAVE_STRSTR 1
| #define HAVE_STRTOK_R 1
| #define HAVE_STRTOD 1
| #define HAVE_STRTOL 1
| #define HAVE_STRTOUL 1
| #define HAVE_STRTOLL 1
| #define HAVE_STRTOULL 1
| #define HAVE_ATOI 1
| #define HAVE_ATOF 1
| #define HAVE_STRCMP 1
| #define HAVE_STRNCMP 1
| #define HAVE_STRCASECMP 1
| #define HAVE_STRNCASECMP 1
| #define HAVE_STRCASESTR 1
| #define HAVE_VSSCANF 1
| #define HAVE_VSNPRINTF 1
| #define HAVE_FOPEN64 1
| #define HAVE_FSEEKO 1
| #define HAVE_FSEEKO64 1
| #define HAVE_SIGACTION 1
| #define HAVE_SIGTIMEDWAIT 1
| #define HAVE_SETJMP 1
| #define HAVE_NANOSLEEP 1
| #define HAVE_SYSCONF 1
| #define HAVE_GETAUXVAL 1
| #define HAVE_POLL 1
| #define HAVE_MEMFD_CREATE 1
| #define HAVE_POSIX_FALLOCATE 1
| #define HAVE__EXIT 1
| #define HAVE_ACOS 1
| #define HAVE_ACOSF 1
| #define HAVE_ASIN 1
| #define HAVE_ASINF 1
| #define HAVE_ATAN 1
| #define HAVE_ATANF 1
| #define HAVE_ATAN2 1
| #define HAVE_ATAN2F 1
| #define HAVE_CEIL 1
| #define HAVE_CEILF 1
| #define HAVE_COPYSIGN 1
| #define HAVE_COPYSIGNF 1
| #define HAVE_COS 1
| #define HAVE_COSF 1
| #define HAVE_EXP 1
| #define HAVE_EXPF 1
| #define HAVE_FABS 1
| #define HAVE_FABSF 1
| #define HAVE_FLOOR 1
| #define HAVE_FLOORF 1
| #define HAVE_TRUNC 1
| #define HAVE_TRUNCF 1
| #define HAVE_FMOD 1
| #define HAVE_FMODF 1
| #define HAVE_LOG 1
| #define HAVE_LOGF 1
| #define HAVE_LOG10 1
| #define HAVE_LOG10F 1
| #define HAVE_LROUND 1
| #define HAVE_LROUNDF 1
| #define HAVE_POW 1
| #define HAVE_POWF 1
| #define HAVE_ROUND 1
| #define HAVE_ROUNDF 1
| #define HAVE_SCALBN 1
| #define HAVE_SCALBNF 1
| #define HAVE_SIN 1
| #define HAVE_SINF 1
| #define HAVE_SQRT 1
| #define HAVE_SQRTF 1
| #define HAVE_TAN 1
| #define HAVE_TANF 1
| #define HAVE_ICONV 1
| #define HAVE_SA_SIGACTION 1
| #define HAVE_LIBUNWIND_H 1
| #define HAVE_GCC_ATOMICS 1
| #define HAVE_IMMINTRIN_H 1
| /* end confdefs.h.  */
| 
|     #ifndef __loongarch_sx
|     #error Assembler CPP flag not enabled
|     #endif
| 
| int
| main (void)
| {
| 
|   ;
|   return 0;
| }
configure:21131: result: no
configure:21141: checking for lsxintrin.h
configure:21154: gcc -c -g -O2 -Iinclude -I/home/kai/SDl2/include -idirafter /home/kai/SDl2/src/video/khronos   -Iinclude -I/home/kai/SDl2/include -idirafter /home/kai/SDl2/src/video/khronos  conftest.c >&5
conftest.c:152:10: fatal error: lsxintrin.h: No such file or directory
  152 | #include <lsxintrin.h>
      |          ^~~~~~~~~~~~~
compilation terminated.
configure:21154: $? = 1
configure: failed program was:
| /* confdefs.h */
| #define PACKAGE_NAME ""
| #define PACKAGE_TARNAME ""
| #define PACKAGE_VERSION ""
| #define PACKAGE_STRING ""
| #define PACKAGE_BUGREPORT ""
| #define PACKAGE_URL ""
| #define HAVE_STDIO_H 1
| #define HAVE_STDLIB_H 1
| #define HAVE_STRING_H 1
| #define HAVE_INTTYPES_H 1
| #define HAVE_STDINT_H 1
| #define HAVE_STRINGS_H 1
| #define HAVE_SYS_STAT_H 1
| #define HAVE_SYS_TYPES_H 1
| #define HAVE_UNISTD_H 1
| #define STDC_HEADERS 1
| #define HAVE_DLFCN_H 1
| #define LT_OBJDIR ".libs/"
| #define HAVE_LIBC 1
| #define HAVE_SYS_TYPES_H 1
| #define HAVE_STDIO_H 1
| #define HAVE_STDLIB_H 1
| #define HAVE_STDDEF_H 1
| #define HAVE_STDARG_H 1
| #define HAVE_MALLOC_H 1
| #define HAVE_MEMORY_H 1
| #define HAVE_STRING_H 1
| #define HAVE_STRINGS_H 1
| #define HAVE_WCHAR_H 1
| #define HAVE_INTTYPES_H 1
| #define HAVE_STDINT_H 1
| #define HAVE_LIMITS_H 1
| #define HAVE_CTYPE_H 1
| #define HAVE_MATH_H 1
| #define HAVE_FLOAT_H 1
| #define HAVE_ICONV_H 1
| #define HAVE_SIGNAL_H 1
| #define HAVE_M_PI /**/
| #define HAVE_ALLOCA_H 1
| #define HAVE_ALLOCA 1
| #define HAVE_MPROTECT 1
| #define HAVE_MALLOC 1
| #define HAVE_CALLOC 1
| #define HAVE_REALLOC 1
| #define HAVE_FREE 1
| #define HAVE_GETENV 1
| #define HAVE_SETENV 1
| #define HAVE_PUTENV 1
| #define HAVE_UNSETENV 1
| #define HAVE_BSEARCH 1
| #define HAVE_QSORT 1
| #define HAVE_ABS 1
| #define HAVE_BCOPY 1
| #define HAVE_MEMSET 1
| #define HAVE_MEMCMP 1
| #define HAVE_MEMCPY 1
| #define HAVE_MEMMOVE 1
| #define HAVE_WCSLEN 1
| #define HAVE_WCSLCPY 1
| #define HAVE_WCSLCAT 1
| #define HAVE_WCSDUP 1
| #define HAVE_WCSSTR 1
| #define HAVE_WCSCMP 1
| #define HAVE_WCSNCMP 1
| #define HAVE_WCSCASECMP 1
| #define HAVE_WCSNCASECMP 1
| #define HAVE_STRLEN 1
| #define HAVE_STRLCPY 1
| #define HAVE_STRLCAT 1
| #define HAVE_INDEX 1
| #define HAVE_RINDEX 1
| #define HAVE_STRCHR 1
| #define HAVE_STRRCHR 1
| #define HAVE_STRSTR 1
| #define HAVE_STRTOK_R 1
| #define HAVE_STRTOD 1
| #define HAVE_STRTOL 1
| #define HAVE_STRTOUL 1
| #define HAVE_STRTOLL 1
| #define HAVE_STRTOULL 1
| #define HAVE_ATOI 1
| #define HAVE_ATOF 1
| #define HAVE_STRCMP 1
| #define HAVE_STRNCMP 1
| #define HAVE_STRCASECMP 1
| #define HAVE_STRNCASECMP 1
| #define HAVE_STRCASESTR 1
| #define HAVE_VSSCANF 1
| #define HAVE_VSNPRINTF 1
| #define HAVE_FOPEN64 1
| #define HAVE_FSEEKO 1
| #define HAVE_FSEEKO64 1
| #define HAVE_SIGACTION 1
| #define HAVE_SIGTIMEDWAIT 1
| #define HAVE_SETJMP 1
| #define HAVE_NANOSLEEP 1
| #define HAVE_SYSCONF 1
| #define HAVE_GETAUXVAL 1
| #define HAVE_POLL 1
| #define HAVE_MEMFD_CREATE 1
| #define HAVE_POSIX_FALLOCATE 1
| #define HAVE__EXIT 1
| #define HAVE_ACOS 1
| #define HAVE_ACOSF 1
| #define HAVE_ASIN 1
| #define HAVE_ASINF 1
| #define HAVE_ATAN 1
| #define HAVE_ATANF 1
| #define HAVE_ATAN2 1
| #define HAVE_ATAN2F 1
| #define HAVE_CEIL 1
| #define HAVE_CEILF 1
| #define HAVE_COPYSIGN 1
| #define HAVE_COPYSIGNF 1
| #define HAVE_COS 1
| #define HAVE_COSF 1
| #define HAVE_EXP 1
| #define HAVE_EXPF 1
| #define HAVE_FABS 1
| #define HAVE_FABSF 1
| #define HAVE_FLOOR 1
| #define HAVE_FLOORF 1
| #define HAVE_TRUNC 1
| #define HAVE_TRUNCF 1
| #define HAVE_FMOD 1
| #define HAVE_FMODF 1
| #define HAVE_LOG 1
| #define HAVE_LOGF 1
| #define HAVE_LOG10 1
| #define HAVE_LOG10F 1
| #define HAVE_LROUND 1
| #define HAVE_LROUNDF 1
| #define HAVE_POW 1
| #define HAVE_POWF 1
| #define HAVE_ROUND 1
| #define HAVE_ROUNDF 1
| #define HAVE_SCALBN 1
| #define HAVE_SCALBNF 1
| #define HAVE_SIN 1
| #define HAVE_SINF 1
| #define HAVE_SQRT 1
| #define HAVE_SQRTF 1
| #define HAVE_TAN 1
| #define HAVE_TANF 1
| #define HAVE_ICONV 1
| #define HAVE_SA_SIGACTION 1
| #define HAVE_LIBUNWIND_H 1
| #define HAVE_GCC_ATOMICS 1
| #define HAVE_IMMINTRIN_H 1
| /* end confdefs.h.  */
| #include <lsxintrin.h>
| int
| main (void)
| {
| 
|   ;
|   return 0;
| }
configure:21161: result: no
configure:23178: checking for GCC -Wall option
configure:23197: gcc -c -g -O2 -Iinclude -I/home/kai/SDl2/include -idirafter /home/kai/SDl2/src/video/khronos  -Wall  -Iinclude -I/home/kai/SDl2/include -idirafter /home/kai/SDl2/src/video/khronos  conftest.c >&5
configure:23197: $? = 0
configure:23202: result: yes
configure:23209: checking for necessary GCC -Wno-multichar option
configure:23217: result: no
configure:23227: checking for GCC -Wunused-local-typedefs option
configure:23246: gcc -c -g -O2 -Iinclude -I/home/kai/SDl2/include -idirafter /home/kai/SDl2/src/video/khronos  -Wunused-local-typedefs  -Iinclude -I/home/kai/SDl2/include -idirafter /home/kai/SDl2/src/video/khronos  conftest.c >&5
configure:23246: $? = 0
configure:23251: result: yes
configure:23028: checking for GCC -fno-strict-aliasing option
configure:23047: gcc -c -g -O2 -Iinclude -I/home/kai/SDl2/include -idirafter /home/kai/SDl2/src/video/khronos  -fno-strict-aliasing  -Iinclude -I/home/kai/SDl2/include -idirafter /home/kai/SDl2/src/video/khronos  conftest.c >&5
configure:23047: $? = 0
configure:23052: result: yes
configure:22990: checking for GCC -fvisibility=hidden option
configure:23012: gcc -c -g -O2 -Iinclude -I/home/kai/SDl2/include -idirafter /home/kai/SDl2/src/video/khronos  -fvisibility=hidden -Werror  -Iinclude -I/home/kai/SDl2/include -idirafter /home/kai/SDl2/src/video/khronos  conftest.c >&5
configure:23012: $? = 0
configure:23017: result: yes
configure:23143: checking for GCC -Wdeclaration-after-statement option
configure:23162: gcc -c -g -O2 -Iinclude -I/home/kai/SDl2/include -idirafter /home/kai/SDl2/src/video/khronos  -Wdeclaration-after-statement -Werror=declaration-after-statement  -Iinclude -I/home/kai/SDl2/include -idirafter /home/kai/SDl2/src/video/khronos  conftest.c >&5
configure:23162: $? = 0
configure:23167: result: yes
configure:27829: checking for dlfcn.h
configure:27829: result: yes
configure:27839: checking for dlopen in -lc
configure:27862: gcc -o conftest -g -O2 -Iinclude -I/home/kai/SDl2/include -idirafter /home/kai/SDl2/src/video/khronos   -Iinclude -I/home/kai/SDl2/include -idirafter /home/kai/SDl2/src/video/khronos   conftest.c -lc   -lm >&5
configure:27862: $? = 0
configure:27872: result: yes
configure:27920: checking for dlopen
configure:27922: result: yes
configure:27941: checking for O_CLOEXEC
configure:27957: gcc -c -g -O2 -Iinclude -I/home/kai/SDl2/include -idirafter /home/kai/SDl2/src/video/khronos   -Iinclude -I/home/kai/SDl2/include -idirafter /home/kai/SDl2/src/video/khronos  conftest.c >&5
configure:27957: $? = 0
configure:27964: result: yes
configure:21184: checking for OSS audio support
configure:21203: gcc -c -g -O2 -Iinclude -I/home/kai/SDl2/include -idirafter /home/kai/SDl2/src/video/khronos   -Iinclude -I/home/kai/SDl2/include -idirafter /home/kai/SDl2/src/video/khronos  conftest.c >&5
configure:21203: $? = 0
configure:21209: result: yes
configure:21273: checking for ALSA CFLAGS
configure:21279: result: 
configure:21282: checking for ALSA LDFLAGS
configure:21295: result:  -lasound -lm -ldl -lpthread
configure:21299: checking for libasound headers version >= 1.0.11
configure:21360: gcc -c -g -O2 -Iinclude -I/home/kai/SDl2/include -idirafter /home/kai/SDl2/src/video/khronos   -Iinclude -I/home/kai/SDl2/include -idirafter /home/kai/SDl2/src/video/khronos  conftest.c >&5
configure:21360: $? = 0
configure:21362: result: found.
configure:21380: checking for snd_ctl_open in -lasound
configure:21403: gcc -o conftest -g -O2 -Iinclude -I/home/kai/SDl2/include -idirafter /home/kai/SDl2/src/video/khronos   -Iinclude -I/home/kai/SDl2/include -idirafter /home/kai/SDl2/src/video/khronos   conftest.c -lasound   -lasound -lm -ldl -lpthread  >&5
configure:21403: $? = 0
configure:21413: result: yes
configure:21999: checking for libpipewire-0.3 >= 0.3.20
configure:22006: $PKG_CONFIG --exists --print-errors "libpipewire-0.3 >= 0.3.20"
configure:22009: $? = 0
configure:22023: $PKG_CONFIG --exists --print-errors "libpipewire-0.3 >= 0.3.20"
configure:22026: $? = 0
configure:22064: result: yes
configure:22119: checking for libpulse >= 0.9.15
configure:22126: $PKG_CONFIG --exists --print-errors "libpulse >= 0.9.15"
configure:22129: $? = 0
configure:22143: $PKG_CONFIG --exists --print-errors "libpulse >= 0.9.15"
configure:22146: $? = 0
configure:22184: result: yes
configure:21501: checking for jack >= 0.125
configure:21508: $PKG_CONFIG --exists --print-errors "jack >= 0.125"
configure:21511: $? = 0
configure:21525: $PKG_CONFIG --exists --print-errors "jack >= 0.125"
configure:21528: $? = 0
configure:21566: result: yes
configure:22247: checking for artsc-config
configure:22285: result: no
configure:21629: checking for esound >= 0.2.8
configure:21636: $PKG_CONFIG --exists --print-errors "esound >= 0.2.8"
Package esound was not found in the pkg-config search path.
Perhaps you should add the directory containing `esound.pc'
to the PKG_CONFIG_PATH environment variable
Package 'esound' not found
configure:21639: $? = 1
configure:21653: $PKG_CONFIG --exists --print-errors "esound >= 0.2.8"
Package esound was not found in the pkg-config search path.
Perhaps you should add the directory containing `esound.pc'
to the PKG_CONFIG_PATH environment variable
Package 'esound' not found
configure:21656: $? = 1
configure:21670: result: no
Package 'esound' not found
configure:21741: checking for esd-config
configure:21777: result: no
configure:21786: checking for ESD - version >= 0.2.8
configure:21880: result: no
configure:22372: checking for audio/audiolib.h
configure:22372: gcc -c -g -O2 -Iinclude -I/home/kai/SDl2/include -idirafter /home/kai/SDl2/src/video/khronos   -Iinclude -I/home/kai/SDl2/include -idirafter /home/kai/SDl2/src/video/khronos  conftest.c >&5
conftest.c:198:10: fatal error: audio/audiolib.h: No such file or directory
  198 | #include <audio/audiolib.h>
      |          ^~~~~~~~~~~~~~~~~~
compilation terminated.
configure:22372: $? = 1
configure: failed program was:
| /* confdefs.h */
| #define PACKAGE_NAME ""
| #define PACKAGE_TARNAME ""
| #define PACKAGE_VERSION ""
| #define PACKAGE_STRING ""
| #define PACKAGE_BUGREPORT ""
| #define PACKAGE_URL ""
| #define HAVE_STDIO_H 1
| #define HAVE_STDLIB_H 1
| #define HAVE_STRING_H 1
| #define HAVE_INTTYPES_H 1
| #define HAVE_STDINT_H 1
| #define HAVE_STRINGS_H 1
| #define HAVE_SYS_STAT_H 1
| #define HAVE_SYS_TYPES_H 1
| #define HAVE_UNISTD_H 1
| #define STDC_HEADERS 1
| #define HAVE_DLFCN_H 1
| #define LT_OBJDIR ".libs/"
| #define HAVE_LIBC 1
| #define HAVE_SYS_TYPES_H 1
| #define HAVE_STDIO_H 1
| #define HAVE_STDLIB_H 1
| #define HAVE_STDDEF_H 1
| #define HAVE_STDARG_H 1
| #define HAVE_MALLOC_H 1
| #define HAVE_MEMORY_H 1
| #define HAVE_STRING_H 1
| #define HAVE_STRINGS_H 1
| #define HAVE_WCHAR_H 1
| #define HAVE_INTTYPES_H 1
| #define HAVE_STDINT_H 1
| #define HAVE_LIMITS_H 1
| #define HAVE_CTYPE_H 1
| #define HAVE_MATH_H 1
| #define HAVE_FLOAT_H 1
| #define HAVE_ICONV_H 1
| #define HAVE_SIGNAL_H 1
| #define HAVE_M_PI /**/
| #define HAVE_ALLOCA_H 1
| #define HAVE_ALLOCA 1
| #define HAVE_MPROTECT 1
| #define HAVE_MALLOC 1
| #define HAVE_CALLOC 1
| #define HAVE_REALLOC 1
| #define HAVE_FREE 1
| #define HAVE_GETENV 1
| #define HAVE_SETENV 1
| #define HAVE_PUTENV 1
| #define HAVE_UNSETENV 1
| #define HAVE_BSEARCH 1
| #define HAVE_QSORT 1
| #define HAVE_ABS 1
| #define HAVE_BCOPY 1
| #define HAVE_MEMSET 1
| #define HAVE_MEMCMP 1
| #define HAVE_MEMCPY 1
| #define HAVE_MEMMOVE 1
| #define HAVE_WCSLEN 1
| #define HAVE_WCSLCPY 1
| #define HAVE_WCSLCAT 1
| #define HAVE_WCSDUP 1
| #define HAVE_WCSSTR 1
| #define HAVE_WCSCMP 1
| #define HAVE_WCSNCMP 1
| #define HAVE_WCSCASECMP 1
| #define HAVE_WCSNCASECMP 1
| #define HAVE_STRLEN 1
| #define HAVE_STRLCPY 1
| #define HAVE_STRLCAT 1
| #define HAVE_INDEX 1
| #define HAVE_RINDEX 1
| #define HAVE_STRCHR 1
| #define HAVE_STRRCHR 1
| #define HAVE_STRSTR 1
| #define HAVE_STRTOK_R 1
| #define HAVE_STRTOD 1
| #define HAVE_STRTOL 1
| #define HAVE_STRTOUL 1
| #define HAVE_STRTOLL 1
| #define HAVE_STRTOULL 1
| #define HAVE_ATOI 1
| #define HAVE_ATOF 1
| #define HAVE_STRCMP 1
| #define HAVE_STRNCMP 1
| #define HAVE_STRCASECMP 1
| #define HAVE_STRNCASECMP 1
| #define HAVE_STRCASESTR 1
| #define HAVE_VSSCANF 1
| #define HAVE_VSNPRINTF 1
| #define HAVE_FOPEN64 1
| #define HAVE_FSEEKO 1
| #define HAVE_FSEEKO64 1
| #define HAVE_SIGACTION 1
| #define HAVE_SIGTIMEDWAIT 1
| #define HAVE_SETJMP 1
| #define HAVE_NANOSLEEP 1
| #define HAVE_SYSCONF 1
| #define HAVE_GETAUXVAL 1
| #define HAVE_POLL 1
| #define HAVE_MEMFD_CREATE 1
| #define HAVE_POSIX_FALLOCATE 1
| #define HAVE__EXIT 1
| #define HAVE_ACOS 1
| #define HAVE_ACOSF 1
| #define HAVE_ASIN 1
| #define HAVE_ASINF 1
| #define HAVE_ATAN 1
| #define HAVE_ATANF 1
| #define HAVE_ATAN2 1
| #define HAVE_ATAN2F 1
| #define HAVE_CEIL 1
| #define HAVE_CEILF 1
| #define HAVE_COPYSIGN 1
| #define HAVE_COPYSIGNF 1
| #define HAVE_COS 1
| #define HAVE_COSF 1
| #define HAVE_EXP 1
| #define HAVE_EXPF 1
| #define HAVE_FABS 1
| #define HAVE_FABSF 1
| #define HAVE_FLOOR 1
| #define HAVE_FLOORF 1
| #define HAVE_TRUNC 1
| #define HAVE_TRUNCF 1
| #define HAVE_FMOD 1
| #define HAVE_FMODF 1
| #define HAVE_LOG 1
| #define HAVE_LOGF 1
| #define HAVE_LOG10 1
| #define HAVE_LOG10F 1
| #define HAVE_LROUND 1
| #define HAVE_LROUNDF 1
| #define HAVE_POW 1
| #define HAVE_POWF 1
| #define HAVE_ROUND 1
| #define HAVE_ROUNDF 1
| #define HAVE_SCALBN 1
| #define HAVE_SCALBNF 1
| #define HAVE_SIN 1
| #define HAVE_SINF 1
| #define HAVE_SQRT 1
| #define HAVE_SQRTF 1
| #define HAVE_TAN 1
| #define HAVE_TANF 1
| #define HAVE_ICONV 1
| #define HAVE_SA_SIGACTION 1
| #define HAVE_LIBUNWIND_H 1
| #define HAVE_GCC_ATOMICS 1
| #define HAVE_IMMINTRIN_H 1
| #define SDL_VIDEO_DRIVER_DUMMY 1
| #define SDL_VIDEO_DRIVER_OFFSCREEN 1
| #define SDL_AUDIO_DRIVER_DISK 1
| #define SDL_AUDIO_DRIVER_DUMMY 1
| #define DYNAPI_NEEDS_DLOPEN 1
| #define HAVE_DLOPEN 1
| #define SDL_LOADSO_DLOPEN 1
| #define HAVE_O_CLOEXEC 1
| #define SDL_AUDIO_DRIVER_OSS 1
| #define HAVE_LIBASOUND 1
| #define SDL_AUDIO_DRIVER_ALSA 1
| #define SDL_AUDIO_DRIVER_ALSA_DYNAMIC "libasound.so.2"
| #define SDL_AUDIO_DRIVER_PIPEWIRE 1
| #define SDL_AUDIO_DRIVER_PIPEWIRE_DYNAMIC "libpipewire-0.3.so.0"
| #define SDL_AUDIO_DRIVER_PULSEAUDIO 1
| #define SDL_AUDIO_DRIVER_PULSEAUDIO_DYNAMIC "libpulse.so.0"
| #define SDL_AUDIO_DRIVER_JACK 1
| #define SDL_AUDIO_DRIVER_JACK_DYNAMIC "libjack.so.0"
| /* end confdefs.h.  */
| #include <stddef.h>
| #ifdef HAVE_STDIO_H
| # include <stdio.h>
| #endif
| #ifdef HAVE_STDLIB_H
| # include <stdlib.h>
| #endif
| #ifdef HAVE_STRING_H
| # include <string.h>
| #endif
| #ifdef HAVE_INTTYPES_H
| # include <inttypes.h>
| #endif
| #ifdef HAVE_STDINT_H
| # include <stdint.h>
| #endif
| #ifdef HAVE_STRINGS_H
| # include <strings.h>
| #endif
| #ifdef HAVE_SYS_TYPES_H
| # include <sys/types.h>
| #endif
| #ifdef HAVE_SYS_STAT_H
| # include <sys/stat.h>
| #endif
| #ifdef HAVE_UNISTD_H
| # include <unistd.h>
| #endif
| #include <audio/audiolib.h>
configure:22372: result: no
configure:22378: checking for AuOpenServer in -laudio
configure:22401: gcc -o conftest -g -O2 -Iinclude -I/home/kai/SDl2/include -idirafter /home/kai/SDl2/src/video/khronos   -Iinclude -I/home/kai/SDl2/include -idirafter /home/kai/SDl2/src/video/khronos   conftest.c -laudio   -lm >&5
/usr/bin/ld: cannot find -laudio: No such file or directory
collect2: error: ld returned 1 exit status
configure:22401: $? = 1
configure: failed program was:
| /* confdefs.h */
| #define PACKAGE_NAME ""
| #define PACKAGE_TARNAME ""
| #define PACKAGE_VERSION ""
| #define PACKAGE_STRING ""
| #define PACKAGE_BUGREPORT ""
| #define PACKAGE_URL ""
| #define HAVE_STDIO_H 1
| #define HAVE_STDLIB_H 1
| #define HAVE_STRING_H 1
| #define HAVE_INTTYPES_H 1
| #define HAVE_STDINT_H 1
| #define HAVE_STRINGS_H 1
| #define HAVE_SYS_STAT_H 1
| #define HAVE_SYS_TYPES_H 1
| #define HAVE_UNISTD_H 1
| #define STDC_HEADERS 1
| #define HAVE_DLFCN_H 1
| #define LT_OBJDIR ".libs/"
| #define HAVE_LIBC 1
| #define HAVE_SYS_TYPES_H 1
| #define HAVE_STDIO_H 1
| #define HAVE_STDLIB_H 1
| #define HAVE_STDDEF_H 1
| #define HAVE_STDARG_H 1
| #define HAVE_MALLOC_H 1
| #define HAVE_MEMORY_H 1
| #define HAVE_STRING_H 1
| #define HAVE_STRINGS_H 1
| #define HAVE_WCHAR_H 1
| #define HAVE_INTTYPES_H 1
| #define HAVE_STDINT_H 1
| #define HAVE_LIMITS_H 1
| #define HAVE_CTYPE_H 1
| #define HAVE_MATH_H 1
| #define HAVE_FLOAT_H 1
| #define HAVE_ICONV_H 1
| #define HAVE_SIGNAL_H 1
| #define HAVE_M_PI /**/
| #define HAVE_ALLOCA_H 1
| #define HAVE_ALLOCA 1
| #define HAVE_MPROTECT 1
| #define HAVE_MALLOC 1
| #define HAVE_CALLOC 1
| #define HAVE_REALLOC 1
| #define HAVE_FREE 1
| #define HAVE_GETENV 1
| #define HAVE_SETENV 1
| #define HAVE_PUTENV 1
| #define HAVE_UNSETENV 1
| #define HAVE_BSEARCH 1
| #define HAVE_QSORT 1
| #define HAVE_ABS 1
| #define HAVE_BCOPY 1
| #define HAVE_MEMSET 1
| #define HAVE_MEMCMP 1
| #define HAVE_MEMCPY 1
| #define HAVE_MEMMOVE 1
| #define HAVE_WCSLEN 1
| #define HAVE_WCSLCPY 1
| #define HAVE_WCSLCAT 1
| #define HAVE_WCSDUP 1
| #define HAVE_WCSSTR 1
| #define HAVE_WCSCMP 1
| #define HAVE_WCSNCMP 1
| #define HAVE_WCSCASECMP 1
| #define HAVE_WCSNCASECMP 1
| #define HAVE_STRLEN 1
| #define HAVE_STRLCPY 1
| #define HAVE_STRLCAT 1
| #define HAVE_INDEX 1
| #define HAVE_RINDEX 1
| #define HAVE_STRCHR 1
| #define HAVE_STRRCHR 1
| #define HAVE_STRSTR 1
| #define HAVE_STRTOK_R 1
| #define HAVE_STRTOD 1
| #define HAVE_STRTOL 1
| #define HAVE_STRTOUL 1
| #define HAVE_STRTOLL 1
| #define HAVE_STRTOULL 1
| #define HAVE_ATOI 1
| #define HAVE_ATOF 1
| #define HAVE_STRCMP 1
| #define HAVE_STRNCMP 1
| #define HAVE_STRCASECMP 1
| #define HAVE_STRNCASECMP 1
| #define HAVE_STRCASESTR 1
| #define HAVE_VSSCANF 1
| #define HAVE_VSNPRINTF 1
| #define HAVE_FOPEN64 1
| #define HAVE_FSEEKO 1
| #define HAVE_FSEEKO64 1
| #define HAVE_SIGACTION 1
| #define HAVE_SIGTIMEDWAIT 1
| #define HAVE_SETJMP 1
| #define HAVE_NANOSLEEP 1
| #define HAVE_SYSCONF 1
| #define HAVE_GETAUXVAL 1
| #define HAVE_POLL 1
| #define HAVE_MEMFD_CREATE 1
| #define HAVE_POSIX_FALLOCATE 1
| #define HAVE__EXIT 1
| #define HAVE_ACOS 1
| #define HAVE_ACOSF 1
| #define HAVE_ASIN 1
| #define HAVE_ASINF 1
| #define HAVE_ATAN 1
| #define HAVE_ATANF 1
| #define HAVE_ATAN2 1
| #define HAVE_ATAN2F 1
| #define HAVE_CEIL 1
| #define HAVE_CEILF 1
| #define HAVE_COPYSIGN 1
| #define HAVE_COPYSIGNF 1
| #define HAVE_COS 1
| #define HAVE_COSF 1
| #define HAVE_EXP 1
| #define HAVE_EXPF 1
| #define HAVE_FABS 1
| #define HAVE_FABSF 1
| #define HAVE_FLOOR 1
| #define HAVE_FLOORF 1
| #define HAVE_TRUNC 1
| #define HAVE_TRUNCF 1
| #define HAVE_FMOD 1
| #define HAVE_FMODF 1
| #define HAVE_LOG 1
| #define HAVE_LOGF 1
| #define HAVE_LOG10 1
| #define HAVE_LOG10F 1
| #define HAVE_LROUND 1
| #define HAVE_LROUNDF 1
| #define HAVE_POW 1
| #define HAVE_POWF 1
| #define HAVE_ROUND 1
| #define HAVE_ROUNDF 1
| #define HAVE_SCALBN 1
| #define HAVE_SCALBNF 1
| #define HAVE_SIN 1
| #define HAVE_SINF 1
| #define HAVE_SQRT 1
| #define HAVE_SQRTF 1
| #define HAVE_TAN 1
| #define HAVE_TANF 1
| #define HAVE_ICONV 1
| #define HAVE_SA_SIGACTION 1
| #define HAVE_LIBUNWIND_H 1
| #define HAVE_GCC_ATOMICS 1
| #define HAVE_IMMINTRIN_H 1
| #define SDL_VIDEO_DRIVER_DUMMY 1
| #define SDL_VIDEO_DRIVER_OFFSCREEN 1
| #define SDL_AUDIO_DRIVER_DISK 1
| #define SDL_AUDIO_DRIVER_DUMMY 1
| #define DYNAPI_NEEDS_DLOPEN 1
| #define HAVE_DLOPEN 1
| #define SDL_LOADSO_DLOPEN 1
| #define HAVE_O_CLOEXEC 1
| #define SDL_AUDIO_DRIVER_OSS 1
| #define HAVE_LIBASOUND 1
| #define SDL_AUDIO_DRIVER_ALSA 1
| #define SDL_AUDIO_DRIVER_ALSA_DYNAMIC "libasound.so.2"
| #define SDL_AUDIO_DRIVER_PIPEWIRE 1
| #define SDL_AUDIO_DRIVER_PIPEWIRE_DYNAMIC "libpipewire-0.3.so.0"
| #define SDL_AUDIO_DRIVER_PULSEAUDIO 1
| #define SDL_AUDIO_DRIVER_PULSEAUDIO_DYNAMIC "libpulse.so.0"
| #define SDL_AUDIO_DRIVER_JACK 1
| #define SDL_AUDIO_DRIVER_JACK_DYNAMIC "libjack.so.0"
| /* end confdefs.h.  */
| 
| /* Override any GCC internal prototype to avoid an error.
|    Use char because int might match the return type of a GCC
|    builtin and then its argument prototype would still apply.  */
| char AuOpenServer ();
| int
| main (void)
| {
| return AuOpenServer ();
|   ;
|   return 0;
| }
configure:22411: result: no
configure:22419: checking for NAS audio support
configure:22433: result: no
configure:22487: checking for sndio
configure:22494: $PKG_CONFIG --exists --print-errors "sndio"
configure:22497: $? = 0
configure:22511: $PKG_CONFIG --exists --print-errors "sndio"
configure:22514: $? = 0
configure:22552: result: yes
configure:22771: checking for samplerate.h
configure:22771: gcc -c -g -O2 -Iinclude -I/home/kai/SDl2/include -idirafter /home/kai/SDl2/src/video/khronos   -Iinclude -I/home/kai/SDl2/include -idirafter /home/kai/SDl2/src/video/khronos  conftest.c >&5
configure:22771: $? = 0
configure:22771: result: yes
configure:23678: checking for bcm_host
configure:23685: $PKG_CONFIG --exists --print-errors "bcm_host"
Package bcm_host was not found in the pkg-config search path.
Perhaps you should add the directory containing `bcm_host.pc'
to the PKG_CONFIG_PATH environment variable
Package 'bcm_host' not found
configure:23688: $? = 1
configure:23702: $PKG_CONFIG --exists --print-errors "bcm_host"
Package bcm_host was not found in the pkg-config search path.
Perhaps you should add the directory containing `bcm_host.pc'
to the PKG_CONFIG_PATH environment variable
Package 'bcm_host' not found
configure:23705: $? = 1
configure:23719: result: no
Package 'bcm_host' not found
configure:23749: checking for brcmegl
configure:23756: $PKG_CONFIG --exists --print-errors "brcmegl"
Package brcmegl was not found in the pkg-config search path.
Perhaps you should add the directory containing `brcmegl.pc'
to the PKG_CONFIG_PATH environment variable
Package 'brcmegl' not found
configure:23759: $? = 1
configure:23773: $PKG_CONFIG --exists --print-errors "brcmegl"
Package brcmegl was not found in the pkg-config search path.
Perhaps you should add the directory containing `brcmegl.pc'
to the PKG_CONFIG_PATH environment variable
Package 'brcmegl' not found
configure:23776: $? = 1
configure:23790: result: no
Package 'brcmegl' not found
configure:23843: checking for Raspberry Pi 0-3
configure:23861: gcc -o conftest -g -O2 -Iinclude -I/home/kai/SDl2/include -idirafter /home/kai/SDl2/src/video/khronos  -I/opt/vc/include -I/opt/vc/include/interface/vcos/pthreads -I/opt/vc/include/interface/vmcs_host/linux  -Iinclude -I/home/kai/SDl2/include -idirafter /home/kai/SDl2/src/video/khronos   conftest.c  -lm -Wl,-rpath,/opt/vc/lib -L/opt/vc/lib -lbcm_host >&5
conftest.c:175:20: fatal error: bcm_host.h: No such file or directory
  175 |           #include <bcm_host.h>
      |                    ^~~~~~~~~~~~
compilation terminated.
configure:23861: $? = 1
configure: failed program was:
| /* confdefs.h */
| #define PACKAGE_NAME ""
| #define PACKAGE_TARNAME ""
| #define PACKAGE_VERSION ""
| #define PACKAGE_STRING ""
| #define PACKAGE_BUGREPORT ""
| #define PACKAGE_URL ""
| #define HAVE_STDIO_H 1
| #define HAVE_STDLIB_H 1
| #define HAVE_STRING_H 1
| #define HAVE_INTTYPES_H 1
| #define HAVE_STDINT_H 1
| #define HAVE_STRINGS_H 1
| #define HAVE_SYS_STAT_H 1
| #define HAVE_SYS_TYPES_H 1
| #define HAVE_UNISTD_H 1
| #define STDC_HEADERS 1
| #define HAVE_DLFCN_H 1
| #define LT_OBJDIR ".libs/"
| #define HAVE_LIBC 1
| #define HAVE_SYS_TYPES_H 1
| #define HAVE_STDIO_H 1
| #define HAVE_STDLIB_H 1
| #define HAVE_STDDEF_H 1
| #define HAVE_STDARG_H 1
| #define HAVE_MALLOC_H 1
| #define HAVE_MEMORY_H 1
| #define HAVE_STRING_H 1
| #define HAVE_STRINGS_H 1
| #define HAVE_WCHAR_H 1
| #define HAVE_INTTYPES_H 1
| #define HAVE_STDINT_H 1
| #define HAVE_LIMITS_H 1
| #define HAVE_CTYPE_H 1
| #define HAVE_MATH_H 1
| #define HAVE_FLOAT_H 1
| #define HAVE_ICONV_H 1
| #define HAVE_SIGNAL_H 1
| #define HAVE_M_PI /**/
| #define HAVE_ALLOCA_H 1
| #define HAVE_ALLOCA 1
| #define HAVE_MPROTECT 1
| #define HAVE_MALLOC 1
| #define HAVE_CALLOC 1
| #define HAVE_REALLOC 1
| #define HAVE_FREE 1
| #define HAVE_GETENV 1
| #define HAVE_SETENV 1
| #define HAVE_PUTENV 1
| #define HAVE_UNSETENV 1
| #define HAVE_BSEARCH 1
| #define HAVE_QSORT 1
| #define HAVE_ABS 1
| #define HAVE_BCOPY 1
| #define HAVE_MEMSET 1
| #define HAVE_MEMCMP 1
| #define HAVE_MEMCPY 1
| #define HAVE_MEMMOVE 1
| #define HAVE_WCSLEN 1
| #define HAVE_WCSLCPY 1
| #define HAVE_WCSLCAT 1
| #define HAVE_WCSDUP 1
| #define HAVE_WCSSTR 1
| #define HAVE_WCSCMP 1
| #define HAVE_WCSNCMP 1
| #define HAVE_WCSCASECMP 1
| #define HAVE_WCSNCASECMP 1
| #define HAVE_STRLEN 1
| #define HAVE_STRLCPY 1
| #define HAVE_STRLCAT 1
| #define HAVE_INDEX 1
| #define HAVE_RINDEX 1
| #define HAVE_STRCHR 1
| #define HAVE_STRRCHR 1
| #define HAVE_STRSTR 1
| #define HAVE_STRTOK_R 1
| #define HAVE_STRTOD 1
| #define HAVE_STRTOL 1
| #define HAVE_STRTOUL 1
| #define HAVE_STRTOLL 1
| #define HAVE_STRTOULL 1
| #define HAVE_ATOI 1
| #define HAVE_ATOF 1
| #define HAVE_STRCMP 1
| #define HAVE_STRNCMP 1
| #define HAVE_STRCASECMP 1
| #define HAVE_STRNCASECMP 1
| #define HAVE_STRCASESTR 1
| #define HAVE_VSSCANF 1
| #define HAVE_VSNPRINTF 1
| #define HAVE_FOPEN64 1
| #define HAVE_FSEEKO 1
| #define HAVE_FSEEKO64 1
| #define HAVE_SIGACTION 1
| #define HAVE_SIGTIMEDWAIT 1
| #define HAVE_SETJMP 1
| #define HAVE_NANOSLEEP 1
| #define HAVE_SYSCONF 1
| #define HAVE_GETAUXVAL 1
| #define HAVE_POLL 1
| #define HAVE_MEMFD_CREATE 1
| #define HAVE_POSIX_FALLOCATE 1
| #define HAVE__EXIT 1
| #define HAVE_ACOS 1
| #define HAVE_ACOSF 1
| #define HAVE_ASIN 1
| #define HAVE_ASINF 1
| #define HAVE_ATAN 1
| #define HAVE_ATANF 1
| #define HAVE_ATAN2 1
| #define HAVE_ATAN2F 1
| #define HAVE_CEIL 1
| #define HAVE_CEILF 1
| #define HAVE_COPYSIGN 1
| #define HAVE_COPYSIGNF 1
| #define HAVE_COS 1
| #define HAVE_COSF 1
| #define HAVE_EXP 1
| #define HAVE_EXPF 1
| #define HAVE_FABS 1
| #define HAVE_FABSF 1
| #define HAVE_FLOOR 1
| #define HAVE_FLOORF 1
| #define HAVE_TRUNC 1
| #define HAVE_TRUNCF 1
| #define HAVE_FMOD 1
| #define HAVE_FMODF 1
| #define HAVE_LOG 1
| #define HAVE_LOGF 1
| #define HAVE_LOG10 1
| #define HAVE_LOG10F 1
| #define HAVE_LROUND 1
| #define HAVE_LROUNDF 1
| #define HAVE_POW 1
| #define HAVE_POWF 1
| #define HAVE_ROUND 1
| #define HAVE_ROUNDF 1
| #define HAVE_SCALBN 1
| #define HAVE_SCALBNF 1
| #define HAVE_SIN 1
| #define HAVE_SINF 1
| #define HAVE_SQRT 1
| #define HAVE_SQRTF 1
| #define HAVE_TAN 1
| #define HAVE_TANF 1
| #define HAVE_ICONV 1
| #define HAVE_SA_SIGACTION 1
| #define HAVE_LIBUNWIND_H 1
| #define HAVE_GCC_ATOMICS 1
| #define HAVE_IMMINTRIN_H 1
| #define SDL_VIDEO_DRIVER_DUMMY 1
| #define SDL_VIDEO_DRIVER_OFFSCREEN 1
| #define SDL_AUDIO_DRIVER_DISK 1
| #define SDL_AUDIO_DRIVER_DUMMY 1
| #define DYNAPI_NEEDS_DLOPEN 1
| #define HAVE_DLOPEN 1
| #define SDL_LOADSO_DLOPEN 1
| #define HAVE_O_CLOEXEC 1
| #define SDL_AUDIO_DRIVER_OSS 1
| #define HAVE_LIBASOUND 1
| #define SDL_AUDIO_DRIVER_ALSA 1
| #define SDL_AUDIO_DRIVER_ALSA_DYNAMIC "libasound.so.2"
| #define SDL_AUDIO_DRIVER_PIPEWIRE 1
| #define SDL_AUDIO_DRIVER_PIPEWIRE_DYNAMIC "libpipewire-0.3.so.0"
| #define SDL_AUDIO_DRIVER_PULSEAUDIO 1
| #define SDL_AUDIO_DRIVER_PULSEAUDIO_DYNAMIC "libpulse.so.0"
| #define SDL_AUDIO_DRIVER_JACK 1
| #define SDL_AUDIO_DRIVER_JACK_DYNAMIC "libjack.so.0"
| #define SDL_AUDIO_DRIVER_SNDIO_DYNAMIC "libsndio.so.7"
| #define SDL_AUDIO_DRIVER_SNDIO 1
| #define HAVE_LIBSAMPLERATE_H 1
| #define SDL_LIBSAMPLERATE_DYNAMIC "libsamplerate.so.0"
| /* end confdefs.h.  */
| 
|           #include <bcm_host.h>
| 
| int
| main (void)
| {
| 
|           bcm_host_init();
| 
|   ;
|   return 0;
| }
configure:23867: result: no
configure:23918: checking for X
configure:23956: gcc -o conftest -g -O2 -Iinclude -I/home/kai/SDl2/include -idirafter /home/kai/SDl2/src/video/khronos   -Iinclude -I/home/kai/SDl2/include -idirafter /home/kai/SDl2/src/video/khronos   conftest.c -lX11  -lm >&5
configure:23956: $? = 0
configure:24143: result: libraries , headers 
configure:24241: gcc -o conftest -g -O2 -Iinclude -I/home/kai/SDl2/include -idirafter /home/kai/SDl2/src/video/khronos   -Iinclude -I/home/kai/SDl2/include -idirafter /home/kai/SDl2/src/video/khronos   conftest.c  -lm  -lX11 >&5
configure:24241: $? = 0
configure:24340: checking for gethostbyname
configure:24340: gcc -o conftest -g -O2 -Iinclude -I/home/kai/SDl2/include -idirafter /home/kai/SDl2/src/video/khronos   -Iinclude -I/home/kai/SDl2/include -idirafter /home/kai/SDl2/src/video/khronos   conftest.c  -lm >&5
configure:24340: $? = 0
configure:24340: result: yes
configure:24438: checking for connect
configure:24438: gcc -o conftest -g -O2 -Iinclude -I/home/kai/SDl2/include -idirafter /home/kai/SDl2/src/video/khronos   -Iinclude -I/home/kai/SDl2/include -idirafter /home/kai/SDl2/src/video/khronos   conftest.c  -lm >&5
configure:24438: $? = 0
configure:24438: result: yes
configure:24488: checking for remove
configure:24488: gcc -o conftest -g -O2 -Iinclude -I/home/kai/SDl2/include -idirafter /home/kai/SDl2/src/video/khronos   -Iinclude -I/home/kai/SDl2/include -idirafter /home/kai/SDl2/src/video/khronos   conftest.c  -lm >&5
configure:24488: $? = 0
configure:24488: result: yes
configure:24538: checking for shmat
configure:24538: gcc -o conftest -g -O2 -Iinclude -I/home/kai/SDl2/include -idirafter /home/kai/SDl2/src/video/khronos   -Iinclude -I/home/kai/SDl2/include -idirafter /home/kai/SDl2/src/video/khronos   conftest.c  -lm >&5
configure:24538: $? = 0
configure:24538: result: yes
configure:24597: checking for IceConnectionNumber in -lICE
configure:24620: gcc -o conftest -g -O2 -Iinclude -I/home/kai/SDl2/include -idirafter /home/kai/SDl2/src/video/khronos   -Iinclude -I/home/kai/SDl2/include -idirafter /home/kai/SDl2/src/video/khronos   conftest.c -lICE   -lm >&5
configure:24620: $? = 0
configure:24630: result: yes
configure:24691: checking for X11/extensions/Xext.h
configure:24691: gcc -c -g -O2 -Iinclude -I/home/kai/SDl2/include -idirafter /home/kai/SDl2/src/video/khronos    -Iinclude -I/home/kai/SDl2/include -idirafter /home/kai/SDl2/src/video/khronos  conftest.c >&5
configure:24691: $? = 0
configure:24691: result: yes
configure:24744: checking for XGenericEvent
configure:24767: gcc -c -g -O2 -Iinclude -I/home/kai/SDl2/include -idirafter /home/kai/SDl2/src/video/khronos    -Iinclude -I/home/kai/SDl2/include -idirafter /home/kai/SDl2/src/video/khronos  conftest.c >&5
configure:24767: $? = 0
configure:24777: result: yes
configure:24780: checking for XkbKeycodeToKeysym in -lX11
configure:24803: gcc -o conftest -g -O2 -Iinclude -I/home/kai/SDl2/include -idirafter /home/kai/SDl2/src/video/khronos    -Iinclude -I/home/kai/SDl2/include -idirafter /home/kai/SDl2/src/video/khronos    conftest.c -lX11   -lm >&5
configure:24803: $? = 0
configure:24813: result: yes
configure:24833: checking for X11/Xcursor/Xcursor.h
configure:24833: gcc -c -g -O2 -Iinclude -I/home/kai/SDl2/include -idirafter /home/kai/SDl2/src/video/khronos    -Iinclude -I/home/kai/SDl2/include -idirafter /home/kai/SDl2/src/video/khronos  conftest.c >&5
configure:24833: $? = 0
configure:24833: result: yes
configure:24913: checking for X11/extensions/Xdbe.h
configure:24913: gcc -c -g -O2 -Iinclude -I/home/kai/SDl2/include -idirafter /home/kai/SDl2/src/video/khronos    -Iinclude -I/home/kai/SDl2/include -idirafter /home/kai/SDl2/src/video/khronos  conftest.c >&5
configure:24913: $? = 0
configure:24913: result: yes
configure:24940: checking for X11/extensions/XInput2.h
configure:24940: gcc -c -g -O2 -Iinclude -I/home/kai/SDl2/include -idirafter /home/kai/SDl2/src/video/khronos    -Iinclude -I/home/kai/SDl2/include -idirafter /home/kai/SDl2/src/video/khronos  conftest.c >&5
configure:24940: $? = 0
configure:24940: result: yes
configure:25010: checking for xinput2 multitouch
configure:25031: gcc -c -g -O2 -Iinclude -I/home/kai/SDl2/include -idirafter /home/kai/SDl2/src/video/khronos    -Iinclude -I/home/kai/SDl2/include -idirafter /home/kai/SDl2/src/video/khronos  conftest.c >&5
configure:25031: $? = 0
configure:25042: result: yes
configure:25056: checking for X11/extensions/Xfixes.h
configure:25073: gcc -c -g -O2 -Iinclude -I/home/kai/SDl2/include -idirafter /home/kai/SDl2/src/video/khronos    -Iinclude -I/home/kai/SDl2/include -idirafter /home/kai/SDl2/src/video/khronos  conftest.c >&5
configure:25073: $? = 0
configure:25080: result: yes
configure:25170: gcc -c -g -O2 -Iinclude -I/home/kai/SDl2/include -idirafter /home/kai/SDl2/src/video/khronos    -Iinclude -I/home/kai/SDl2/include -idirafter /home/kai/SDl2/src/video/khronos  conftest.c >&5
configure:25170: $? = 0
configure:25245: checking for X11/extensions/scrnsaver.h
configure:25245: gcc -c -g -O2 -Iinclude -I/home/kai/SDl2/include -idirafter /home/kai/SDl2/src/video/khronos    -Iinclude -I/home/kai/SDl2/include -idirafter /home/kai/SDl2/src/video/khronos  conftest.c >&5
configure:25245: $? = 0
configure:25245: result: yes
configure:25325: checking for X11/extensions/shape.h
configure:25325: gcc -c -g -O2 -Iinclude -I/home/kai/SDl2/include -idirafter /home/kai/SDl2/src/video/khronos    -Iinclude -I/home/kai/SDl2/include -idirafter /home/kai/SDl2/src/video/khronos  conftest.c >&5
configure:25325: $? = 0
configure:25325: result: yes
configure:26061: checking for EGL support
configure:26082: gcc -c -g -O2 -Iinclude -I/home/kai/SDl2/include -idirafter /home/kai/SDl2/src/video/khronos    -Iinclude -I/home/kai/SDl2/include -idirafter /home/kai/SDl2/src/video/khronos  conftest.c >&5
configure:26082: $? = 0
configure:26087: result: yes
configure:25722: checking for libdrm >= 1.4.82
configure:25729: $PKG_CONFIG --exists --print-errors "libdrm >= 1.4.82"
configure:25732: $? = 0
configure:25746: $PKG_CONFIG --exists --print-errors "libdrm >= 1.4.82"
configure:25749: $? = 0
configure:25787: result: yes
configure:25793: checking for gbm >= 11.1.0
configure:25800: $PKG_CONFIG --exists --print-errors "gbm >= 11.1.0"
configure:25803: $? = 0
configure:25817: $PKG_CONFIG --exists --print-errors "gbm >= 11.1.0"
configure:25820: $? = 0
configure:25858: result: yes
configure:25883: checking for kmsdrm dynamic loading support
configure:25910: result: yes
configure:25999: checking for GLX support
configure:26015: gcc -c -g -O2 -Iinclude -I/home/kai/SDl2/include -idirafter /home/kai/SDl2/src/video/khronos    -Iinclude -I/home/kai/SDl2/include -idirafter /home/kai/SDl2/src/video/khronos  conftest.c >&5
configure:26015: $? = 0
configure:26020: result: yes
configure:26100: checking for OpenGL headers
configure:26117: gcc -c -g -O2 -Iinclude -I/home/kai/SDl2/include -idirafter /home/kai/SDl2/src/video/khronos    -Iinclude -I/home/kai/SDl2/include -idirafter /home/kai/SDl2/src/video/khronos  conftest.c >&5
configure:26117: $? = 0
configure:26122: result: yes
configure:26140: checking for OpenGL ES v1 headers
configure:26157: gcc -c -g -O2 -Iinclude -I/home/kai/SDl2/include -idirafter /home/kai/SDl2/src/video/khronos    -Iinclude -I/home/kai/SDl2/include -idirafter /home/kai/SDl2/src/video/khronos  conftest.c >&5
conftest.c:202:23: fatal error: GLES/gl.h: No such file or directory
  202 |              #include <GLES/gl.h>
      |                       ^~~~~~~~~~~
compilation terminated.
configure:26157: $? = 1
configure: failed program was:
| /* confdefs.h */
| #define PACKAGE_NAME ""
| #define PACKAGE_TARNAME ""
| #define PACKAGE_VERSION ""
| #define PACKAGE_STRING ""
| #define PACKAGE_BUGREPORT ""
| #define PACKAGE_URL ""
| #define HAVE_STDIO_H 1
| #define HAVE_STDLIB_H 1
| #define HAVE_STRING_H 1
| #define HAVE_INTTYPES_H 1
| #define HAVE_STDINT_H 1
| #define HAVE_STRINGS_H 1
| #define HAVE_SYS_STAT_H 1
| #define HAVE_SYS_TYPES_H 1
| #define HAVE_UNISTD_H 1
| #define STDC_HEADERS 1
| #define HAVE_DLFCN_H 1
| #define LT_OBJDIR ".libs/"
| #define HAVE_LIBC 1
| #define HAVE_SYS_TYPES_H 1
| #define HAVE_STDIO_H 1
| #define HAVE_STDLIB_H 1
| #define HAVE_STDDEF_H 1
| #define HAVE_STDARG_H 1
| #define HAVE_MALLOC_H 1
| #define HAVE_MEMORY_H 1
| #define HAVE_STRING_H 1
| #define HAVE_STRINGS_H 1
| #define HAVE_WCHAR_H 1
| #define HAVE_INTTYPES_H 1
| #define HAVE_STDINT_H 1
| #define HAVE_LIMITS_H 1
| #define HAVE_CTYPE_H 1
| #define HAVE_MATH_H 1
| #define HAVE_FLOAT_H 1
| #define HAVE_ICONV_H 1
| #define HAVE_SIGNAL_H 1
| #define HAVE_M_PI /**/
| #define HAVE_ALLOCA_H 1
| #define HAVE_ALLOCA 1
| #define HAVE_MPROTECT 1
| #define HAVE_MALLOC 1
| #define HAVE_CALLOC 1
| #define HAVE_REALLOC 1
| #define HAVE_FREE 1
| #define HAVE_GETENV 1
| #define HAVE_SETENV 1
| #define HAVE_PUTENV 1
| #define HAVE_UNSETENV 1
| #define HAVE_BSEARCH 1
| #define HAVE_QSORT 1
| #define HAVE_ABS 1
| #define HAVE_BCOPY 1
| #define HAVE_MEMSET 1
| #define HAVE_MEMCMP 1
| #define HAVE_MEMCPY 1
| #define HAVE_MEMMOVE 1
| #define HAVE_WCSLEN 1
| #define HAVE_WCSLCPY 1
| #define HAVE_WCSLCAT 1
| #define HAVE_WCSDUP 1
| #define HAVE_WCSSTR 1
| #define HAVE_WCSCMP 1
| #define HAVE_WCSNCMP 1
| #define HAVE_WCSCASECMP 1
| #define HAVE_WCSNCASECMP 1
| #define HAVE_STRLEN 1
| #define HAVE_STRLCPY 1
| #define HAVE_STRLCAT 1
| #define HAVE_INDEX 1
| #define HAVE_RINDEX 1
| #define HAVE_STRCHR 1
| #define HAVE_STRRCHR 1
| #define HAVE_STRSTR 1
| #define HAVE_STRTOK_R 1
| #define HAVE_STRTOD 1
| #define HAVE_STRTOL 1
| #define HAVE_STRTOUL 1
| #define HAVE_STRTOLL 1
| #define HAVE_STRTOULL 1
| #define HAVE_ATOI 1
| #define HAVE_ATOF 1
| #define HAVE_STRCMP 1
| #define HAVE_STRNCMP 1
| #define HAVE_STRCASECMP 1
| #define HAVE_STRNCASECMP 1
| #define HAVE_STRCASESTR 1
| #define HAVE_VSSCANF 1
| #define HAVE_VSNPRINTF 1
| #define HAVE_FOPEN64 1
| #define HAVE_FSEEKO 1
| #define HAVE_FSEEKO64 1
| #define HAVE_SIGACTION 1
| #define HAVE_SIGTIMEDWAIT 1
| #define HAVE_SETJMP 1
| #define HAVE_NANOSLEEP 1
| #define HAVE_SYSCONF 1
| #define HAVE_GETAUXVAL 1
| #define HAVE_POLL 1
| #define HAVE_MEMFD_CREATE 1
| #define HAVE_POSIX_FALLOCATE 1
| #define HAVE__EXIT 1
| #define HAVE_ACOS 1
| #define HAVE_ACOSF 1
| #define HAVE_ASIN 1
| #define HAVE_ASINF 1
| #define HAVE_ATAN 1
| #define HAVE_ATANF 1
| #define HAVE_ATAN2 1
| #define HAVE_ATAN2F 1
| #define HAVE_CEIL 1
| #define HAVE_CEILF 1
| #define HAVE_COPYSIGN 1
| #define HAVE_COPYSIGNF 1
| #define HAVE_COS 1
| #define HAVE_COSF 1
| #define HAVE_EXP 1
| #define HAVE_EXPF 1
| #define HAVE_FABS 1
| #define HAVE_FABSF 1
| #define HAVE_FLOOR 1
| #define HAVE_FLOORF 1
| #define HAVE_TRUNC 1
| #define HAVE_TRUNCF 1
| #define HAVE_FMOD 1
| #define HAVE_FMODF 1
| #define HAVE_LOG 1
| #define HAVE_LOGF 1
| #define HAVE_LOG10 1
| #define HAVE_LOG10F 1
| #define HAVE_LROUND 1
| #define HAVE_LROUNDF 1
| #define HAVE_POW 1
| #define HAVE_POWF 1
| #define HAVE_ROUND 1
| #define HAVE_ROUNDF 1
| #define HAVE_SCALBN 1
| #define HAVE_SCALBNF 1
| #define HAVE_SIN 1
| #define HAVE_SINF 1
| #define HAVE_SQRT 1
| #define HAVE_SQRTF 1
| #define HAVE_TAN 1
| #define HAVE_TANF 1
| #define HAVE_ICONV 1
| #define HAVE_SA_SIGACTION 1
| #define HAVE_LIBUNWIND_H 1
| #define HAVE_GCC_ATOMICS 1
| #define HAVE_IMMINTRIN_H 1
| #define SDL_VIDEO_DRIVER_DUMMY 1
| #define SDL_VIDEO_DRIVER_OFFSCREEN 1
| #define SDL_AUDIO_DRIVER_DISK 1
| #define SDL_AUDIO_DRIVER_DUMMY 1
| #define DYNAPI_NEEDS_DLOPEN 1
| #define HAVE_DLOPEN 1
| #define SDL_LOADSO_DLOPEN 1
| #define HAVE_O_CLOEXEC 1
| #define SDL_AUDIO_DRIVER_OSS 1
| #define HAVE_LIBASOUND 1
| #define SDL_AUDIO_DRIVER_ALSA 1
| #define SDL_AUDIO_DRIVER_ALSA_DYNAMIC "libasound.so.2"
| #define SDL_AUDIO_DRIVER_PIPEWIRE 1
| #define SDL_AUDIO_DRIVER_PIPEWIRE_DYNAMIC "libpipewire-0.3.so.0"
| #define SDL_AUDIO_DRIVER_PULSEAUDIO 1
| #define SDL_AUDIO_DRIVER_PULSEAUDIO_DYNAMIC "libpulse.so.0"
| #define SDL_AUDIO_DRIVER_JACK 1
| #define SDL_AUDIO_DRIVER_JACK_DYNAMIC "libjack.so.0"
| #define SDL_AUDIO_DRIVER_SNDIO_DYNAMIC "libsndio.so.7"
| #define SDL_AUDIO_DRIVER_SNDIO 1
| #define HAVE_LIBSAMPLERATE_H 1
| #define SDL_LIBSAMPLERATE_DYNAMIC "libsamplerate.so.0"
| #define SDL_VIDEO_DRIVER_X11 1
| #define SDL_VIDEO_DRIVER_X11_DYNAMIC "libX11.so.6"
| #define SDL_VIDEO_DRIVER_X11_DYNAMIC_XEXT "libXext.so.6"
| #define SDL_VIDEO_DRIVER_X11_SUPPORTS_GENERIC_EVENTS 1
| #define SDL_VIDEO_DRIVER_X11_HAS_XKBKEYCODETOKEYSYM 1
| #define SDL_VIDEO_DRIVER_X11_DYNAMIC_XCURSOR "libXcursor.so.1"
| #define SDL_VIDEO_DRIVER_X11_XCURSOR 1
| #define SDL_VIDEO_DRIVER_X11_XDBE 1
| #define SDL_VIDEO_DRIVER_X11_DYNAMIC_XINPUT2 "libXi.so.6"
| #define SDL_VIDEO_DRIVER_X11_XINPUT2 1
| #define SDL_VIDEO_DRIVER_X11_XINPUT2_SUPPORTS_MULTITOUCH 1
| #define SDL_VIDEO_DRIVER_X11_DYNAMIC_XFIXES "libXfixes.so.3"
| #define SDL_VIDEO_DRIVER_X11_XFIXES 1
| #define SDL_VIDEO_DRIVER_X11_DYNAMIC_XRANDR "libXrandr.so.2"
| #define SDL_VIDEO_DRIVER_X11_XRANDR 1
| #define SDL_VIDEO_DRIVER_X11_DYNAMIC_XSS "libXss.so.1"
| #define SDL_VIDEO_DRIVER_X11_XSCRNSAVER 1
| #define SDL_VIDEO_DRIVER_X11_XSHAPE 1
| #define SDL_VIDEO_OPENGL_EGL 1
| #define SDL_VIDEO_DRIVER_KMSDRM 1
| #define SDL_VIDEO_DRIVER_KMSDRM_DYNAMIC "libdrm.so.2"
| #define SDL_VIDEO_DRIVER_KMSDRM_DYNAMIC_GBM "libgbm.so.1"
| #define HAVE_KMSDRM_SHARED "TRUE"
| #define SDL_VIDEO_OPENGL 1
| #define SDL_VIDEO_OPENGL_GLX 1
| #define SDL_VIDEO_OPENGL 1
| #define SDL_VIDEO_RENDER_OGL 1
| /* end confdefs.h.  */
| 
|              #include <GLES/gl.h>
|              #include <GLES/glext.h>
| 
| int
| main (void)
| {
| 
|   ;
|   return 0;
| }
configure:26162: result: no
configure:26176: checking for OpenGL ES v2 headers
configure:26193: gcc -c -g -O2 -Iinclude -I/home/kai/SDl2/include -idirafter /home/kai/SDl2/src/video/khronos    -Iinclude -I/home/kai/SDl2/include -idirafter /home/kai/SDl2/src/video/khronos  conftest.c >&5
configure:26193: $? = 0
configure:26198: result: yes
configure:23281: checking for Wayland support
configure:23299: result: yes
configure:23387: checking for libdecor-0
configure:23394: $PKG_CONFIG --exists --print-errors "libdecor-0"
configure:23397: $? = 0
configure:23411: $PKG_CONFIG --exists --print-errors "libdecor-0"
configure:23414: $? = 0
configure:23452: result: yes
configure:23493: checking for gcc options needed to detect all undeclared functions
configure:23515: gcc -c -g -O2 -Iinclude -I/home/kai/SDl2/include -idirafter /home/kai/SDl2/src/video/khronos   -I/usr/include/libdecor-0   -Iinclude -I/home/kai/SDl2/include -idirafter /home/kai/SDl2/src/video/khronos  conftest.c >&5
conftest.c: In function 'main':
conftest.c:216:8: error: 'strchr' undeclared (first use in this function)
  216 | (void) strchr;
      |        ^~~~~~
conftest.c:1:1: note: 'strchr' is defined in header '<string.h>'; this is probably fixable by adding '#include <string.h>'
    1 | /* confdefs.h */
conftest.c:216:8: note: each undeclared identifier is reported only once for each function it appears in
  216 | (void) strchr;
      |        ^~~~~~
configure:23515: $? = 1
configure: failed program was:
| /* confdefs.h */
| #define PACKAGE_NAME ""
| #define PACKAGE_TARNAME ""
| #define PACKAGE_VERSION ""
| #define PACKAGE_STRING ""
| #define PACKAGE_BUGREPORT ""
| #define PACKAGE_URL ""
| #define HAVE_STDIO_H 1
| #define HAVE_STDLIB_H 1
| #define HAVE_STRING_H 1
| #define HAVE_INTTYPES_H 1
| #define HAVE_STDINT_H 1
| #define HAVE_STRINGS_H 1
| #define HAVE_SYS_STAT_H 1
| #define HAVE_SYS_TYPES_H 1
| #define HAVE_UNISTD_H 1
| #define STDC_HEADERS 1
| #define HAVE_DLFCN_H 1
| #define LT_OBJDIR ".libs/"
| #define HAVE_LIBC 1
| #define HAVE_SYS_TYPES_H 1
| #define HAVE_STDIO_H 1
| #define HAVE_STDLIB_H 1
| #define HAVE_STDDEF_H 1
| #define HAVE_STDARG_H 1
| #define HAVE_MALLOC_H 1
| #define HAVE_MEMORY_H 1
| #define HAVE_STRING_H 1
| #define HAVE_STRINGS_H 1
| #define HAVE_WCHAR_H 1
| #define HAVE_INTTYPES_H 1
| #define HAVE_STDINT_H 1
| #define HAVE_LIMITS_H 1
| #define HAVE_CTYPE_H 1
| #define HAVE_MATH_H 1
| #define HAVE_FLOAT_H 1
| #define HAVE_ICONV_H 1
| #define HAVE_SIGNAL_H 1
| #define HAVE_M_PI /**/
| #define HAVE_ALLOCA_H 1
| #define HAVE_ALLOCA 1
| #define HAVE_MPROTECT 1
| #define HAVE_MALLOC 1
| #define HAVE_CALLOC 1
| #define HAVE_REALLOC 1
| #define HAVE_FREE 1
| #define HAVE_GETENV 1
| #define HAVE_SETENV 1
| #define HAVE_PUTENV 1
| #define HAVE_UNSETENV 1
| #define HAVE_BSEARCH 1
| #define HAVE_QSORT 1
| #define HAVE_ABS 1
| #define HAVE_BCOPY 1
| #define HAVE_MEMSET 1
| #define HAVE_MEMCMP 1
| #define HAVE_MEMCPY 1
| #define HAVE_MEMMOVE 1
| #define HAVE_WCSLEN 1
| #define HAVE_WCSLCPY 1
| #define HAVE_WCSLCAT 1
| #define HAVE_WCSDUP 1
| #define HAVE_WCSSTR 1
| #define HAVE_WCSCMP 1
| #define HAVE_WCSNCMP 1
| #define HAVE_WCSCASECMP 1
| #define HAVE_WCSNCASECMP 1
| #define HAVE_STRLEN 1
| #define HAVE_STRLCPY 1
| #define HAVE_STRLCAT 1
| #define HAVE_INDEX 1
| #define HAVE_RINDEX 1
| #define HAVE_STRCHR 1
| #define HAVE_STRRCHR 1
| #define HAVE_STRSTR 1
| #define HAVE_STRTOK_R 1
| #define HAVE_STRTOD 1
| #define HAVE_STRTOL 1
| #define HAVE_STRTOUL 1
| #define HAVE_STRTOLL 1
| #define HAVE_STRTOULL 1
| #define HAVE_ATOI 1
| #define HAVE_ATOF 1
| #define HAVE_STRCMP 1
| #define HAVE_STRNCMP 1
| #define HAVE_STRCASECMP 1
| #define HAVE_STRNCASECMP 1
| #define HAVE_STRCASESTR 1
| #define HAVE_VSSCANF 1
| #define HAVE_VSNPRINTF 1
| #define HAVE_FOPEN64 1
| #define HAVE_FSEEKO 1
| #define HAVE_FSEEKO64 1
| #define HAVE_SIGACTION 1
| #define HAVE_SIGTIMEDWAIT 1
| #define HAVE_SETJMP 1
| #define HAVE_NANOSLEEP 1
| #define HAVE_SYSCONF 1
| #define HAVE_GETAUXVAL 1
| #define HAVE_POLL 1
| #define HAVE_MEMFD_CREATE 1
| #define HAVE_POSIX_FALLOCATE 1
| #define HAVE__EXIT 1
| #define HAVE_ACOS 1
| #define HAVE_ACOSF 1
| #define HAVE_ASIN 1
| #define HAVE_ASINF 1
| #define HAVE_ATAN 1
| #define HAVE_ATANF 1
| #define HAVE_ATAN2 1
| #define HAVE_ATAN2F 1
| #define HAVE_CEIL 1
| #define HAVE_CEILF 1
| #define HAVE_COPYSIGN 1
| #define HAVE_COPYSIGNF 1
| #define HAVE_COS 1
| #define HAVE_COSF 1
| #define HAVE_EXP 1
| #define HAVE_EXPF 1
| #define HAVE_FABS 1
| #define HAVE_FABSF 1
| #define HAVE_FLOOR 1
| #define HAVE_FLOORF 1
| #define HAVE_TRUNC 1
| #define HAVE_TRUNCF 1
| #define HAVE_FMOD 1
| #define HAVE_FMODF 1
| #define HAVE_LOG 1
| #define HAVE_LOGF 1
| #define HAVE_LOG10 1
| #define HAVE_LOG10F 1
| #define HAVE_LROUND 1
| #define HAVE_LROUNDF 1
| #define HAVE_POW 1
| #define HAVE_POWF 1
| #define HAVE_ROUND 1
| #define HAVE_ROUNDF 1
| #define HAVE_SCALBN 1
| #define HAVE_SCALBNF 1
| #define HAVE_SIN 1
| #define HAVE_SINF 1
| #define HAVE_SQRT 1
| #define HAVE_SQRTF 1
| #define HAVE_TAN 1
| #define HAVE_TANF 1
| #define HAVE_ICONV 1
| #define HAVE_SA_SIGACTION 1
| #define HAVE_LIBUNWIND_H 1
| #define HAVE_GCC_ATOMICS 1
| #define HAVE_IMMINTRIN_H 1
| #define SDL_VIDEO_DRIVER_DUMMY 1
| #define SDL_VIDEO_DRIVER_OFFSCREEN 1
| #define SDL_AUDIO_DRIVER_DISK 1
| #define SDL_AUDIO_DRIVER_DUMMY 1
| #define DYNAPI_NEEDS_DLOPEN 1
| #define HAVE_DLOPEN 1
| #define SDL_LOADSO_DLOPEN 1
| #define HAVE_O_CLOEXEC 1
| #define SDL_AUDIO_DRIVER_OSS 1
| #define HAVE_LIBASOUND 1
| #define SDL_AUDIO_DRIVER_ALSA 1
| #define SDL_AUDIO_DRIVER_ALSA_DYNAMIC "libasound.so.2"
| #define SDL_AUDIO_DRIVER_PIPEWIRE 1
| #define SDL_AUDIO_DRIVER_PIPEWIRE_DYNAMIC "libpipewire-0.3.so.0"
| #define SDL_AUDIO_DRIVER_PULSEAUDIO 1
| #define SDL_AUDIO_DRIVER_PULSEAUDIO_DYNAMIC "libpulse.so.0"
| #define SDL_AUDIO_DRIVER_JACK 1
| #define SDL_AUDIO_DRIVER_JACK_DYNAMIC "libjack.so.0"
| #define SDL_AUDIO_DRIVER_SNDIO_DYNAMIC "libsndio.so.7"
| #define SDL_AUDIO_DRIVER_SNDIO 1
| #define HAVE_LIBSAMPLERATE_H 1
| #define SDL_LIBSAMPLERATE_DYNAMIC "libsamplerate.so.0"
| #define SDL_VIDEO_DRIVER_X11 1
| #define SDL_VIDEO_DRIVER_X11_DYNAMIC "libX11.so.6"
| #define SDL_VIDEO_DRIVER_X11_DYNAMIC_XEXT "libXext.so.6"
| #define SDL_VIDEO_DRIVER_X11_SUPPORTS_GENERIC_EVENTS 1
| #define SDL_VIDEO_DRIVER_X11_HAS_XKBKEYCODETOKEYSYM 1
| #define SDL_VIDEO_DRIVER_X11_DYNAMIC_XCURSOR "libXcursor.so.1"
| #define SDL_VIDEO_DRIVER_X11_XCURSOR 1
| #define SDL_VIDEO_DRIVER_X11_XDBE 1
| #define SDL_VIDEO_DRIVER_X11_DYNAMIC_XINPUT2 "libXi.so.6"
| #define SDL_VIDEO_DRIVER_X11_XINPUT2 1
| #define SDL_VIDEO_DRIVER_X11_XINPUT2_SUPPORTS_MULTITOUCH 1
| #define SDL_VIDEO_DRIVER_X11_DYNAMIC_XFIXES "libXfixes.so.3"
| #define SDL_VIDEO_DRIVER_X11_XFIXES 1
| #define SDL_VIDEO_DRIVER_X11_DYNAMIC_XRANDR "libXrandr.so.2"
| #define SDL_VIDEO_DRIVER_X11_XRANDR 1
| #define SDL_VIDEO_DRIVER_X11_DYNAMIC_XSS "libXss.so.1"
| #define SDL_VIDEO_DRIVER_X11_XSCRNSAVER 1
| #define SDL_VIDEO_DRIVER_X11_XSHAPE 1
| #define SDL_VIDEO_OPENGL_EGL 1
| #define SDL_VIDEO_DRIVER_KMSDRM 1
| #define SDL_VIDEO_DRIVER_KMSDRM_DYNAMIC "libdrm.so.2"
| #define SDL_VIDEO_DRIVER_KMSDRM_DYNAMIC_GBM "libgbm.so.1"
| #define HAVE_KMSDRM_SHARED "TRUE"
| #define SDL_VIDEO_OPENGL 1
| #define SDL_VIDEO_OPENGL_GLX 1
| #define SDL_VIDEO_OPENGL 1
| #define SDL_VIDEO_RENDER_OGL 1
| #define SDL_VIDEO_OPENGL_ES2 1
| #define SDL_VIDEO_RENDER_OGL_ES2 1
| #define SDL_VIDEO_VULKAN 1
| #define SDL_VIDEO_DRIVER_WAYLAND 1
| #define SDL_VIDEO_DRIVER_WAYLAND_QT_TOUCH 1
| #define SDL_VIDEO_DRIVER_WAYLAND_DYNAMIC "libwayland-client.so.0"
| #define SDL_VIDEO_DRIVER_WAYLAND_DYNAMIC_EGL "libwayland-egl.so.1"
| #define SDL_VIDEO_DRIVER_WAYLAND_DYNAMIC_CURSOR "libwayland-cursor.so.0"
| #define SDL_VIDEO_DRIVER_WAYLAND_DYNAMIC_XKBCOMMON "libxkbcommon.so.0"
| #define HAVE_LIBDECOR_H 1
| #define SDL_VIDEO_DRIVER_WAYLAND_DYNAMIC_LIBDECOR "libdecor-0.so.0"
| /* end confdefs.h.  */
| 
| int
| main (void)
| {
| (void) strchr;
|   ;
|   return 0;
| }
configure:23542: gcc -c -g -O2 -Iinclude -I/home/kai/SDl2/include -idirafter /home/kai/SDl2/src/video/khronos   -I/usr/include/libdecor-0   -Iinclude -I/home/kai/SDl2/include -idirafter /home/kai/SDl2/src/video/khronos  conftest.c >&5
configure:23542: $? = 0
configure:23559: result: none needed
configure:23573: checking whether libdecor_frame_get_min_content_size is declared
configure:23573: gcc -c -g -O2 -Iinclude -I/home/kai/SDl2/include -idirafter /home/kai/SDl2/src/video/khronos   -I/usr/include/libdecor-0   -Iinclude -I/home/kai/SDl2/include -idirafter /home/kai/SDl2/src/video/khronos  conftest.c >&5
configure:23573: $? = 0
configure:23573: result: yes
configure:23586: checking whether libdecor_frame_get_max_content_size is declared
configure:23586: gcc -c -g -O2 -Iinclude -I/home/kai/SDl2/include -idirafter /home/kai/SDl2/src/video/khronos   -I/usr/include/libdecor-0   -Iinclude -I/home/kai/SDl2/include -idirafter /home/kai/SDl2/src/video/khronos  conftest.c >&5
configure:23586: $? = 0
configure:23586: result: yes
configure:26520: checking for linux/input.h
configure:26520: gcc -c -g -O2 -Iinclude -I/home/kai/SDl2/include -idirafter /home/kai/SDl2/src/video/khronos    -Iinclude -I/home/kai/SDl2/include -idirafter /home/kai/SDl2/src/video/khronos  conftest.c >&5
configure:26520: $? = 0
configure:26520: result: yes
configure:26528: checking for Linux 2.4 unified input interface
configure:26548: gcc -c -g -O2 -Iinclude -I/home/kai/SDl2/include -idirafter /home/kai/SDl2/src/video/khronos    -Iinclude -I/home/kai/SDl2/include -idirafter /home/kai/SDl2/src/video/khronos  conftest.c >&5
configure:26548: $? = 0
configure:26553: result: yes
configure:26690: checking for libudev.h
configure:26690: gcc -c -g -O2 -Iinclude -I/home/kai/SDl2/include -idirafter /home/kai/SDl2/src/video/khronos    -Iinclude -I/home/kai/SDl2/include -idirafter /home/kai/SDl2/src/video/khronos  conftest.c >&5
configure:26690: $? = 0
configure:26690: result: yes
configure:26727: checking for dbus-1
configure:26734: $PKG_CONFIG --exists --print-errors "dbus-1"
configure:26737: $? = 0
configure:26751: $PKG_CONFIG --exists --print-errors "dbus-1"
configure:26754: $? = 0
configure:26792: result: yes
configure:26798: checking for dbus/dbus.h
configure:26798: gcc -c -g -O2 -Iinclude -I/home/kai/SDl2/include -idirafter /home/kai/SDl2/src/video/khronos    -Iinclude -I/home/kai/SDl2/include -idirafter /home/kai/SDl2/src/video/khronos  -I/usr/include/dbus-1.0 -I/usr/lib/dbus-1.0/include conftest.c >&5
configure:26798: $? = 0
configure:26798: result: yes
configure:26844: checking for sys/inotify.h
configure:26844: gcc -c -g -O2 -Iinclude -I/home/kai/SDl2/include -idirafter /home/kai/SDl2/src/video/khronos    -Iinclude -I/home/kai/SDl2/include -idirafter /home/kai/SDl2/src/video/khronos  conftest.c >&5
configure:26844: $? = 0
configure:26844: result: yes
configure:26855: checking for inotify_init
configure:26855: gcc -o conftest -g -O2 -Iinclude -I/home/kai/SDl2/include -idirafter /home/kai/SDl2/src/video/khronos    -Iinclude -I/home/kai/SDl2/include -idirafter /home/kai/SDl2/src/video/khronos    conftest.c  -lm >&5
configure:26855: $? = 0
configure:26855: result: yes
configure:26863: checking for inotify_init1
configure:26863: gcc -o conftest -g -O2 -Iinclude -I/home/kai/SDl2/include -idirafter /home/kai/SDl2/src/video/khronos    -Iinclude -I/home/kai/SDl2/include -idirafter /home/kai/SDl2/src/video/khronos    conftest.c  -lm >&5
configure:26863: $? = 0
configure:26863: result: yes
configure:26896: checking for ibus-1.0
configure:26903: $PKG_CONFIG --exists --print-errors "ibus-1.0"
Package ibus-1.0 was not found in the pkg-config search path.
Perhaps you should add the directory containing `ibus-1.0.pc'
to the PKG_CONFIG_PATH environment variable
Package 'ibus-1.0' not found
configure:26906: $? = 1
configure:26920: $PKG_CONFIG --exists --print-errors "ibus-1.0"
Package ibus-1.0 was not found in the pkg-config search path.
Perhaps you should add the directory containing `ibus-1.0.pc'
to the PKG_CONFIG_PATH environment variable
Package 'ibus-1.0' not found
configure:26923: $? = 1
configure:26937: result: no
Package 'ibus-1.0' not found
configure:26967: checking for ibus-1.0/ibus.h
configure:26967: gcc -c -g -O2 -Iinclude -I/home/kai/SDl2/include -idirafter /home/kai/SDl2/src/video/khronos    -Iinclude -I/home/kai/SDl2/include -idirafter /home/kai/SDl2/src/video/khronos   conftest.c >&5
conftest.c:253:10: fatal error: ibus-1.0/ibus.h: No such file or directory
  253 | #include <ibus-1.0/ibus.h>
      |          ^~~~~~~~~~~~~~~~~
compilation terminated.
configure:26967: $? = 1
configure: failed program was:
| /* confdefs.h */
| #define PACKAGE_NAME ""
| #define PACKAGE_TARNAME ""
| #define PACKAGE_VERSION ""
| #define PACKAGE_STRING ""
| #define PACKAGE_BUGREPORT ""
| #define PACKAGE_URL ""
| #define HAVE_STDIO_H 1
| #define HAVE_STDLIB_H 1
| #define HAVE_STRING_H 1
| #define HAVE_INTTYPES_H 1
| #define HAVE_STDINT_H 1
| #define HAVE_STRINGS_H 1
| #define HAVE_SYS_STAT_H 1
| #define HAVE_SYS_TYPES_H 1
| #define HAVE_UNISTD_H 1
| #define STDC_HEADERS 1
| #define HAVE_DLFCN_H 1
| #define LT_OBJDIR ".libs/"
| #define HAVE_LIBC 1
| #define HAVE_SYS_TYPES_H 1
| #define HAVE_STDIO_H 1
| #define HAVE_STDLIB_H 1
| #define HAVE_STDDEF_H 1
| #define HAVE_STDARG_H 1
| #define HAVE_MALLOC_H 1
| #define HAVE_MEMORY_H 1
| #define HAVE_STRING_H 1
| #define HAVE_STRINGS_H 1
| #define HAVE_WCHAR_H 1
| #define HAVE_INTTYPES_H 1
| #define HAVE_STDINT_H 1
| #define HAVE_LIMITS_H 1
| #define HAVE_CTYPE_H 1
| #define HAVE_MATH_H 1
| #define HAVE_FLOAT_H 1
| #define HAVE_ICONV_H 1
| #define HAVE_SIGNAL_H 1
| #define HAVE_M_PI /**/
| #define HAVE_ALLOCA_H 1
| #define HAVE_ALLOCA 1
| #define HAVE_MPROTECT 1
| #define HAVE_MALLOC 1
| #define HAVE_CALLOC 1
| #define HAVE_REALLOC 1
| #define HAVE_FREE 1
| #define HAVE_GETENV 1
| #define HAVE_SETENV 1
| #define HAVE_PUTENV 1
| #define HAVE_UNSETENV 1
| #define HAVE_BSEARCH 1
| #define HAVE_QSORT 1
| #define HAVE_ABS 1
| #define HAVE_BCOPY 1
| #define HAVE_MEMSET 1
| #define HAVE_MEMCMP 1
| #define HAVE_MEMCPY 1
| #define HAVE_MEMMOVE 1
| #define HAVE_WCSLEN 1
| #define HAVE_WCSLCPY 1
| #define HAVE_WCSLCAT 1
| #define HAVE_WCSDUP 1
| #define HAVE_WCSSTR 1
| #define HAVE_WCSCMP 1
| #define HAVE_WCSNCMP 1
| #define HAVE_WCSCASECMP 1
| #define HAVE_WCSNCASECMP 1
| #define HAVE_STRLEN 1
| #define HAVE_STRLCPY 1
| #define HAVE_STRLCAT 1
| #define HAVE_INDEX 1
| #define HAVE_RINDEX 1
| #define HAVE_STRCHR 1
| #define HAVE_STRRCHR 1
| #define HAVE_STRSTR 1
| #define HAVE_STRTOK_R 1
| #define HAVE_STRTOD 1
| #define HAVE_STRTOL 1
| #define HAVE_STRTOUL 1
| #define HAVE_STRTOLL 1
| #define HAVE_STRTOULL 1
| #define HAVE_ATOI 1
| #define HAVE_ATOF 1
| #define HAVE_STRCMP 1
| #define HAVE_STRNCMP 1
| #define HAVE_STRCASECMP 1
| #define HAVE_STRNCASECMP 1
| #define HAVE_STRCASESTR 1
| #define HAVE_VSSCANF 1
| #define HAVE_VSNPRINTF 1
| #define HAVE_FOPEN64 1
| #define HAVE_FSEEKO 1
| #define HAVE_FSEEKO64 1
| #define HAVE_SIGACTION 1
| #define HAVE_SIGTIMEDWAIT 1
| #define HAVE_SETJMP 1
| #define HAVE_NANOSLEEP 1
| #define HAVE_SYSCONF 1
| #define HAVE_GETAUXVAL 1
| #define HAVE_POLL 1
| #define HAVE_MEMFD_CREATE 1
| #define HAVE_POSIX_FALLOCATE 1
| #define HAVE__EXIT 1
| #define HAVE_ACOS 1
| #define HAVE_ACOSF 1
| #define HAVE_ASIN 1
| #define HAVE_ASINF 1
| #define HAVE_ATAN 1
| #define HAVE_ATANF 1
| #define HAVE_ATAN2 1
| #define HAVE_ATAN2F 1
| #define HAVE_CEIL 1
| #define HAVE_CEILF 1
| #define HAVE_COPYSIGN 1
| #define HAVE_COPYSIGNF 1
| #define HAVE_COS 1
| #define HAVE_COSF 1
| #define HAVE_EXP 1
| #define HAVE_EXPF 1
| #define HAVE_FABS 1
| #define HAVE_FABSF 1
| #define HAVE_FLOOR 1
| #define HAVE_FLOORF 1
| #define HAVE_TRUNC 1
| #define HAVE_TRUNCF 1
| #define HAVE_FMOD 1
| #define HAVE_FMODF 1
| #define HAVE_LOG 1
| #define HAVE_LOGF 1
| #define HAVE_LOG10 1
| #define HAVE_LOG10F 1
| #define HAVE_LROUND 1
| #define HAVE_LROUNDF 1
| #define HAVE_POW 1
| #define HAVE_POWF 1
| #define HAVE_ROUND 1
| #define HAVE_ROUNDF 1
| #define HAVE_SCALBN 1
| #define HAVE_SCALBNF 1
| #define HAVE_SIN 1
| #define HAVE_SINF 1
| #define HAVE_SQRT 1
| #define HAVE_SQRTF 1
| #define HAVE_TAN 1
| #define HAVE_TANF 1
| #define HAVE_ICONV 1
| #define HAVE_SA_SIGACTION 1
| #define HAVE_LIBUNWIND_H 1
| #define HAVE_GCC_ATOMICS 1
| #define HAVE_IMMINTRIN_H 1
| #define SDL_VIDEO_DRIVER_DUMMY 1
| #define SDL_VIDEO_DRIVER_OFFSCREEN 1
| #define SDL_AUDIO_DRIVER_DISK 1
| #define SDL_AUDIO_DRIVER_DUMMY 1
| #define DYNAPI_NEEDS_DLOPEN 1
| #define HAVE_DLOPEN 1
| #define SDL_LOADSO_DLOPEN 1
| #define HAVE_O_CLOEXEC 1
| #define SDL_AUDIO_DRIVER_OSS 1
| #define HAVE_LIBASOUND 1
| #define SDL_AUDIO_DRIVER_ALSA 1
| #define SDL_AUDIO_DRIVER_ALSA_DYNAMIC "libasound.so.2"
| #define SDL_AUDIO_DRIVER_PIPEWIRE 1
| #define SDL_AUDIO_DRIVER_PIPEWIRE_DYNAMIC "libpipewire-0.3.so.0"
| #define SDL_AUDIO_DRIVER_PULSEAUDIO 1
| #define SDL_AUDIO_DRIVER_PULSEAUDIO_DYNAMIC "libpulse.so.0"
| #define SDL_AUDIO_DRIVER_JACK 1
| #define SDL_AUDIO_DRIVER_JACK_DYNAMIC "libjack.so.0"
| #define SDL_AUDIO_DRIVER_SNDIO_DYNAMIC "libsndio.so.7"
| #define SDL_AUDIO_DRIVER_SNDIO 1
| #define HAVE_LIBSAMPLERATE_H 1
| #define SDL_LIBSAMPLERATE_DYNAMIC "libsamplerate.so.0"
| #define SDL_VIDEO_DRIVER_X11 1
| #define SDL_VIDEO_DRIVER_X11_DYNAMIC "libX11.so.6"
| #define SDL_VIDEO_DRIVER_X11_DYNAMIC_XEXT "libXext.so.6"
| #define SDL_VIDEO_DRIVER_X11_SUPPORTS_GENERIC_EVENTS 1
| #define SDL_VIDEO_DRIVER_X11_HAS_XKBKEYCODETOKEYSYM 1
| #define SDL_VIDEO_DRIVER_X11_DYNAMIC_XCURSOR "libXcursor.so.1"
| #define SDL_VIDEO_DRIVER_X11_XCURSOR 1
| #define SDL_VIDEO_DRIVER_X11_XDBE 1
| #define SDL_VIDEO_DRIVER_X11_DYNAMIC_XINPUT2 "libXi.so.6"
| #define SDL_VIDEO_DRIVER_X11_XINPUT2 1
| #define SDL_VIDEO_DRIVER_X11_XINPUT2_SUPPORTS_MULTITOUCH 1
| #define SDL_VIDEO_DRIVER_X11_DYNAMIC_XFIXES "libXfixes.so.3"
| #define SDL_VIDEO_DRIVER_X11_XFIXES 1
| #define SDL_VIDEO_DRIVER_X11_DYNAMIC_XRANDR "libXrandr.so.2"
| #define SDL_VIDEO_DRIVER_X11_XRANDR 1
| #define SDL_VIDEO_DRIVER_X11_DYNAMIC_XSS "libXss.so.1"
| #define SDL_VIDEO_DRIVER_X11_XSCRNSAVER 1
| #define SDL_VIDEO_DRIVER_X11_XSHAPE 1
| #define SDL_VIDEO_OPENGL_EGL 1
| #define SDL_VIDEO_DRIVER_KMSDRM 1
| #define SDL_VIDEO_DRIVER_KMSDRM_DYNAMIC "libdrm.so.2"
| #define SDL_VIDEO_DRIVER_KMSDRM_DYNAMIC_GBM "libgbm.so.1"
| #define HAVE_KMSDRM_SHARED "TRUE"
| #define SDL_VIDEO_OPENGL 1
| #define SDL_VIDEO_OPENGL_GLX 1
| #define SDL_VIDEO_OPENGL 1
| #define SDL_VIDEO_RENDER_OGL 1
| #define SDL_VIDEO_OPENGL_ES2 1
| #define SDL_VIDEO_RENDER_OGL_ES2 1
| #define SDL_VIDEO_VULKAN 1
| #define SDL_VIDEO_DRIVER_WAYLAND 1
| #define SDL_VIDEO_DRIVER_WAYLAND_QT_TOUCH 1
| #define SDL_VIDEO_DRIVER_WAYLAND_DYNAMIC "libwayland-client.so.0"
| #define SDL_VIDEO_DRIVER_WAYLAND_DYNAMIC_EGL "libwayland-egl.so.1"
| #define SDL_VIDEO_DRIVER_WAYLAND_DYNAMIC_CURSOR "libwayland-cursor.so.0"
| #define SDL_VIDEO_DRIVER_WAYLAND_DYNAMIC_XKBCOMMON "libxkbcommon.so.0"
| #define HAVE_LIBDECOR_H 1
| #define SDL_VIDEO_DRIVER_WAYLAND_DYNAMIC_LIBDECOR "libdecor-0.so.0"
| #define HAVE_DECL_LIBDECOR_FRAME_GET_MIN_CONTENT_SIZE 1
| #define HAVE_DECL_LIBDECOR_FRAME_GET_MAX_CONTENT_SIZE 1
| #define SDL_HAVE_LIBDECOR_GET_MIN_MAX 1
| #define HAVE_LINUX_INPUT_H 1
| #define SDL_INPUT_LINUXEV 1
| #define HAVE_LIBUDEV_H 1
| #define SDL_UDEV_DYNAMIC "libudev.so.1"
| #define HAVE_DBUS_DBUS_H 1
| #define SDL_USE_IME 1
| #define HAVE_SYS_INOTIFY_H 1
| #define HAVE_INOTIFY_INIT 1
| #define HAVE_INOTIFY_INIT1 1
| #define HAVE_INOTIFY 1
| /* end confdefs.h.  */
| #include <stddef.h>
| #ifdef HAVE_STDIO_H
| # include <stdio.h>
| #endif
| #ifdef HAVE_STDLIB_H
| # include <stdlib.h>
| #endif
| #ifdef HAVE_STRING_H
| # include <string.h>
| #endif
| #ifdef HAVE_INTTYPES_H
| # include <inttypes.h>
| #endif
| #ifdef HAVE_STDINT_H
| # include <stdint.h>
| #endif
| #ifdef HAVE_STRINGS_H
| # include <strings.h>
| #endif
| #ifdef HAVE_SYS_TYPES_H
| # include <sys/types.h>
| #endif
| #ifdef HAVE_SYS_STAT_H
| # include <sys/stat.h>
| #endif
| #ifdef HAVE_UNISTD_H
| # include <unistd.h>
| #endif
| #include <ibus-1.0/ibus.h>
configure:26967: result: no
configure:27011: checking for fcitx support
configure:27027: result: yes
configure:26565: checking for Linux kd.h
configure:26587: gcc -c -g -O2 -Iinclude -I/home/kai/SDl2/include -idirafter /home/kai/SDl2/src/video/khronos    -Iinclude -I/home/kai/SDl2/include -idirafter /home/kai/SDl2/src/video/khronos  conftest.c >&5
configure:26587: $? = 0
configure:26592: result: yes
configure:28436: checking for hidapi joystick support
configure:28438: result: yes
configure:27211: checking for pthreads
configure:27230: gcc -o conftest -g -O2 -Iinclude -I/home/kai/SDl2/include -idirafter /home/kai/SDl2/src/video/khronos   -D_REENTRANT  -Iinclude -I/home/kai/SDl2/include -idirafter /home/kai/SDl2/src/video/khronos    conftest.c  -lm -lpthread >&5
configure:27230: $? = 0
configure:27236: result: yes
configure:27256: checking for recursive mutexes
configure:27277: gcc -o conftest -g -O2 -Iinclude -I/home/kai/SDl2/include -idirafter /home/kai/SDl2/src/video/khronos   -D_REENTRANT  -Iinclude -I/home/kai/SDl2/include -idirafter /home/kai/SDl2/src/video/khronos    conftest.c  -lm -lpthread >&5
configure:27277: $? = 0
configure:27319: result: yes
configure:27324: checking for pthread semaphores
configure:27341: gcc -c -g -O2 -Iinclude -I/home/kai/SDl2/include -idirafter /home/kai/SDl2/src/video/khronos   -D_REENTRANT  -Iinclude -I/home/kai/SDl2/include -idirafter /home/kai/SDl2/src/video/khronos  conftest.c >&5
configure:27341: $? = 0
configure:27346: result: yes
configure:27350: checking for sem_timedwait
configure:27369: gcc -o conftest -g -O2 -Iinclude -I/home/kai/SDl2/include -idirafter /home/kai/SDl2/src/video/khronos   -D_REENTRANT  -Iinclude -I/home/kai/SDl2/include -idirafter /home/kai/SDl2/src/video/khronos    conftest.c  -lm -lpthread >&5
configure:27369: $? = 0
configure:27380: result: yes
configure:27384: checking for pthread_np.h
configure:27384: gcc -c -g -O2 -Iinclude -I/home/kai/SDl2/include -idirafter /home/kai/SDl2/src/video/khronos   -D_REENTRANT  -Iinclude -I/home/kai/SDl2/include -idirafter /home/kai/SDl2/src/video/khronos  conftest.c >&5
conftest.c:233:10: fatal error: pthread_np.h: No such file or directory
  233 | #include <pthread_np.h>
      |          ^~~~~~~~~~~~~~
compilation terminated.
configure:27384: $? = 1
configure: failed program was:
| /* confdefs.h */
| #define PACKAGE_NAME ""
| #define PACKAGE_TARNAME ""
| #define PACKAGE_VERSION ""
| #define PACKAGE_STRING ""
| #define PACKAGE_BUGREPORT ""
| #define PACKAGE_URL ""
| #define HAVE_STDIO_H 1
| #define HAVE_STDLIB_H 1
| #define HAVE_STRING_H 1
| #define HAVE_INTTYPES_H 1
| #define HAVE_STDINT_H 1
| #define HAVE_STRINGS_H 1
| #define HAVE_SYS_STAT_H 1
| #define HAVE_SYS_TYPES_H 1
| #define HAVE_UNISTD_H 1
| #define STDC_HEADERS 1
| #define HAVE_DLFCN_H 1
| #define LT_OBJDIR ".libs/"
| #define HAVE_LIBC 1
| #define HAVE_SYS_TYPES_H 1
| #define HAVE_STDIO_H 1
| #define HAVE_STDLIB_H 1
| #define HAVE_STDDEF_H 1
| #define HAVE_STDARG_H 1
| #define HAVE_MALLOC_H 1
| #define HAVE_MEMORY_H 1
| #define HAVE_STRING_H 1
| #define HAVE_STRINGS_H 1
| #define HAVE_WCHAR_H 1
| #define HAVE_INTTYPES_H 1
| #define HAVE_STDINT_H 1
| #define HAVE_LIMITS_H 1
| #define HAVE_CTYPE_H 1
| #define HAVE_MATH_H 1
| #define HAVE_FLOAT_H 1
| #define HAVE_ICONV_H 1
| #define HAVE_SIGNAL_H 1
| #define HAVE_M_PI /**/
| #define HAVE_ALLOCA_H 1
| #define HAVE_ALLOCA 1
| #define HAVE_MPROTECT 1
| #define HAVE_MALLOC 1
| #define HAVE_CALLOC 1
| #define HAVE_REALLOC 1
| #define HAVE_FREE 1
| #define HAVE_GETENV 1
| #define HAVE_SETENV 1
| #define HAVE_PUTENV 1
| #define HAVE_UNSETENV 1
| #define HAVE_BSEARCH 1
| #define HAVE_QSORT 1
| #define HAVE_ABS 1
| #define HAVE_BCOPY 1
| #define HAVE_MEMSET 1
| #define HAVE_MEMCMP 1
| #define HAVE_MEMCPY 1
| #define HAVE_MEMMOVE 1
| #define HAVE_WCSLEN 1
| #define HAVE_WCSLCPY 1
| #define HAVE_WCSLCAT 1
| #define HAVE_WCSDUP 1
| #define HAVE_WCSSTR 1
| #define HAVE_WCSCMP 1
| #define HAVE_WCSNCMP 1
| #define HAVE_WCSCASECMP 1
| #define HAVE_WCSNCASECMP 1
| #define HAVE_STRLEN 1
| #define HAVE_STRLCPY 1
| #define HAVE_STRLCAT 1
| #define HAVE_INDEX 1
| #define HAVE_RINDEX 1
| #define HAVE_STRCHR 1
| #define HAVE_STRRCHR 1
| #define HAVE_STRSTR 1
| #define HAVE_STRTOK_R 1
| #define HAVE_STRTOD 1
| #define HAVE_STRTOL 1
| #define HAVE_STRTOUL 1
| #define HAVE_STRTOLL 1
| #define HAVE_STRTOULL 1
| #define HAVE_ATOI 1
| #define HAVE_ATOF 1
| #define HAVE_STRCMP 1
| #define HAVE_STRNCMP 1
| #define HAVE_STRCASECMP 1
| #define HAVE_STRNCASECMP 1
| #define HAVE_STRCASESTR 1
| #define HAVE_VSSCANF 1
| #define HAVE_VSNPRINTF 1
| #define HAVE_FOPEN64 1
| #define HAVE_FSEEKO 1
| #define HAVE_FSEEKO64 1
| #define HAVE_SIGACTION 1
| #define HAVE_SIGTIMEDWAIT 1
| #define HAVE_SETJMP 1
| #define HAVE_NANOSLEEP 1
| #define HAVE_SYSCONF 1
| #define HAVE_GETAUXVAL 1
| #define HAVE_POLL 1
| #define HAVE_MEMFD_CREATE 1
| #define HAVE_POSIX_FALLOCATE 1
| #define HAVE__EXIT 1
| #define HAVE_ACOS 1
| #define HAVE_ACOSF 1
| #define HAVE_ASIN 1
| #define HAVE_ASINF 1
| #define HAVE_ATAN 1
| #define HAVE_ATANF 1
| #define HAVE_ATAN2 1
| #define HAVE_ATAN2F 1
| #define HAVE_CEIL 1
| #define HAVE_CEILF 1
| #define HAVE_COPYSIGN 1
| #define HAVE_COPYSIGNF 1
| #define HAVE_COS 1
| #define HAVE_COSF 1
| #define HAVE_EXP 1
| #define HAVE_EXPF 1
| #define HAVE_FABS 1
| #define HAVE_FABSF 1
| #define HAVE_FLOOR 1
| #define HAVE_FLOORF 1
| #define HAVE_TRUNC 1
| #define HAVE_TRUNCF 1
| #define HAVE_FMOD 1
| #define HAVE_FMODF 1
| #define HAVE_LOG 1
| #define HAVE_LOGF 1
| #define HAVE_LOG10 1
| #define HAVE_LOG10F 1
| #define HAVE_LROUND 1
| #define HAVE_LROUNDF 1
| #define HAVE_POW 1
| #define HAVE_POWF 1
| #define HAVE_ROUND 1
| #define HAVE_ROUNDF 1
| #define HAVE_SCALBN 1
| #define HAVE_SCALBNF 1
| #define HAVE_SIN 1
| #define HAVE_SINF 1
| #define HAVE_SQRT 1
| #define HAVE_SQRTF 1
| #define HAVE_TAN 1
| #define HAVE_TANF 1
| #define HAVE_ICONV 1
| #define HAVE_SA_SIGACTION 1
| #define HAVE_LIBUNWIND_H 1
| #define HAVE_GCC_ATOMICS 1
| #define HAVE_IMMINTRIN_H 1
| #define SDL_VIDEO_DRIVER_DUMMY 1
| #define SDL_VIDEO_DRIVER_OFFSCREEN 1
| #define SDL_AUDIO_DRIVER_DISK 1
| #define SDL_AUDIO_DRIVER_DUMMY 1
| #define DYNAPI_NEEDS_DLOPEN 1
| #define HAVE_DLOPEN 1
| #define SDL_LOADSO_DLOPEN 1
| #define HAVE_O_CLOEXEC 1
| #define SDL_AUDIO_DRIVER_OSS 1
| #define HAVE_LIBASOUND 1
| #define SDL_AUDIO_DRIVER_ALSA 1
| #define SDL_AUDIO_DRIVER_ALSA_DYNAMIC "libasound.so.2"
| #define SDL_AUDIO_DRIVER_PIPEWIRE 1
| #define SDL_AUDIO_DRIVER_PIPEWIRE_DYNAMIC "libpipewire-0.3.so.0"
| #define SDL_AUDIO_DRIVER_PULSEAUDIO 1
| #define SDL_AUDIO_DRIVER_PULSEAUDIO_DYNAMIC "libpulse.so.0"
| #define SDL_AUDIO_DRIVER_JACK 1
| #define SDL_AUDIO_DRIVER_JACK_DYNAMIC "libjack.so.0"
| #define SDL_AUDIO_DRIVER_SNDIO_DYNAMIC "libsndio.so.7"
| #define SDL_AUDIO_DRIVER_SNDIO 1
| #define HAVE_LIBSAMPLERATE_H 1
| #define SDL_LIBSAMPLERATE_DYNAMIC "libsamplerate.so.0"
| #define SDL_VIDEO_DRIVER_X11 1
| #define SDL_VIDEO_DRIVER_X11_DYNAMIC "libX11.so.6"
| #define SDL_VIDEO_DRIVER_X11_DYNAMIC_XEXT "libXext.so.6"
| #define SDL_VIDEO_DRIVER_X11_SUPPORTS_GENERIC_EVENTS 1
| #define SDL_VIDEO_DRIVER_X11_HAS_XKBKEYCODETOKEYSYM 1
| #define SDL_VIDEO_DRIVER_X11_DYNAMIC_XCURSOR "libXcursor.so.1"
| #define SDL_VIDEO_DRIVER_X11_XCURSOR 1
| #define SDL_VIDEO_DRIVER_X11_XDBE 1
| #define SDL_VIDEO_DRIVER_X11_DYNAMIC_XINPUT2 "libXi.so.6"
| #define SDL_VIDEO_DRIVER_X11_XINPUT2 1
| #define SDL_VIDEO_DRIVER_X11_XINPUT2_SUPPORTS_MULTITOUCH 1
| #define SDL_VIDEO_DRIVER_X11_DYNAMIC_XFIXES "libXfixes.so.3"
| #define SDL_VIDEO_DRIVER_X11_XFIXES 1
| #define SDL_VIDEO_DRIVER_X11_DYNAMIC_XRANDR "libXrandr.so.2"
| #define SDL_VIDEO_DRIVER_X11_XRANDR 1
| #define SDL_VIDEO_DRIVER_X11_DYNAMIC_XSS "libXss.so.1"
| #define SDL_VIDEO_DRIVER_X11_XSCRNSAVER 1
| #define SDL_VIDEO_DRIVER_X11_XSHAPE 1
| #define SDL_VIDEO_OPENGL_EGL 1
| #define SDL_VIDEO_DRIVER_KMSDRM 1
| #define SDL_VIDEO_DRIVER_KMSDRM_DYNAMIC "libdrm.so.2"
| #define SDL_VIDEO_DRIVER_KMSDRM_DYNAMIC_GBM "libgbm.so.1"
| #define HAVE_KMSDRM_SHARED "TRUE"
| #define SDL_VIDEO_OPENGL 1
| #define SDL_VIDEO_OPENGL_GLX 1
| #define SDL_VIDEO_OPENGL 1
| #define SDL_VIDEO_RENDER_OGL 1
| #define SDL_VIDEO_OPENGL_ES2 1
| #define SDL_VIDEO_RENDER_OGL_ES2 1
| #define SDL_VIDEO_VULKAN 1
| #define SDL_VIDEO_DRIVER_WAYLAND 1
| #define SDL_VIDEO_DRIVER_WAYLAND_QT_TOUCH 1
| #define SDL_VIDEO_DRIVER_WAYLAND_DYNAMIC "libwayland-client.so.0"
| #define SDL_VIDEO_DRIVER_WAYLAND_DYNAMIC_EGL "libwayland-egl.so.1"
| #define SDL_VIDEO_DRIVER_WAYLAND_DYNAMIC_CURSOR "libwayland-cursor.so.0"
| #define SDL_VIDEO_DRIVER_WAYLAND_DYNAMIC_XKBCOMMON "libxkbcommon.so.0"
| #define HAVE_LIBDECOR_H 1
| #define SDL_VIDEO_DRIVER_WAYLAND_DYNAMIC_LIBDECOR "libdecor-0.so.0"
| #define HAVE_DECL_LIBDECOR_FRAME_GET_MIN_CONTENT_SIZE 1
| #define HAVE_DECL_LIBDECOR_FRAME_GET_MAX_CONTENT_SIZE 1
| #define SDL_HAVE_LIBDECOR_GET_MIN_MAX 1
| #define HAVE_LINUX_INPUT_H 1
| #define SDL_INPUT_LINUXEV 1
| #define HAVE_LIBUDEV_H 1
| #define SDL_UDEV_DYNAMIC "libudev.so.1"
| #define HAVE_DBUS_DBUS_H 1
| #define SDL_USE_IME 1
| #define HAVE_SYS_INOTIFY_H 1
| #define HAVE_INOTIFY_INIT 1
| #define HAVE_INOTIFY_INIT1 1
| #define HAVE_INOTIFY 1
| #define HAVE_FCITX 1
| #define SDL_INPUT_LINUXKD 1
| #define SDL_JOYSTICK_HIDAPI 1
| #define SDL_THREAD_PTHREAD 1
| #define SDL_THREAD_PTHREAD_RECURSIVE_MUTEX 1
| #define HAVE_SEM_TIMEDWAIT 1
| /* end confdefs.h.  */
|  #include <pthread.h>
| 
| #include <pthread_np.h>
configure:27384: result: no
configure:27400: checking for pthread_setname_np
configure:27417: gcc -o conftest -g -O2 -Iinclude -I/home/kai/SDl2/include -idirafter /home/kai/SDl2/src/video/khronos   -D_REENTRANT  -Iinclude -I/home/kai/SDl2/include -idirafter /home/kai/SDl2/src/video/khronos    conftest.c  -lm -lpthread >&5
configure:27417: $? = 0
configure:27432: result: yes
configure:27435: checking for pthread_set_name_np
configure:27452: gcc -o conftest -g -O2 -Iinclude -I/home/kai/SDl2/include -idirafter /home/kai/SDl2/src/video/khronos   -D_REENTRANT  -Iinclude -I/home/kai/SDl2/include -idirafter /home/kai/SDl2/src/video/khronos    conftest.c  -lm -lpthread >&5
/usr/bin/ld: /tmp/ccM7FnE5.o: in function `main':
/home/kai/SDl2/conftest.c:240:(.text.startup+0x5): undefined reference to `pthread_set_name_np'
collect2: error: ld returned 1 exit status
configure:27452: $? = 1
configure: failed program was:
| /* confdefs.h */
| #define PACKAGE_NAME ""
| #define PACKAGE_TARNAME ""
| #define PACKAGE_VERSION ""
| #define PACKAGE_STRING ""
| #define PACKAGE_BUGREPORT ""
| #define PACKAGE_URL ""
| #define HAVE_STDIO_H 1
| #define HAVE_STDLIB_H 1
| #define HAVE_STRING_H 1
| #define HAVE_INTTYPES_H 1
| #define HAVE_STDINT_H 1
| #define HAVE_STRINGS_H 1
| #define HAVE_SYS_STAT_H 1
| #define HAVE_SYS_TYPES_H 1
| #define HAVE_UNISTD_H 1
| #define STDC_HEADERS 1
| #define HAVE_DLFCN_H 1
| #define LT_OBJDIR ".libs/"
| #define HAVE_LIBC 1
| #define HAVE_SYS_TYPES_H 1
| #define HAVE_STDIO_H 1
| #define HAVE_STDLIB_H 1
| #define HAVE_STDDEF_H 1
| #define HAVE_STDARG_H 1
| #define HAVE_MALLOC_H 1
| #define HAVE_MEMORY_H 1
| #define HAVE_STRING_H 1
| #define HAVE_STRINGS_H 1
| #define HAVE_WCHAR_H 1
| #define HAVE_INTTYPES_H 1
| #define HAVE_STDINT_H 1
| #define HAVE_LIMITS_H 1
| #define HAVE_CTYPE_H 1
| #define HAVE_MATH_H 1
| #define HAVE_FLOAT_H 1
| #define HAVE_ICONV_H 1
| #define HAVE_SIGNAL_H 1
| #define HAVE_M_PI /**/
| #define HAVE_ALLOCA_H 1
| #define HAVE_ALLOCA 1
| #define HAVE_MPROTECT 1
| #define HAVE_MALLOC 1
| #define HAVE_CALLOC 1
| #define HAVE_REALLOC 1
| #define HAVE_FREE 1
| #define HAVE_GETENV 1
| #define HAVE_SETENV 1
| #define HAVE_PUTENV 1
| #define HAVE_UNSETENV 1
| #define HAVE_BSEARCH 1
| #define HAVE_QSORT 1
| #define HAVE_ABS 1
| #define HAVE_BCOPY 1
| #define HAVE_MEMSET 1
| #define HAVE_MEMCMP 1
| #define HAVE_MEMCPY 1
| #define HAVE_MEMMOVE 1
| #define HAVE_WCSLEN 1
| #define HAVE_WCSLCPY 1
| #define HAVE_WCSLCAT 1
| #define HAVE_WCSDUP 1
| #define HAVE_WCSSTR 1
| #define HAVE_WCSCMP 1
| #define HAVE_WCSNCMP 1
| #define HAVE_WCSCASECMP 1
| #define HAVE_WCSNCASECMP 1
| #define HAVE_STRLEN 1
| #define HAVE_STRLCPY 1
| #define HAVE_STRLCAT 1
| #define HAVE_INDEX 1
| #define HAVE_RINDEX 1
| #define HAVE_STRCHR 1
| #define HAVE_STRRCHR 1
| #define HAVE_STRSTR 1
| #define HAVE_STRTOK_R 1
| #define HAVE_STRTOD 1
| #define HAVE_STRTOL 1
| #define HAVE_STRTOUL 1
| #define HAVE_STRTOLL 1
| #define HAVE_STRTOULL 1
| #define HAVE_ATOI 1
| #define HAVE_ATOF 1
| #define HAVE_STRCMP 1
| #define HAVE_STRNCMP 1
| #define HAVE_STRCASECMP 1
| #define HAVE_STRNCASECMP 1
| #define HAVE_STRCASESTR 1
| #define HAVE_VSSCANF 1
| #define HAVE_VSNPRINTF 1
| #define HAVE_FOPEN64 1
| #define HAVE_FSEEKO 1
| #define HAVE_FSEEKO64 1
| #define HAVE_SIGACTION 1
| #define HAVE_SIGTIMEDWAIT 1
| #define HAVE_SETJMP 1
| #define HAVE_NANOSLEEP 1
| #define HAVE_SYSCONF 1
| #define HAVE_GETAUXVAL 1
| #define HAVE_POLL 1
| #define HAVE_MEMFD_CREATE 1
| #define HAVE_POSIX_FALLOCATE 1
| #define HAVE__EXIT 1
| #define HAVE_ACOS 1
| #define HAVE_ACOSF 1
| #define HAVE_ASIN 1
| #define HAVE_ASINF 1
| #define HAVE_ATAN 1
| #define HAVE_ATANF 1
| #define HAVE_ATAN2 1
| #define HAVE_ATAN2F 1
| #define HAVE_CEIL 1
| #define HAVE_CEILF 1
| #define HAVE_COPYSIGN 1
| #define HAVE_COPYSIGNF 1
| #define HAVE_COS 1
| #define HAVE_COSF 1
| #define HAVE_EXP 1
| #define HAVE_EXPF 1
| #define HAVE_FABS 1
| #define HAVE_FABSF 1
| #define HAVE_FLOOR 1
| #define HAVE_FLOORF 1
| #define HAVE_TRUNC 1
| #define HAVE_TRUNCF 1
| #define HAVE_FMOD 1
| #define HAVE_FMODF 1
| #define HAVE_LOG 1
| #define HAVE_LOGF 1
| #define HAVE_LOG10 1
| #define HAVE_LOG10F 1
| #define HAVE_LROUND 1
| #define HAVE_LROUNDF 1
| #define HAVE_POW 1
| #define HAVE_POWF 1
| #define HAVE_ROUND 1
| #define HAVE_ROUNDF 1
| #define HAVE_SCALBN 1
| #define HAVE_SCALBNF 1
| #define HAVE_SIN 1
| #define HAVE_SINF 1
| #define HAVE_SQRT 1
| #define HAVE_SQRTF 1
| #define HAVE_TAN 1
| #define HAVE_TANF 1
| #define HAVE_ICONV 1
| #define HAVE_SA_SIGACTION 1
| #define HAVE_LIBUNWIND_H 1
| #define HAVE_GCC_ATOMICS 1
| #define HAVE_IMMINTRIN_H 1
| #define SDL_VIDEO_DRIVER_DUMMY 1
| #define SDL_VIDEO_DRIVER_OFFSCREEN 1
| #define SDL_AUDIO_DRIVER_DISK 1
| #define SDL_AUDIO_DRIVER_DUMMY 1
| #define DYNAPI_NEEDS_DLOPEN 1
| #define HAVE_DLOPEN 1
| #define SDL_LOADSO_DLOPEN 1
| #define HAVE_O_CLOEXEC 1
| #define SDL_AUDIO_DRIVER_OSS 1
| #define HAVE_LIBASOUND 1
| #define SDL_AUDIO_DRIVER_ALSA 1
| #define SDL_AUDIO_DRIVER_ALSA_DYNAMIC "libasound.so.2"
| #define SDL_AUDIO_DRIVER_PIPEWIRE 1
| #define SDL_AUDIO_DRIVER_PIPEWIRE_DYNAMIC "libpipewire-0.3.so.0"
| #define SDL_AUDIO_DRIVER_PULSEAUDIO 1
| #define SDL_AUDIO_DRIVER_PULSEAUDIO_DYNAMIC "libpulse.so.0"
| #define SDL_AUDIO_DRIVER_JACK 1
| #define SDL_AUDIO_DRIVER_JACK_DYNAMIC "libjack.so.0"
| #define SDL_AUDIO_DRIVER_SNDIO_DYNAMIC "libsndio.so.7"
| #define SDL_AUDIO_DRIVER_SNDIO 1
| #define HAVE_LIBSAMPLERATE_H 1
| #define SDL_LIBSAMPLERATE_DYNAMIC "libsamplerate.so.0"
| #define SDL_VIDEO_DRIVER_X11 1
| #define SDL_VIDEO_DRIVER_X11_DYNAMIC "libX11.so.6"
| #define SDL_VIDEO_DRIVER_X11_DYNAMIC_XEXT "libXext.so.6"
| #define SDL_VIDEO_DRIVER_X11_SUPPORTS_GENERIC_EVENTS 1
| #define SDL_VIDEO_DRIVER_X11_HAS_XKBKEYCODETOKEYSYM 1
| #define SDL_VIDEO_DRIVER_X11_DYNAMIC_XCURSOR "libXcursor.so.1"
| #define SDL_VIDEO_DRIVER_X11_XCURSOR 1
| #define SDL_VIDEO_DRIVER_X11_XDBE 1
| #define SDL_VIDEO_DRIVER_X11_DYNAMIC_XINPUT2 "libXi.so.6"
| #define SDL_VIDEO_DRIVER_X11_XINPUT2 1
| #define SDL_VIDEO_DRIVER_X11_XINPUT2_SUPPORTS_MULTITOUCH 1
| #define SDL_VIDEO_DRIVER_X11_DYNAMIC_XFIXES "libXfixes.so.3"
| #define SDL_VIDEO_DRIVER_X11_XFIXES 1
| #define SDL_VIDEO_DRIVER_X11_DYNAMIC_XRANDR "libXrandr.so.2"
| #define SDL_VIDEO_DRIVER_X11_XRANDR 1
| #define SDL_VIDEO_DRIVER_X11_DYNAMIC_XSS "libXss.so.1"
| #define SDL_VIDEO_DRIVER_X11_XSCRNSAVER 1
| #define SDL_VIDEO_DRIVER_X11_XSHAPE 1
| #define SDL_VIDEO_OPENGL_EGL 1
| #define SDL_VIDEO_DRIVER_KMSDRM 1
| #define SDL_VIDEO_DRIVER_KMSDRM_DYNAMIC "libdrm.so.2"
| #define SDL_VIDEO_DRIVER_KMSDRM_DYNAMIC_GBM "libgbm.so.1"
| #define HAVE_KMSDRM_SHARED "TRUE"
| #define SDL_VIDEO_OPENGL 1
| #define SDL_VIDEO_OPENGL_GLX 1
| #define SDL_VIDEO_OPENGL 1
| #define SDL_VIDEO_RENDER_OGL 1
| #define SDL_VIDEO_OPENGL_ES2 1
| #define SDL_VIDEO_RENDER_OGL_ES2 1
| #define SDL_VIDEO_VULKAN 1
| #define SDL_VIDEO_DRIVER_WAYLAND 1
| #define SDL_VIDEO_DRIVER_WAYLAND_QT_TOUCH 1
| #define SDL_VIDEO_DRIVER_WAYLAND_DYNAMIC "libwayland-client.so.0"
| #define SDL_VIDEO_DRIVER_WAYLAND_DYNAMIC_EGL "libwayland-egl.so.1"
| #define SDL_VIDEO_DRIVER_WAYLAND_DYNAMIC_CURSOR "libwayland-cursor.so.0"
| #define SDL_VIDEO_DRIVER_WAYLAND_DYNAMIC_XKBCOMMON "libxkbcommon.so.0"
| #define HAVE_LIBDECOR_H 1
| #define SDL_VIDEO_DRIVER_WAYLAND_DYNAMIC_LIBDECOR "libdecor-0.so.0"
| #define HAVE_DECL_LIBDECOR_FRAME_GET_MIN_CONTENT_SIZE 1
| #define HAVE_DECL_LIBDECOR_FRAME_GET_MAX_CONTENT_SIZE 1
| #define SDL_HAVE_LIBDECOR_GET_MIN_MAX 1
| #define HAVE_LINUX_INPUT_H 1
| #define SDL_INPUT_LINUXEV 1
| #define HAVE_LIBUDEV_H 1
| #define SDL_UDEV_DYNAMIC "libudev.so.1"
| #define HAVE_DBUS_DBUS_H 1
| #define SDL_USE_IME 1
| #define HAVE_SYS_INOTIFY_H 1
| #define HAVE_INOTIFY_INIT 1
| #define HAVE_INOTIFY_INIT1 1
| #define HAVE_INOTIFY 1
| #define HAVE_FCITX 1
| #define SDL_INPUT_LINUXKD 1
| #define SDL_JOYSTICK_HIDAPI 1
| #define SDL_THREAD_PTHREAD 1
| #define SDL_THREAD_PTHREAD_RECURSIVE_MUTEX 1
| #define HAVE_SEM_TIMEDWAIT 1
| #define HAVE_PTHREAD_SETNAME_NP 1
| /* end confdefs.h.  */
| 
| /* Override any GCC internal prototype to avoid an error.
|    Use char because int might match the return type of a GCC
|    builtin and then its argument prototype would still apply.  */
| char pthread_set_name_np ();
| int
| main (void)
| {
| return pthread_set_name_np ();
|   ;
|   return 0;
| }
configure:27467: result: no
configure:28461: checking for clock_gettime in -lc
configure:28484: gcc -o conftest -g -O2 -Iinclude -I/home/kai/SDl2/include -idirafter /home/kai/SDl2/src/video/khronos    -Iinclude -I/home/kai/SDl2/include -idirafter /home/kai/SDl2/src/video/khronos    conftest.c -lc   -lm >&5
configure:28484: $? = 0
configure:28494: result: yes
configure:28558: checking for linux/version.h
configure:28558: gcc -c -g -O2 -Iinclude -I/home/kai/SDl2/include -idirafter /home/kai/SDl2/src/video/khronos    -Iinclude -I/home/kai/SDl2/include -idirafter /home/kai/SDl2/src/video/khronos  conftest.c >&5
configure:28558: $? = 0
configure:28558: result: yes
configure:25361: checking for Vivante VDK API
configure:25379: gcc -c -g -O2 -Iinclude -I/home/kai/SDl2/include -idirafter /home/kai/SDl2/src/video/khronos    -Iinclude -I/home/kai/SDl2/include -idirafter /home/kai/SDl2/src/video/khronos  conftest.c >&5
conftest.c:236:20: fatal error: gc_vdk.h: No such file or directory
  236 |           #include <gc_vdk.h>
      |                    ^~~~~~~~~~
compilation terminated.
configure:25379: $? = 1
configure: failed program was:
| /* confdefs.h */
| #define PACKAGE_NAME ""
| #define PACKAGE_TARNAME ""
| #define PACKAGE_VERSION ""
| #define PACKAGE_STRING ""
| #define PACKAGE_BUGREPORT ""
| #define PACKAGE_URL ""
| #define HAVE_STDIO_H 1
| #define HAVE_STDLIB_H 1
| #define HAVE_STRING_H 1
| #define HAVE_INTTYPES_H 1
| #define HAVE_STDINT_H 1
| #define HAVE_STRINGS_H 1
| #define HAVE_SYS_STAT_H 1
| #define HAVE_SYS_TYPES_H 1
| #define HAVE_UNISTD_H 1
| #define STDC_HEADERS 1
| #define HAVE_DLFCN_H 1
| #define LT_OBJDIR ".libs/"
| #define HAVE_LIBC 1
| #define HAVE_SYS_TYPES_H 1
| #define HAVE_STDIO_H 1
| #define HAVE_STDLIB_H 1
| #define HAVE_STDDEF_H 1
| #define HAVE_STDARG_H 1
| #define HAVE_MALLOC_H 1
| #define HAVE_MEMORY_H 1
| #define HAVE_STRING_H 1
| #define HAVE_STRINGS_H 1
| #define HAVE_WCHAR_H 1
| #define HAVE_INTTYPES_H 1
| #define HAVE_STDINT_H 1
| #define HAVE_LIMITS_H 1
| #define HAVE_CTYPE_H 1
| #define HAVE_MATH_H 1
| #define HAVE_FLOAT_H 1
| #define HAVE_ICONV_H 1
| #define HAVE_SIGNAL_H 1
| #define HAVE_M_PI /**/
| #define HAVE_ALLOCA_H 1
| #define HAVE_ALLOCA 1
| #define HAVE_MPROTECT 1
| #define HAVE_MALLOC 1
| #define HAVE_CALLOC 1
| #define HAVE_REALLOC 1
| #define HAVE_FREE 1
| #define HAVE_GETENV 1
| #define HAVE_SETENV 1
| #define HAVE_PUTENV 1
| #define HAVE_UNSETENV 1
| #define HAVE_BSEARCH 1
| #define HAVE_QSORT 1
| #define HAVE_ABS 1
| #define HAVE_BCOPY 1
| #define HAVE_MEMSET 1
| #define HAVE_MEMCMP 1
| #define HAVE_MEMCPY 1
| #define HAVE_MEMMOVE 1
| #define HAVE_WCSLEN 1
| #define HAVE_WCSLCPY 1
| #define HAVE_WCSLCAT 1
| #define HAVE_WCSDUP 1
| #define HAVE_WCSSTR 1
| #define HAVE_WCSCMP 1
| #define HAVE_WCSNCMP 1
| #define HAVE_WCSCASECMP 1
| #define HAVE_WCSNCASECMP 1
| #define HAVE_STRLEN 1
| #define HAVE_STRLCPY 1
| #define HAVE_STRLCAT 1
| #define HAVE_INDEX 1
| #define HAVE_RINDEX 1
| #define HAVE_STRCHR 1
| #define HAVE_STRRCHR 1
| #define HAVE_STRSTR 1
| #define HAVE_STRTOK_R 1
| #define HAVE_STRTOD 1
| #define HAVE_STRTOL 1
| #define HAVE_STRTOUL 1
| #define HAVE_STRTOLL 1
| #define HAVE_STRTOULL 1
| #define HAVE_ATOI 1
| #define HAVE_ATOF 1
| #define HAVE_STRCMP 1
| #define HAVE_STRNCMP 1
| #define HAVE_STRCASECMP 1
| #define HAVE_STRNCASECMP 1
| #define HAVE_STRCASESTR 1
| #define HAVE_VSSCANF 1
| #define HAVE_VSNPRINTF 1
| #define HAVE_FOPEN64 1
| #define HAVE_FSEEKO 1
| #define HAVE_FSEEKO64 1
| #define HAVE_SIGACTION 1
| #define HAVE_SIGTIMEDWAIT 1
| #define HAVE_SETJMP 1
| #define HAVE_NANOSLEEP 1
| #define HAVE_SYSCONF 1
| #define HAVE_GETAUXVAL 1
| #define HAVE_POLL 1
| #define HAVE_MEMFD_CREATE 1
| #define HAVE_POSIX_FALLOCATE 1
| #define HAVE__EXIT 1
| #define HAVE_ACOS 1
| #define HAVE_ACOSF 1
| #define HAVE_ASIN 1
| #define HAVE_ASINF 1
| #define HAVE_ATAN 1
| #define HAVE_ATANF 1
| #define HAVE_ATAN2 1
| #define HAVE_ATAN2F 1
| #define HAVE_CEIL 1
| #define HAVE_CEILF 1
| #define HAVE_COPYSIGN 1
| #define HAVE_COPYSIGNF 1
| #define HAVE_COS 1
| #define HAVE_COSF 1
| #define HAVE_EXP 1
| #define HAVE_EXPF 1
| #define HAVE_FABS 1
| #define HAVE_FABSF 1
| #define HAVE_FLOOR 1
| #define HAVE_FLOORF 1
| #define HAVE_TRUNC 1
| #define HAVE_TRUNCF 1
| #define HAVE_FMOD 1
| #define HAVE_FMODF 1
| #define HAVE_LOG 1
| #define HAVE_LOGF 1
| #define HAVE_LOG10 1
| #define HAVE_LOG10F 1
| #define HAVE_LROUND 1
| #define HAVE_LROUNDF 1
| #define HAVE_POW 1
| #define HAVE_POWF 1
| #define HAVE_ROUND 1
| #define HAVE_ROUNDF 1
| #define HAVE_SCALBN 1
| #define HAVE_SCALBNF 1
| #define HAVE_SIN 1
| #define HAVE_SINF 1
| #define HAVE_SQRT 1
| #define HAVE_SQRTF 1
| #define HAVE_TAN 1
| #define HAVE_TANF 1
| #define HAVE_ICONV 1
| #define HAVE_SA_SIGACTION 1
| #define HAVE_LIBUNWIND_H 1
| #define HAVE_GCC_ATOMICS 1
| #define HAVE_IMMINTRIN_H 1
| #define SDL_VIDEO_DRIVER_DUMMY 1
| #define SDL_VIDEO_DRIVER_OFFSCREEN 1
| #define SDL_AUDIO_DRIVER_DISK 1
| #define SDL_AUDIO_DRIVER_DUMMY 1
| #define DYNAPI_NEEDS_DLOPEN 1
| #define HAVE_DLOPEN 1
| #define SDL_LOADSO_DLOPEN 1
| #define HAVE_O_CLOEXEC 1
| #define SDL_AUDIO_DRIVER_OSS 1
| #define HAVE_LIBASOUND 1
| #define SDL_AUDIO_DRIVER_ALSA 1
| #define SDL_AUDIO_DRIVER_ALSA_DYNAMIC "libasound.so.2"
| #define SDL_AUDIO_DRIVER_PIPEWIRE 1
| #define SDL_AUDIO_DRIVER_PIPEWIRE_DYNAMIC "libpipewire-0.3.so.0"
| #define SDL_AUDIO_DRIVER_PULSEAUDIO 1
| #define SDL_AUDIO_DRIVER_PULSEAUDIO_DYNAMIC "libpulse.so.0"
| #define SDL_AUDIO_DRIVER_JACK 1
| #define SDL_AUDIO_DRIVER_JACK_DYNAMIC "libjack.so.0"
| #define SDL_AUDIO_DRIVER_SNDIO_DYNAMIC "libsndio.so.7"
| #define SDL_AUDIO_DRIVER_SNDIO 1
| #define HAVE_LIBSAMPLERATE_H 1
| #define SDL_LIBSAMPLERATE_DYNAMIC "libsamplerate.so.0"
| #define SDL_VIDEO_DRIVER_X11 1
| #define SDL_VIDEO_DRIVER_X11_DYNAMIC "libX11.so.6"
| #define SDL_VIDEO_DRIVER_X11_DYNAMIC_XEXT "libXext.so.6"
| #define SDL_VIDEO_DRIVER_X11_SUPPORTS_GENERIC_EVENTS 1
| #define SDL_VIDEO_DRIVER_X11_HAS_XKBKEYCODETOKEYSYM 1
| #define SDL_VIDEO_DRIVER_X11_DYNAMIC_XCURSOR "libXcursor.so.1"
| #define SDL_VIDEO_DRIVER_X11_XCURSOR 1
| #define SDL_VIDEO_DRIVER_X11_XDBE 1
| #define SDL_VIDEO_DRIVER_X11_DYNAMIC_XINPUT2 "libXi.so.6"
| #define SDL_VIDEO_DRIVER_X11_XINPUT2 1
| #define SDL_VIDEO_DRIVER_X11_XINPUT2_SUPPORTS_MULTITOUCH 1
| #define SDL_VIDEO_DRIVER_X11_DYNAMIC_XFIXES "libXfixes.so.3"
| #define SDL_VIDEO_DRIVER_X11_XFIXES 1
| #define SDL_VIDEO_DRIVER_X11_DYNAMIC_XRANDR "libXrandr.so.2"
| #define SDL_VIDEO_DRIVER_X11_XRANDR 1
| #define SDL_VIDEO_DRIVER_X11_DYNAMIC_XSS "libXss.so.1"
| #define SDL_VIDEO_DRIVER_X11_XSCRNSAVER 1
| #define SDL_VIDEO_DRIVER_X11_XSHAPE 1
| #define SDL_VIDEO_OPENGL_EGL 1
| #define SDL_VIDEO_DRIVER_KMSDRM 1
| #define SDL_VIDEO_DRIVER_KMSDRM_DYNAMIC "libdrm.so.2"
| #define SDL_VIDEO_DRIVER_KMSDRM_DYNAMIC_GBM "libgbm.so.1"
| #define HAVE_KMSDRM_SHARED "TRUE"
| #define SDL_VIDEO_OPENGL 1
| #define SDL_VIDEO_OPENGL_GLX 1
| #define SDL_VIDEO_OPENGL 1
| #define SDL_VIDEO_RENDER_OGL 1
| #define SDL_VIDEO_OPENGL_ES2 1
| #define SDL_VIDEO_RENDER_OGL_ES2 1
| #define SDL_VIDEO_VULKAN 1
| #define SDL_VIDEO_DRIVER_WAYLAND 1
| #define SDL_VIDEO_DRIVER_WAYLAND_QT_TOUCH 1
| #define SDL_VIDEO_DRIVER_WAYLAND_DYNAMIC "libwayland-client.so.0"
| #define SDL_VIDEO_DRIVER_WAYLAND_DYNAMIC_EGL "libwayland-egl.so.1"
| #define SDL_VIDEO_DRIVER_WAYLAND_DYNAMIC_CURSOR "libwayland-cursor.so.0"
| #define SDL_VIDEO_DRIVER_WAYLAND_DYNAMIC_XKBCOMMON "libxkbcommon.so.0"
| #define HAVE_LIBDECOR_H 1
| #define SDL_VIDEO_DRIVER_WAYLAND_DYNAMIC_LIBDECOR "libdecor-0.so.0"
| #define HAVE_DECL_LIBDECOR_FRAME_GET_MIN_CONTENT_SIZE 1
| #define HAVE_DECL_LIBDECOR_FRAME_GET_MAX_CONTENT_SIZE 1
| #define SDL_HAVE_LIBDECOR_GET_MIN_MAX 1
| #define HAVE_LINUX_INPUT_H 1
| #define SDL_INPUT_LINUXEV 1
| #define HAVE_LIBUDEV_H 1
| #define SDL_UDEV_DYNAMIC "libudev.so.1"
| #define HAVE_DBUS_DBUS_H 1
| #define SDL_USE_IME 1
| #define HAVE_SYS_INOTIFY_H 1
| #define HAVE_INOTIFY_INIT 1
| #define HAVE_INOTIFY_INIT1 1
| #define HAVE_INOTIFY 1
| #define HAVE_FCITX 1
| #define SDL_INPUT_LINUXKD 1
| #define SDL_JOYSTICK_HIDAPI 1
| #define SDL_THREAD_PTHREAD 1
| #define SDL_THREAD_PTHREAD_RECURSIVE_MUTEX 1
| #define HAVE_SEM_TIMEDWAIT 1
| #define HAVE_PTHREAD_SETNAME_NP 1
| #define HAVE_CLOCK_GETTIME 1
| /* end confdefs.h.  */
| 
|           #define LINUX
|           #define EGL_API_FB
|           #include <gc_vdk.h>
| 
| int
| main (void)
| {
| 
|   ;
|   return 0;
| }
configure:25384: result: no
configure:25387: checking for Vivante FB API
configure:25405: gcc -c -g -O2 -Iinclude -I/home/kai/SDl2/include -idirafter /home/kai/SDl2/src/video/khronos    -Iinclude -I/home/kai/SDl2/include -idirafter /home/kai/SDl2/src/video/khronos  conftest.c >&5
conftest.c:236:20: fatal error: EGL/eglvivante.h: No such file or directory
  236 |           #include <EGL/eglvivante.h>
      |                    ^~~~~~~~~~~~~~~~~~
compilation terminated.
configure:25405: $? = 1
configure: failed program was:
| /* confdefs.h */
| #define PACKAGE_NAME ""
| #define PACKAGE_TARNAME ""
| #define PACKAGE_VERSION ""
| #define PACKAGE_STRING ""
| #define PACKAGE_BUGREPORT ""
| #define PACKAGE_URL ""
| #define HAVE_STDIO_H 1
| #define HAVE_STDLIB_H 1
| #define HAVE_STRING_H 1
| #define HAVE_INTTYPES_H 1
| #define HAVE_STDINT_H 1
| #define HAVE_STRINGS_H 1
| #define HAVE_SYS_STAT_H 1
| #define HAVE_SYS_TYPES_H 1
| #define HAVE_UNISTD_H 1
| #define STDC_HEADERS 1
| #define HAVE_DLFCN_H 1
| #define LT_OBJDIR ".libs/"
| #define HAVE_LIBC 1
| #define HAVE_SYS_TYPES_H 1
| #define HAVE_STDIO_H 1
| #define HAVE_STDLIB_H 1
| #define HAVE_STDDEF_H 1
| #define HAVE_STDARG_H 1
| #define HAVE_MALLOC_H 1
| #define HAVE_MEMORY_H 1
| #define HAVE_STRING_H 1
| #define HAVE_STRINGS_H 1
| #define HAVE_WCHAR_H 1
| #define HAVE_INTTYPES_H 1
| #define HAVE_STDINT_H 1
| #define HAVE_LIMITS_H 1
| #define HAVE_CTYPE_H 1
| #define HAVE_MATH_H 1
| #define HAVE_FLOAT_H 1
| #define HAVE_ICONV_H 1
| #define HAVE_SIGNAL_H 1
| #define HAVE_M_PI /**/
| #define HAVE_ALLOCA_H 1
| #define HAVE_ALLOCA 1
| #define HAVE_MPROTECT 1
| #define HAVE_MALLOC 1
| #define HAVE_CALLOC 1
| #define HAVE_REALLOC 1
| #define HAVE_FREE 1
| #define HAVE_GETENV 1
| #define HAVE_SETENV 1
| #define HAVE_PUTENV 1
| #define HAVE_UNSETENV 1
| #define HAVE_BSEARCH 1
| #define HAVE_QSORT 1
| #define HAVE_ABS 1
| #define HAVE_BCOPY 1
| #define HAVE_MEMSET 1
| #define HAVE_MEMCMP 1
| #define HAVE_MEMCPY 1
| #define HAVE_MEMMOVE 1
| #define HAVE_WCSLEN 1
| #define HAVE_WCSLCPY 1
| #define HAVE_WCSLCAT 1
| #define HAVE_WCSDUP 1
| #define HAVE_WCSSTR 1
| #define HAVE_WCSCMP 1
| #define HAVE_WCSNCMP 1
| #define HAVE_WCSCASECMP 1
| #define HAVE_WCSNCASECMP 1
| #define HAVE_STRLEN 1
| #define HAVE_STRLCPY 1
| #define HAVE_STRLCAT 1
| #define HAVE_INDEX 1
| #define HAVE_RINDEX 1
| #define HAVE_STRCHR 1
| #define HAVE_STRRCHR 1
| #define HAVE_STRSTR 1
| #define HAVE_STRTOK_R 1
| #define HAVE_STRTOD 1
| #define HAVE_STRTOL 1
| #define HAVE_STRTOUL 1
| #define HAVE_STRTOLL 1
| #define HAVE_STRTOULL 1
| #define HAVE_ATOI 1
| #define HAVE_ATOF 1
| #define HAVE_STRCMP 1
| #define HAVE_STRNCMP 1
| #define HAVE_STRCASECMP 1
| #define HAVE_STRNCASECMP 1
| #define HAVE_STRCASESTR 1
| #define HAVE_VSSCANF 1
| #define HAVE_VSNPRINTF 1
| #define HAVE_FOPEN64 1
| #define HAVE_FSEEKO 1
| #define HAVE_FSEEKO64 1
| #define HAVE_SIGACTION 1
| #define HAVE_SIGTIMEDWAIT 1
| #define HAVE_SETJMP 1
| #define HAVE_NANOSLEEP 1
| #define HAVE_SYSCONF 1
| #define HAVE_GETAUXVAL 1
| #define HAVE_POLL 1
| #define HAVE_MEMFD_CREATE 1
| #define HAVE_POSIX_FALLOCATE 1
| #define HAVE__EXIT 1
| #define HAVE_ACOS 1
| #define HAVE_ACOSF 1
| #define HAVE_ASIN 1
| #define HAVE_ASINF 1
| #define HAVE_ATAN 1
| #define HAVE_ATANF 1
| #define HAVE_ATAN2 1
| #define HAVE_ATAN2F 1
| #define HAVE_CEIL 1
| #define HAVE_CEILF 1
| #define HAVE_COPYSIGN 1
| #define HAVE_COPYSIGNF 1
| #define HAVE_COS 1
| #define HAVE_COSF 1
| #define HAVE_EXP 1
| #define HAVE_EXPF 1
| #define HAVE_FABS 1
| #define HAVE_FABSF 1
| #define HAVE_FLOOR 1
| #define HAVE_FLOORF 1
| #define HAVE_TRUNC 1
| #define HAVE_TRUNCF 1
| #define HAVE_FMOD 1
| #define HAVE_FMODF 1
| #define HAVE_LOG 1
| #define HAVE_LOGF 1
| #define HAVE_LOG10 1
| #define HAVE_LOG10F 1
| #define HAVE_LROUND 1
| #define HAVE_LROUNDF 1
| #define HAVE_POW 1
| #define HAVE_POWF 1
| #define HAVE_ROUND 1
| #define HAVE_ROUNDF 1
| #define HAVE_SCALBN 1
| #define HAVE_SCALBNF 1
| #define HAVE_SIN 1
| #define HAVE_SINF 1
| #define HAVE_SQRT 1
| #define HAVE_SQRTF 1
| #define HAVE_TAN 1
| #define HAVE_TANF 1
| #define HAVE_ICONV 1
| #define HAVE_SA_SIGACTION 1
| #define HAVE_LIBUNWIND_H 1
| #define HAVE_GCC_ATOMICS 1
| #define HAVE_IMMINTRIN_H 1
| #define SDL_VIDEO_DRIVER_DUMMY 1
| #define SDL_VIDEO_DRIVER_OFFSCREEN 1
| #define SDL_AUDIO_DRIVER_DISK 1
| #define SDL_AUDIO_DRIVER_DUMMY 1
| #define DYNAPI_NEEDS_DLOPEN 1
| #define HAVE_DLOPEN 1
| #define SDL_LOADSO_DLOPEN 1
| #define HAVE_O_CLOEXEC 1
| #define SDL_AUDIO_DRIVER_OSS 1
| #define HAVE_LIBASOUND 1
| #define SDL_AUDIO_DRIVER_ALSA 1
| #define SDL_AUDIO_DRIVER_ALSA_DYNAMIC "libasound.so.2"
| #define SDL_AUDIO_DRIVER_PIPEWIRE 1
| #define SDL_AUDIO_DRIVER_PIPEWIRE_DYNAMIC "libpipewire-0.3.so.0"
| #define SDL_AUDIO_DRIVER_PULSEAUDIO 1
| #define SDL_AUDIO_DRIVER_PULSEAUDIO_DYNAMIC "libpulse.so.0"
| #define SDL_AUDIO_DRIVER_JACK 1
| #define SDL_AUDIO_DRIVER_JACK_DYNAMIC "libjack.so.0"
| #define SDL_AUDIO_DRIVER_SNDIO_DYNAMIC "libsndio.so.7"
| #define SDL_AUDIO_DRIVER_SNDIO 1
| #define HAVE_LIBSAMPLERATE_H 1
| #define SDL_LIBSAMPLERATE_DYNAMIC "libsamplerate.so.0"
| #define SDL_VIDEO_DRIVER_X11 1
| #define SDL_VIDEO_DRIVER_X11_DYNAMIC "libX11.so.6"
| #define SDL_VIDEO_DRIVER_X11_DYNAMIC_XEXT "libXext.so.6"
| #define SDL_VIDEO_DRIVER_X11_SUPPORTS_GENERIC_EVENTS 1
| #define SDL_VIDEO_DRIVER_X11_HAS_XKBKEYCODETOKEYSYM 1
| #define SDL_VIDEO_DRIVER_X11_DYNAMIC_XCURSOR "libXcursor.so.1"
| #define SDL_VIDEO_DRIVER_X11_XCURSOR 1
| #define SDL_VIDEO_DRIVER_X11_XDBE 1
| #define SDL_VIDEO_DRIVER_X11_DYNAMIC_XINPUT2 "libXi.so.6"
| #define SDL_VIDEO_DRIVER_X11_XINPUT2 1
| #define SDL_VIDEO_DRIVER_X11_XINPUT2_SUPPORTS_MULTITOUCH 1
| #define SDL_VIDEO_DRIVER_X11_DYNAMIC_XFIXES "libXfixes.so.3"
| #define SDL_VIDEO_DRIVER_X11_XFIXES 1
| #define SDL_VIDEO_DRIVER_X11_DYNAMIC_XRANDR "libXrandr.so.2"
| #define SDL_VIDEO_DRIVER_X11_XRANDR 1
| #define SDL_VIDEO_DRIVER_X11_DYNAMIC_XSS "libXss.so.1"
| #define SDL_VIDEO_DRIVER_X11_XSCRNSAVER 1
| #define SDL_VIDEO_DRIVER_X11_XSHAPE 1
| #define SDL_VIDEO_OPENGL_EGL 1
| #define SDL_VIDEO_DRIVER_KMSDRM 1
| #define SDL_VIDEO_DRIVER_KMSDRM_DYNAMIC "libdrm.so.2"
| #define SDL_VIDEO_DRIVER_KMSDRM_DYNAMIC_GBM "libgbm.so.1"
| #define HAVE_KMSDRM_SHARED "TRUE"
| #define SDL_VIDEO_OPENGL 1
| #define SDL_VIDEO_OPENGL_GLX 1
| #define SDL_VIDEO_OPENGL 1
| #define SDL_VIDEO_RENDER_OGL 1
| #define SDL_VIDEO_OPENGL_ES2 1
| #define SDL_VIDEO_RENDER_OGL_ES2 1
| #define SDL_VIDEO_VULKAN 1
| #define SDL_VIDEO_DRIVER_WAYLAND 1
| #define SDL_VIDEO_DRIVER_WAYLAND_QT_TOUCH 1
| #define SDL_VIDEO_DRIVER_WAYLAND_DYNAMIC "libwayland-client.so.0"
| #define SDL_VIDEO_DRIVER_WAYLAND_DYNAMIC_EGL "libwayland-egl.so.1"
| #define SDL_VIDEO_DRIVER_WAYLAND_DYNAMIC_CURSOR "libwayland-cursor.so.0"
| #define SDL_VIDEO_DRIVER_WAYLAND_DYNAMIC_XKBCOMMON "libxkbcommon.so.0"
| #define HAVE_LIBDECOR_H 1
| #define SDL_VIDEO_DRIVER_WAYLAND_DYNAMIC_LIBDECOR "libdecor-0.so.0"
| #define HAVE_DECL_LIBDECOR_FRAME_GET_MIN_CONTENT_SIZE 1
| #define HAVE_DECL_LIBDECOR_FRAME_GET_MAX_CONTENT_SIZE 1
| #define SDL_HAVE_LIBDECOR_GET_MIN_MAX 1
| #define HAVE_LINUX_INPUT_H 1
| #define SDL_INPUT_LINUXEV 1
| #define HAVE_LIBUDEV_H 1
| #define SDL_UDEV_DYNAMIC "libudev.so.1"
| #define HAVE_DBUS_DBUS_H 1
| #define SDL_USE_IME 1
| #define HAVE_SYS_INOTIFY_H 1
| #define HAVE_INOTIFY_INIT 1
| #define HAVE_INOTIFY_INIT1 1
| #define HAVE_INOTIFY 1
| #define HAVE_FCITX 1
| #define SDL_INPUT_LINUXKD 1
| #define SDL_JOYSTICK_HIDAPI 1
| #define SDL_THREAD_PTHREAD 1
| #define SDL_THREAD_PTHREAD_RECURSIVE_MUTEX 1
| #define HAVE_SEM_TIMEDWAIT 1
| #define HAVE_PTHREAD_SETNAME_NP 1
| #define HAVE_CLOCK_GETTIME 1
| /* end confdefs.h.  */
| 
|           #define LINUX
|           #define EGL_API_FB
|           #include <EGL/eglvivante.h>
| 
| int
| main (void)
| {
| 
|   ;
|   return 0;
| }
configure:25410: result: no
configure:29775: checking whether to install sdl2-config
configure:29790: result: yes
configure:29972: checking for linker option --enable-new-dtags
configure:29988: gcc -o conftest -g -O2 -Iinclude -I/home/kai/SDl2/include -idirafter /home/kai/SDl2/src/video/khronos    -Iinclude -I/home/kai/SDl2/include -idirafter /home/kai/SDl2/src/video/khronos    -Wl,--enable-new-dtags conftest.c  -lm >&5
configure:29988: $? = 0
configure:29998: result: yes
configure:30352: creating ./config.status

## ---------------------- ##
## Running config.status. ##
## ---------------------- ##

This file was extended by config.status, which was
generated by GNU Autoconf 2.71.  Invocation command line was

  CONFIG_FILES    = 
  CONFIG_HEADERS  = 
  CONFIG_LINKS    = 
  CONFIG_COMMANDS = 
  $ ./config.status 

on archlinux

config.status:1520: creating Makefile
config.status:1520: creating sdl2-config
config.status:1520: creating sdl2-config.cmake
config.status:1520: creating sdl2-config-version.cmake
config.status:1520: creating SDL2.spec
config.status:1520: creating sdl2.pc
config.status:1520: creating include/SDL_config.h
config.status:1694: executing libtool commands
config.status:1694: executing sdl2_config commands
config.status:1694: executing summary commands

## ---------------- ##
## Cache variables. ##
## ---------------- ##

ac_cv_build=x86_64-pc-linux-gnu
ac_cv_c_compiler_gnu=yes
ac_cv_c_const=yes
ac_cv_c_inline=inline
ac_cv_c_undeclared_builtin_options='none needed'
ac_cv_c_volatile=yes
ac_cv_cxx_compiler_gnu=yes
ac_cv_define_M_PI=yes
ac_cv_env_CCC_set=
ac_cv_env_CCC_value=
ac_cv_env_CC_set=
ac_cv_env_CC_value=
ac_cv_env_CFLAGS_set=
ac_cv_env_CFLAGS_value=
ac_cv_env_CPPFLAGS_set=
ac_cv_env_CPPFLAGS_value=
ac_cv_env_CPP_set=
ac_cv_env_CPP_value=
ac_cv_env_CXXCPP_set=
ac_cv_env_CXXCPP_value=
ac_cv_env_CXXFLAGS_set=
ac_cv_env_CXXFLAGS_value=
ac_cv_env_CXX_set=
ac_cv_env_CXX_value=
ac_cv_env_DBUS_CFLAGS_set=
ac_cv_env_DBUS_CFLAGS_value=
ac_cv_env_DBUS_LIBS_set=
ac_cv_env_DBUS_LIBS_value=
ac_cv_env_DECOR_CFLAGS_set=
ac_cv_env_DECOR_CFLAGS_value=
ac_cv_env_DECOR_LIBS_set=
ac_cv_env_DECOR_LIBS_value=
ac_cv_env_DIRECTFB_CFLAGS_set=
ac_cv_env_DIRECTFB_CFLAGS_value=
ac_cv_env_DIRECTFB_LIBS_set=
ac_cv_env_DIRECTFB_LIBS_value=
ac_cv_env_ESD_CFLAGS_set=
ac_cv_env_ESD_CFLAGS_value=
ac_cv_env_ESD_LIBS_set=
ac_cv_env_ESD_LIBS_value=
ac_cv_env_FUSIONSOUND_CFLAGS_set=
ac_cv_env_FUSIONSOUND_CFLAGS_value=
ac_cv_env_FUSIONSOUND_LIBS_set=
ac_cv_env_FUSIONSOUND_LIBS_value=
ac_cv_env_IBUS_CFLAGS_set=
ac_cv_env_IBUS_CFLAGS_value=
ac_cv_env_IBUS_LIBS_set=
ac_cv_env_IBUS_LIBS_value=
ac_cv_env_JACK_CFLAGS_set=
ac_cv_env_JACK_CFLAGS_value=
ac_cv_env_JACK_LIBS_set=
ac_cv_env_JACK_LIBS_value=
ac_cv_env_LDFLAGS_set=
ac_cv_env_LDFLAGS_value=
ac_cv_env_LIBDRM_CFLAGS_set=
ac_cv_env_LIBDRM_CFLAGS_value=
ac_cv_env_LIBDRM_LIBS_set=
ac_cv_env_LIBDRM_LIBS_value=
ac_cv_env_LIBGBM_CFLAGS_set=
ac_cv_env_LIBGBM_CFLAGS_value=
ac_cv_env_LIBGBM_LIBS_set=
ac_cv_env_LIBGBM_LIBS_value=
ac_cv_env_LIBS_set=
ac_cv_env_LIBS_value=
ac_cv_env_LIBUSB_CFLAGS_set=
ac_cv_env_LIBUSB_CFLAGS_value=
ac_cv_env_LIBUSB_LIBS_set=
ac_cv_env_LIBUSB_LIBS_value=
ac_cv_env_LT_SYS_LIBRARY_PATH_set=
ac_cv_env_LT_SYS_LIBRARY_PATH_value=
ac_cv_env_PIPEWIRE_CFLAGS_set=
ac_cv_env_PIPEWIRE_CFLAGS_value=
ac_cv_env_PIPEWIRE_LIBS_set=
ac_cv_env_PIPEWIRE_LIBS_value=
ac_cv_env_PKG_CONFIG_LIBDIR_set=
ac_cv_env_PKG_CONFIG_LIBDIR_value=
ac_cv_env_PKG_CONFIG_PATH_set=
ac_cv_env_PKG_CONFIG_PATH_value=
ac_cv_env_PKG_CONFIG_set=
ac_cv_env_PKG_CONFIG_value=
ac_cv_env_PULSEAUDIO_CFLAGS_set=
ac_cv_env_PULSEAUDIO_CFLAGS_value=
ac_cv_env_PULSEAUDIO_LIBS_set=
ac_cv_env_PULSEAUDIO_LIBS_value=
ac_cv_env_RPI_CFLAGS_set=
ac_cv_env_RPI_CFLAGS_value=
ac_cv_env_RPI_EGL_CFLAGS_set=
ac_cv_env_RPI_EGL_CFLAGS_value=
ac_cv_env_RPI_EGL_LIBS_set=
ac_cv_env_RPI_EGL_LIBS_value=
ac_cv_env_RPI_LIBS_set=
ac_cv_env_RPI_LIBS_value=
ac_cv_env_SNDIO_CFLAGS_set=
ac_cv_env_SNDIO_CFLAGS_value=
ac_cv_env_SNDIO_LIBS_set=
ac_cv_env_SNDIO_LIBS_value=
ac_cv_env_XMKMF_set=
ac_cv_env_XMKMF_value=
ac_cv_env_build_alias_set=
ac_cv_env_build_alias_value=
ac_cv_env_host_alias_set=
ac_cv_env_host_alias_value=
ac_cv_env_target_alias_set=
ac_cv_env_target_alias_value=
ac_cv_func__Exit=yes
ac_cv_func__i64toa=no
ac_cv_func__ltoa=no
ac_cv_func__stricmp=no
ac_cv_func__strlwr=no
ac_cv_func__strnicmp=no
ac_cv_func__strrev=no
ac_cv_func__strupr=no
ac_cv_func__ui64toa=no
ac_cv_func__uitoa=no
ac_cv_func__ultoa=no
ac_cv_func__wcsdup=no
ac_cv_func__wcsicmp=no
ac_cv_func__wcsnicmp=no
ac_cv_func_abs=yes
ac_cv_func_acos=yes
ac_cv_func_acosf=yes
ac_cv_func_alloca_works=yes
ac_cv_func_asin=yes
ac_cv_func_asinf=yes
ac_cv_func_atan2=yes
ac_cv_func_atan2f=yes
ac_cv_func_atan=yes
ac_cv_func_atanf=yes
ac_cv_func_atof=yes
ac_cv_func_atoi=yes
ac_cv_func_bcopy=yes
ac_cv_func_bsearch=yes
ac_cv_func_calloc=yes
ac_cv_func_ceil=yes
ac_cv_func_ceilf=yes
ac_cv_func_connect=yes
ac_cv_func_copysign=yes
ac_cv_func_copysignf=yes
ac_cv_func_cos=yes
ac_cv_func_cosf=yes
ac_cv_func_elf_aux_info=no
ac_cv_func_exp=yes
ac_cv_func_expf=yes
ac_cv_func_fabs=yes
ac_cv_func_fabsf=yes
ac_cv_func_floor=yes
ac_cv_func_floorf=yes
ac_cv_func_fmod=yes
ac_cv_func_fmodf=yes
ac_cv_func_fopen64=yes
ac_cv_func_free=yes
ac_cv_func_fseeko64=yes
ac_cv_func_fseeko=yes
ac_cv_func_getauxval=yes
ac_cv_func_getenv=yes
ac_cv_func_gethostbyname=yes
ac_cv_func_index=yes
ac_cv_func_inotify_init1=yes
ac_cv_func_inotify_init=yes
ac_cv_func_itoa=no
ac_cv_func_log10=yes
ac_cv_func_log10f=yes
ac_cv_func_log=yes
ac_cv_func_logf=yes
ac_cv_func_lround=yes
ac_cv_func_lroundf=yes
ac_cv_func_malloc=yes
ac_cv_func_memcmp=yes
ac_cv_func_memcpy=yes
ac_cv_func_memfd_create=yes
ac_cv_func_memmove=yes
ac_cv_func_memset=yes
ac_cv_func_mprotect=yes
ac_cv_func_nanosleep=yes
ac_cv_func_poll=yes
ac_cv_func_posix_fallocate=yes
ac_cv_func_pow=yes
ac_cv_func_powf=yes
ac_cv_func_putenv=yes
ac_cv_func_qsort=yes
ac_cv_func_realloc=yes
ac_cv_func_remove=yes
ac_cv_func_rindex=yes
ac_cv_func_round=yes
ac_cv_func_roundf=yes
ac_cv_func_scalbn=yes
ac_cv_func_scalbnf=yes
ac_cv_func_setenv=yes
ac_cv_func_setjmp=yes
ac_cv_func_shmat=yes
ac_cv_func_sigaction=yes
ac_cv_func_sigtimedwait=yes
ac_cv_func_sin=yes
ac_cv_func_sinf=yes
ac_cv_func_sqrt=yes
ac_cv_func_sqrtf=yes
ac_cv_func_strcasecmp=yes
ac_cv_func_strcasestr=yes
ac_cv_func_strchr=yes
ac_cv_func_strcmp=yes
ac_cv_func_strlcat=yes
ac_cv_func_strlcpy=yes
ac_cv_func_strlen=yes
ac_cv_func_strncasecmp=yes
ac_cv_func_strncmp=yes
ac_cv_func_strrchr=yes
ac_cv_func_strstr=yes
ac_cv_func_strtod=yes
ac_cv_func_strtok_r=yes
ac_cv_func_strtol=yes
ac_cv_func_strtoll=yes
ac_cv_func_strtoul=yes
ac_cv_func_strtoull=yes
ac_cv_func_sysconf=yes
ac_cv_func_sysctlbyname=no
ac_cv_func_tan=yes
ac_cv_func_tanf=yes
ac_cv_func_trunc=yes
ac_cv_func_truncf=yes
ac_cv_func_unsetenv=yes
ac_cv_func_vsnprintf=yes
ac_cv_func_vsscanf=yes
ac_cv_func_wcscasecmp=yes
ac_cv_func_wcscmp=yes
ac_cv_func_wcsdup=yes
ac_cv_func_wcslcat=yes
ac_cv_func_wcslcpy=yes
ac_cv_func_wcslen=yes
ac_cv_func_wcsncasecmp=yes
ac_cv_func_wcsncmp=yes
ac_cv_func_wcsstr=yes
ac_cv_have_decl_libdecor_frame_get_max_content_size=yes
ac_cv_have_decl_libdecor_frame_get_min_content_size=yes
ac_cv_have_x='have_x=yes	ac_x_includes='\'''\''	ac_x_libraries='\'''\'''
ac_cv_header_X11_Xcursor_Xcursor_h=yes
ac_cv_header_X11_extensions_XInput2_h=yes
ac_cv_header_X11_extensions_Xdbe_h=yes
ac_cv_header_X11_extensions_Xext_h=yes
ac_cv_header_X11_extensions_scrnsaver_h=yes
ac_cv_header_X11_extensions_shape_h=yes
ac_cv_header_audio_audiolib_h=no
ac_cv_header_ctype_h=yes
ac_cv_header_dbus_dbus_h=yes
ac_cv_header_dlfcn_h=yes
ac_cv_header_float_h=yes
ac_cv_header_ibus_1_0_ibus_h=no
ac_cv_header_iconv_h=yes
ac_cv_header_inttypes_h=yes
ac_cv_header_libudev_h=yes
ac_cv_header_libunwind_h=yes
ac_cv_header_limits_h=yes
ac_cv_header_linux_input_h=yes
ac_cv_header_linux_version_h=yes
ac_cv_header_malloc_h=yes
ac_cv_header_math_h=yes
ac_cv_header_memory_h=yes
ac_cv_header_pthread_np_h=no
ac_cv_header_samplerate_h=yes
ac_cv_header_signal_h=yes
ac_cv_header_stdarg_h=yes
ac_cv_header_stddef_h=yes
ac_cv_header_stdint_h=yes
ac_cv_header_stdio_h=yes
ac_cv_header_stdlib_h=yes
ac_cv_header_string_h=yes
ac_cv_header_strings_h=yes
ac_cv_header_sys_inotify_h=yes
ac_cv_header_sys_stat_h=yes
ac_cv_header_sys_types_h=yes
ac_cv_header_unistd_h=yes
ac_cv_header_wchar_h=yes
ac_cv_host=x86_64-pc-linux-gnu
ac_cv_lib_ICE_IceConnectionNumber=yes
ac_cv_lib_X11_XkbKeycodeToKeysym=yes
ac_cv_lib_asound_snd_ctl_open=yes
ac_cv_lib_audio_AuOpenServer=no
ac_cv_lib_c_clock_gettime=yes
ac_cv_lib_c_dlopen=yes
ac_cv_lib_m_pow=yes
ac_cv_member_struct_sigaction_sa_sigaction=yes
ac_cv_objext=o
ac_cv_path_EGREP='/usr/bin/grep -E'
ac_cv_path_ESD_CONFIG=no
ac_cv_path_FGREP='/usr/bin/grep -F'
ac_cv_path_GREP=/usr/bin/grep
ac_cv_path_SED=/usr/bin/sed
ac_cv_path_ac_pt_PKG_CONFIG=/usr/bin/pkg-config
ac_cv_path_install='/usr/bin/install -c'
ac_cv_path_lt_DD=/usr/bin/dd
ac_cv_prog_AWK=gawk
ac_cv_prog_CPP='gcc -E'
ac_cv_prog_CXXCPP='g++ -E'
ac_cv_prog_SORT=sort
ac_cv_prog_ac_ct_AR=ar
ac_cv_prog_ac_ct_CC=gcc
ac_cv_prog_ac_ct_CXX=g++
ac_cv_prog_ac_ct_OBJDUMP=objdump
ac_cv_prog_ac_ct_RANLIB=ranlib
ac_cv_prog_ac_ct_STRIP=strip
ac_cv_prog_cc_c11=
ac_cv_prog_cc_g=yes
ac_cv_prog_cc_stdc=
ac_cv_prog_cxx_11=no
ac_cv_prog_cxx_cxx11=
ac_cv_prog_cxx_g=yes
ac_cv_prog_cxx_stdcxx=
ac_cv_prog_make_make_set=yes
ac_cv_sys_file_offset_bits=no
ac_cv_sys_largefile_CC=no
ac_cv_type_size_t=yes
ac_cv_working_alloca_h=yes
lt_cv_ar_at_file=@
lt_cv_archive_cmds_need_lc=no
lt_cv_deplibs_check_method=pass_all
lt_cv_file_magic_cmd='$MAGIC_CMD'
lt_cv_file_magic_test_file=
lt_cv_ld_reload_flag=-r
lt_cv_nm_interface='BSD nm'
lt_cv_objdir=.libs
lt_cv_path_LD=/usr/bin/ld
lt_cv_path_LDCXX='/usr/bin/ld -m elf_x86_64'
lt_cv_path_NM='/usr/bin/nm -B'
lt_cv_path_mainfest_tool=no
lt_cv_prog_compiler_c_o=yes
lt_cv_prog_compiler_c_o_CXX=yes
lt_cv_prog_compiler_c_o_RC=yes
lt_cv_prog_compiler_pic='-fPIC -DPIC'
lt_cv_prog_compiler_pic_CXX='-fPIC -DPIC'
lt_cv_prog_compiler_pic_works=yes
lt_cv_prog_compiler_pic_works_CXX=yes
lt_cv_prog_compiler_rtti_exceptions=no
lt_cv_prog_compiler_static_works=yes
lt_cv_prog_compiler_static_works_CXX=yes
lt_cv_prog_gnu_ld=yes
lt_cv_prog_gnu_ldcxx=yes
lt_cv_sharedlib_from_linklib_cmd='printf %s\n'
lt_cv_shlibpath_overrides_runpath=yes
lt_cv_sys_global_symbol_pipe='sed -n -e '\''s/^.*[	 ]\([ABCDGIRSTW][ABCDGIRSTW]*\)[	 ][	 ]*\([_A-Za-z][_A-Za-z0-9]*\)$/\1 \2 \2/p'\'' | sed '\''/ __gnu_lto/d'\'''
lt_cv_sys_global_symbol_to_c_name_address='sed -n -e '\''s/^: \(.*\) .*$/  {"\1", (void *) 0},/p'\'' -e '\''s/^[ABCDGIRSTW][ABCDGIRSTW]* .* \(.*\)$/  {"\1", (void *) \&\1},/p'\'''
lt_cv_sys_global_symbol_to_c_name_address_lib_prefix='sed -n -e '\''s/^: \(.*\) .*$/  {"\1", (void *) 0},/p'\'' -e '\''s/^[ABCDGIRSTW][ABCDGIRSTW]* .* \(lib.*\)$/  {"\1", (void *) \&\1},/p'\'' -e '\''s/^[ABCDGIRSTW][ABCDGIRSTW]* .* \(.*\)$/  {"lib\1", (void *) \&\1},/p'\'''
lt_cv_sys_global_symbol_to_cdecl='sed -n -e '\''s/^T .* \(.*\)$/extern int \1();/p'\'' -e '\''s/^[ABCDGIRSTW][ABCDGIRSTW]* .* \(.*\)$/extern char \1;/p'\'''
lt_cv_sys_global_symbol_to_import=
lt_cv_sys_max_cmd_len=3145728
lt_cv_to_host_file_cmd=func_convert_file_noop
lt_cv_to_tool_file_cmd=func_convert_file_noop
lt_cv_truncate_bin='/usr/bin/dd bs=4096 count=1'
pkg_cv_DBUS_CFLAGS='-I/usr/include/dbus-1.0 -I/usr/lib/dbus-1.0/include'
pkg_cv_DBUS_LIBS=-ldbus-1
pkg_cv_DECOR_CFLAGS=-I/usr/include/libdecor-0
pkg_cv_DECOR_LIBS=-ldecor-0
pkg_cv_JACK_CFLAGS=-D_REENTRANT
pkg_cv_JACK_LIBS=-ljack
pkg_cv_LIBDRM_CFLAGS=-I/usr/include/libdrm
pkg_cv_LIBDRM_LIBS=-ldrm
pkg_cv_LIBGBM_CFLAGS=
pkg_cv_LIBGBM_LIBS=-lgbm
pkg_cv_PIPEWIRE_CFLAGS='-I/usr/include/pipewire-0.3 -I/usr/include/spa-0.2 -D_REENTRANT'
pkg_cv_PIPEWIRE_LIBS=-lpipewire-0.3
pkg_cv_PULSEAUDIO_CFLAGS=-D_REENTRANT
pkg_cv_PULSEAUDIO_LIBS='-lpulse -pthread'
pkg_cv_SNDIO_CFLAGS=
pkg_cv_SNDIO_LIBS=-lsndio

## ----------------- ##
## Output variables. ##
## ----------------- ##

ALLOCA=''
ALSA_CFLAGS=''
ALSA_LIBS=' -lasound -lm -ldl -lpthread'
AR='ar'
ARTSCONFIG=''
AS='as'
AWK='gawk'
BUILD_CFLAGS='-g -O3 -DUSING_GENERATED_CONFIG_H'
BUILD_LDFLAGS=' -Wl,--no-undefined'
CC='gcc'
CFLAGS='-g -O2 -Iinclude -I/home/kai/SDl2/include -idirafter /home/kai/SDl2/src/video/khronos  '
CPP='gcc -E'
CPPFLAGS=' -Iinclude -I/home/kai/SDl2/include -idirafter /home/kai/SDl2/src/video/khronos '
CXX='g++'
CXXCPP='g++ -E'
CXXFLAGS='-g -O2'
DBUS_CFLAGS='-I/usr/include/dbus-1.0 -I/usr/lib/dbus-1.0/include'
DBUS_LIBS='-ldbus-1'
DECOR_CFLAGS='-I/usr/include/libdecor-0'
DECOR_LIBS='-ldecor-0'
DEFS='-DHAVE_CONFIG_H'
DIRECTFB_CFLAGS=''
DIRECTFB_LIBS=''
DLLTOOL='false'
DSYMUTIL=''
DUMPBIN=''
ECHO_C=''
ECHO_N='-n'
ECHO_T=''
EGREP='/usr/bin/grep -E'
ENABLE_SHARED_FALSE='#'
ENABLE_SHARED_TRUE=''
ENABLE_STATIC_FALSE='#'
ENABLE_STATIC_TRUE=''
ESD_CFLAGS=''
ESD_CONFIG='no'
ESD_LIBS=''
EXEEXT=''
EXTRA_CFLAGS='-Iinclude -I/home/kai/SDl2/include -idirafter /home/kai/SDl2/src/video/khronos  -DSDL_BUILD_MAJOR_VERSION=2 -DSDL_BUILD_MINOR_VERSION=32 -DSDL_BUILD_MICRO_VERSION=10 -mmmx -msse -msse2 -msse3 -Wall -Wno-unused-local-typedefs -fno-strict-aliasing -fvisibility=hidden -Wdeclaration-after-statement -Werror=declaration-after-statement  -I/usr/include/pipewire-0.3 -I/usr/include/spa-0.2 -D_REENTRANT -D_REENTRANT -D_REENTRANT   -I/usr/include/libdrm   -I$(gen) -I/usr/include/libdecor-0 -I/usr/include/dbus-1.0 -I/usr/lib/dbus-1.0/include -D_REENTRANT -DHAVE_LINUX_VERSION_H'
EXTRA_LDFLAGS=' -lm -lpthread'
FGREP='/usr/bin/grep -F'
FUSIONSOUND_CFLAGS=''
FUSIONSOUND_LIBS=''
GEN_HEADERS=' $(gen)/cursor-shape-v1-client-protocol.h $(gen)/fractional-scale-v1-client-protocol.h $(gen)/idle-inhibit-unstable-v1-client-protocol.h $(gen)/keyboard-shortcuts-inhibit-unstable-v1-client-protocol.h $(gen)/pointer-constraints-unstable-v1-client-protocol.h $(gen)/primary-selection-unstable-v1-client-protocol.h $(gen)/relative-pointer-unstable-v1-client-protocol.h $(gen)/tablet-unstable-v2-client-protocol.h $(gen)/text-input-unstable-v3-client-protocol.h $(gen)/viewporter-client-protocol.h $(gen)/wayland-client-protocol.h $(gen)/xdg-activation-v1-client-protocol.h $(gen)/xdg-decoration-unstable-v1-client-protocol.h $(gen)/xdg-output-unstable-v1-client-protocol.h $(gen)/xdg-shell-client-protocol.h $(gen)/xdg-toplevel-icon-v1-client-protocol.h '
GEN_OBJECTS=' $(objects)/cursor-shape-v1-protocol.lo $(objects)/fractional-scale-v1-protocol.lo $(objects)/idle-inhibit-unstable-v1-protocol.lo $(objects)/keyboard-shortcuts-inhibit-unstable-v1-protocol.lo $(objects)/pointer-constraints-unstable-v1-protocol.lo $(objects)/primary-selection-unstable-v1-protocol.lo $(objects)/relative-pointer-unstable-v1-protocol.lo $(objects)/tablet-unstable-v2-protocol.lo $(objects)/text-input-unstable-v3-protocol.lo $(objects)/viewporter-protocol.lo $(objects)/wayland-protocol.lo $(objects)/xdg-activation-v1-protocol.lo $(objects)/xdg-decoration-unstable-v1-protocol.lo $(objects)/xdg-output-unstable-v1-protocol.lo $(objects)/xdg-shell-protocol.lo $(objects)/xdg-toplevel-icon-v1-protocol.lo '
GREP='/usr/bin/grep'
IBUS_CFLAGS=''
IBUS_LIBS=''
INCLUDE='-Iinclude -I/home/kai/SDl2/include -idirafter /home/kai/SDl2/src/video/khronos'
INSTALL_DATA='${INSTALL} -m 644'
INSTALL_PROGRAM='${INSTALL}'
INSTALL_SCRIPT='${INSTALL}'
INSTALL_SDL2_CONFIG='TRUE'
JACK_CFLAGS='-D_REENTRANT'
JACK_LIBS='-ljack'
LD='/usr/bin/ld -m elf_x86_64'
LDFLAGS=' '
LIBDRM_CFLAGS='-I/usr/include/libdrm'
LIBDRM_LIBS='-ldrm'
LIBGBM_CFLAGS=''
LIBGBM_LIBS='-lgbm'
LIBOBJS=''
LIBS=' -lm'
LIBTOOL='$(SHELL) $(top_builddir)/libtool'
LIBTOOLLINKERTAG='CC'
LIBUSB_CFLAGS=''
LIBUSB_LIBS=''
LINKER='$(CC)'
LIPO=''
LN_S='ln -s'
LTLIBOBJS=''
LT_AGE='3200'
LT_CURRENT='3200'
LT_RELEASE='2.0'
LT_REVISION='10'
LT_SYS_LIBRARY_PATH=''
Libs.private:'
MANIFEST_TOOL=':'
NM='/usr/bin/nm -B'
NMEDIT=''
OBJDUMP='objdump'
OBJECTS='$(objects)/SDL.lo $(objects)/SDL_assert.lo $(objects)/SDL_dataqueue.lo $(objects)/SDL_error.lo $(objects)/SDL_guid.lo $(objects)/SDL_hints.lo $(objects)/SDL_list.lo $(objects)/SDL_log.lo $(objects)/SDL_utils.lo $(objects)/SDL_atomic.lo $(objects)/SDL_spinlock.lo $(objects)/SDL_audio.lo $(objects)/SDL_audiocvt.lo $(objects)/SDL_audiodev.lo $(objects)/SDL_audiotypecvt.lo $(objects)/SDL_mixer.lo $(objects)/SDL_wave.lo $(objects)/SDL_cpuinfo.lo $(objects)/SDL_dynapi.lo $(objects)/SDL_clipboardevents.lo $(objects)/SDL_displayevents.lo $(objects)/SDL_dropevents.lo $(objects)/SDL_events.lo $(objects)/SDL_gesture.lo $(objects)/SDL_keyboard.lo $(objects)/SDL_keysym_to_scancode.lo $(objects)/SDL_mouse.lo $(objects)/SDL_quit.lo $(objects)/SDL_scancode_tables.lo $(objects)/SDL_touch.lo $(objects)/SDL_windowevents.lo $(objects)/imKStoUCS.lo $(objects)/SDL_rwops.lo $(objects)/SDL_haptic.lo $(objects)/SDL_hidapi.lo $(objects)/SDL_gamecontroller.lo $(objects)/SDL_joystick.lo $(objects)/SDL_steam_virtual_gamepad.lo $(objects)/controller_type.lo $(objects)/e_atan2.lo $(objects)/e_exp.lo $(objects)/e_fmod.lo $(objects)/e_log.lo $(objects)/e_log10.lo $(objects)/e_pow.lo $(objects)/e_rem_pio2.lo $(objects)/e_sqrt.lo $(objects)/k_cos.lo $(objects)/k_rem_pio2.lo $(objects)/k_sin.lo $(objects)/k_tan.lo $(objects)/s_atan.lo $(objects)/s_copysign.lo $(objects)/s_cos.lo $(objects)/s_fabs.lo $(objects)/s_floor.lo $(objects)/s_scalbn.lo $(objects)/s_sin.lo $(objects)/s_tan.lo $(objects)/SDL_url.lo $(objects)/SDL_power.lo $(objects)/SDL_d3dmath.lo $(objects)/SDL_render.lo $(objects)/SDL_yuv_sw.lo $(objects)/SDL_render_d3d.lo $(objects)/SDL_shaders_d3d.lo $(objects)/SDL_render_d3d11.lo $(objects)/SDL_shaders_d3d11.lo $(objects)/SDL_render_d3d12.lo $(objects)/SDL_shaders_d3d12.lo $(objects)/SDL_render_gl.lo $(objects)/SDL_shaders_gl.lo $(objects)/SDL_render_gles.lo $(objects)/SDL_render_gles2.lo $(objects)/SDL_shaders_gles2.lo $(objects)/SDL_render_ps2.lo $(objects)/SDL_render_psp.lo $(objects)/SDL_blendfillrect.lo $(objects)/SDL_blendline.lo $(objects)/SDL_blendpoint.lo $(objects)/SDL_drawline.lo $(objects)/SDL_drawpoint.lo $(objects)/SDL_render_sw.lo $(objects)/SDL_rotate.lo $(objects)/SDL_triangle.lo $(objects)/SDL_render_vita_gxm.lo $(objects)/SDL_render_vita_gxm_memory.lo $(objects)/SDL_render_vita_gxm_tools.lo $(objects)/SDL_sensor.lo $(objects)/SDL_crc16.lo $(objects)/SDL_crc32.lo $(objects)/SDL_getenv.lo $(objects)/SDL_iconv.lo $(objects)/SDL_malloc.lo $(objects)/SDL_mslibc.lo $(objects)/SDL_qsort.lo $(objects)/SDL_stdlib.lo $(objects)/SDL_string.lo $(objects)/SDL_strtokr.lo $(objects)/SDL_thread.lo $(objects)/SDL_timer.lo $(objects)/SDL_RLEaccel.lo $(objects)/SDL_blit.lo $(objects)/SDL_blit_0.lo $(objects)/SDL_blit_1.lo $(objects)/SDL_blit_A.lo $(objects)/SDL_blit_N.lo $(objects)/SDL_blit_auto.lo $(objects)/SDL_blit_copy.lo $(objects)/SDL_blit_slow.lo $(objects)/SDL_bmp.lo $(objects)/SDL_clipboard.lo $(objects)/SDL_egl.lo $(objects)/SDL_fillrect.lo $(objects)/SDL_pixels.lo $(objects)/SDL_rect.lo $(objects)/SDL_shape.lo $(objects)/SDL_stretch.lo $(objects)/SDL_surface.lo $(objects)/SDL_video.lo $(objects)/SDL_vulkan_utils.lo $(objects)/SDL_yuv.lo $(objects)/yuv_rgb_lsx.lo $(objects)/yuv_rgb_sse.lo $(objects)/yuv_rgb_std.lo $(objects)/SDL_locale.lo $(objects)/SDL_nullevents.lo $(objects)/SDL_nullframebuffer.lo $(objects)/SDL_nullvideo.lo $(objects)/SDL_offscreenevents.lo $(objects)/SDL_offscreenframebuffer.lo $(objects)/SDL_offscreenopengles.lo $(objects)/SDL_offscreenvideo.lo $(objects)/SDL_offscreenwindow.lo $(objects)/SDL_diskaudio.lo $(objects)/SDL_dummyaudio.lo $(objects)/SDL_sysloadso.lo $(objects)/SDL_dspaudio.lo $(objects)/SDL_alsa_audio.lo $(objects)/SDL_pipewire.lo $(objects)/SDL_pulseaudio.lo $(objects)/SDL_jackaudio.lo $(objects)/SDL_sndioaudio.lo $(objects)/SDL_x11clipboard.lo $(objects)/SDL_x11dyn.lo $(objects)/SDL_x11events.lo $(objects)/SDL_x11framebuffer.lo $(objects)/SDL_x11keyboard.lo $(objects)/SDL_x11messagebox.lo $(objects)/SDL_x11modes.lo $(objects)/SDL_x11mouse.lo $(objects)/SDL_x11opengl.lo $(objects)/SDL_x11opengles.lo $(objects)/SDL_x11shape.lo $(objects)/SDL_x11touch.lo $(objects)/SDL_x11video.lo $(objects)/SDL_x11vulkan.lo $(objects)/SDL_x11window.lo $(objects)/SDL_x11xfixes.lo $(objects)/SDL_x11xinput2.lo $(objects)/edid-parse.lo $(objects)/SDL_kmsdrmdyn.lo $(objects)/SDL_kmsdrmevents.lo $(objects)/SDL_kmsdrmmouse.lo $(objects)/SDL_kmsdrmopengles.lo $(objects)/SDL_kmsdrmvideo.lo $(objects)/SDL_kmsdrmvulkan.lo $(objects)/SDL_waylandclipboard.lo $(objects)/SDL_waylanddatamanager.lo $(objects)/SDL_waylanddyn.lo $(objects)/SDL_waylandevents.lo $(objects)/SDL_waylandkeyboard.lo $(objects)/SDL_waylandmessagebox.lo $(objects)/SDL_waylandmouse.lo $(objects)/SDL_waylandopengles.lo $(objects)/SDL_waylandshmbuffer.lo $(objects)/SDL_waylandtouch.lo $(objects)/SDL_waylandvideo.lo $(objects)/SDL_waylandvulkan.lo $(objects)/SDL_waylandwindow.lo $(objects)/SDL_dbus.lo $(objects)/SDL_ime.lo $(objects)/SDL_fcitx.lo $(objects)/SDL_hidapi_combined.lo $(objects)/SDL_hidapi_gamecube.lo $(objects)/SDL_hidapi_luna.lo $(objects)/SDL_hidapi_ps3.lo $(objects)/SDL_hidapi_ps4.lo $(objects)/SDL_hidapi_ps5.lo $(objects)/SDL_hidapi_rumble.lo $(objects)/SDL_hidapi_shield.lo $(objects)/SDL_hidapi_stadia.lo $(objects)/SDL_hidapi_steam.lo $(objects)/SDL_hidapi_steamdeck.lo $(objects)/SDL_hidapi_switch.lo $(objects)/SDL_hidapi_wii.lo $(objects)/SDL_hidapi_xbox360.lo $(objects)/SDL_hidapi_xbox360w.lo $(objects)/SDL_hidapi_xboxone.lo $(objects)/SDL_hidapijoystick.lo $(objects)/SDL_systhread.lo $(objects)/SDL_syssem.lo $(objects)/SDL_sysmutex.lo $(objects)/SDL_syscond.lo $(objects)/SDL_systls.lo $(objects)/SDL_sysurl.lo $(objects)/SDL_syslocale.lo $(objects)/SDL_sysjoystick.lo $(objects)/SDL_steamcontroller.lo $(objects)/SDL_syshaptic.lo $(objects)/SDL_syspower.lo $(objects)/SDL_sysfilesystem.lo $(objects)/SDL_systimer.lo $(objects)/SDL_udev.lo $(objects)/SDL_evdev.lo $(objects)/SDL_evdev_kbd.lo $(objects)/SDL_evdev_kbd_freebsd.lo $(objects)/SDL_evdev_capabilities.lo $(objects)/SDL_threadprio.lo $(objects)/SDL_sandbox.lo $(objects)/SDL_poll.lo $(objects)/SDL_virtualjoystick.lo $(objects)/SDL_dummysensor.lo'
OBJEXT='o'
OTOOL64=''
OTOOL=''
PACKAGE_BUGREPORT=''
PACKAGE_NAME=''
PACKAGE_STRING=''
PACKAGE_TARNAME=''
PACKAGE_URL=''
PACKAGE_VERSION=''
PATH_SEPARATOR=':'
PIPEWIRE_CFLAGS='-I/usr/include/pipewire-0.3 -I/usr/include/spa-0.2 -D_REENTRANT'
PIPEWIRE_LIBS='-lpipewire-0.3'
PKGCONFIG_DEPENDS=''
PKGCONFIG_LIBS_PRIV='
PKG_CONFIG='/usr/bin/pkg-config'
PKG_CONFIG_LIBDIR=''
PKG_CONFIG_PATH=''
PULSEAUDIO_CFLAGS='-D_REENTRANT'
PULSEAUDIO_LIBS='-lpulse -pthread'
RANLIB='ranlib'
RC=''
RPI_CFLAGS='-I/opt/vc/include -I/opt/vc/include/interface/vcos/pthreads -I/opt/vc/include/interface/vmcs_host/linux'
RPI_EGL_CFLAGS=''
RPI_EGL_LIBS='-Wl,-rpath,/opt/vc/lib'
RPI_LIBS='-L/opt/vc/lib -lbcm_host'
SDLMAIN_OBJECTS='$(objects)/SDL_dummy_main.lo'
SDLTEST_OBJECTS='$(objects)/SDL_test_assert.lo $(objects)/SDL_test_common.lo $(objects)/SDL_test_compare.lo $(objects)/SDL_test_crc32.lo $(objects)/SDL_test_font.lo $(objects)/SDL_test_fuzzer.lo $(objects)/SDL_test_harness.lo $(objects)/SDL_test_imageBlit.lo $(objects)/SDL_test_imageBlitBlend.lo $(objects)/SDL_test_imageFace.lo $(objects)/SDL_test_imagePrimitives.lo $(objects)/SDL_test_imagePrimitivesBlend.lo $(objects)/SDL_test_log.lo $(objects)/SDL_test_md5.lo $(objects)/SDL_test_memory.lo $(objects)/SDL_test_random.lo'
SDL_BINARY_AGE='3210'
SDL_CFLAGS='  -D_REENTRANT'
SDL_INTERFACE_AGE='10'
SDL_LIBS='-lSDL2'
SDL_MAJOR_VERSION='2'
SDL_MICRO_VERSION='10'
SDL_MINOR_VERSION='32'
SDL_RLD_FLAGS='-Wl,-rpath,${libdir} -Wl,--enable-new-dtags'
SDL_STATIC_LIBS=' -lm -lpthread'
SDL_VENDOR_INFO=''
SDL_VERSION='2.32.10'
SED='/usr/bin/sed'
SET_MAKE=''
SHELL='/bin/sh'
SNDIO_CFLAGS=''
SNDIO_LIBS='-lsndio'
SORT='sort'
STRIP='strip'
VERSION_OBJECTS=''
WAYLAND_SCANNER='/usr/bin/wayland-scanner'
WAYLAND_SCANNER_CODE_MODE='private-code'
XMKMF=''
X_CFLAGS=''
X_EXTRA_LIBS=''
X_LIBS=''
X_PRE_LIBS=' -lSM -lICE'
ac_aux_dir='./build-scripts/'
ac_ct_AR='ar'
ac_ct_CC='gcc'
ac_ct_CXX='g++'
ac_ct_DUMPBIN=''
bin_prefix_relpath='..'
bindir='${exec_prefix}/bin'
build='x86_64-pc-linux-gnu'
build_alias=''
build_cpu='x86_64'
build_os='linux-gnu'
build_vendor='pc'
cmake_prefix_relpath='../../..'
datadir='${datarootdir}'
datarootdir='${prefix}/share'
docdir='${datarootdir}/doc/${PACKAGE}'
dvidir='${docdir}'
exec_prefix='${prefix}'
host='x86_64-pc-linux-gnu'
host_alias=''
host_cpu='x86_64'
host_os='linux-gnu'
host_vendor='pc'
htmldir='${docdir}'
includedir='${prefix}/include'
infodir='${datarootdir}/info'
libdir='${exec_prefix}/lib'
libexecdir='${exec_prefix}/libexec'
localedir='${datarootdir}/locale'
localstatedir='${prefix}/var'
mandir='${datarootdir}/man'
oldincludedir='/usr/include'
pdfdir='${docdir}'
prefix='/usr/local'
program_transform_name='s,x,x,'
psdir='${docdir}'
runstatedir='${localstatedir}/run'
sbindir='${exec_prefix}/sbin'
sharedstatedir='${prefix}/com'
sysconfdir='${prefix}/etc'
target_alias=''

## ----------- ##
## confdefs.h. ##
## ----------- ##

/* confdefs.h */
#define PACKAGE_NAME ""
#define PACKAGE_TARNAME ""
#define PACKAGE_VERSION ""
#define PACKAGE_STRING ""
#define PACKAGE_BUGREPORT ""
#define PACKAGE_URL ""
#define HAVE_STDIO_H 1
#define HAVE_STDLIB_H 1
#define HAVE_STRING_H 1
#define HAVE_INTTYPES_H 1
#define HAVE_STDINT_H 1
#define HAVE_STRINGS_H 1
#define HAVE_SYS_STAT_H 1
#define HAVE_SYS_TYPES_H 1
#define HAVE_UNISTD_H 1
#define STDC_HEADERS 1
#define HAVE_DLFCN_H 1
#define LT_OBJDIR ".libs/"
#define HAVE_LIBC 1
#define HAVE_SYS_TYPES_H 1
#define HAVE_STDIO_H 1
#define HAVE_STDLIB_H 1
#define HAVE_STDDEF_H 1
#define HAVE_STDARG_H 1
#define HAVE_MALLOC_H 1
#define HAVE_MEMORY_H 1
#define HAVE_STRING_H 1
#define HAVE_STRINGS_H 1
#define HAVE_WCHAR_H 1
#define HAVE_INTTYPES_H 1
#define HAVE_STDINT_H 1
#define HAVE_LIMITS_H 1
#define HAVE_CTYPE_H 1
#define HAVE_MATH_H 1
#define HAVE_FLOAT_H 1
#define HAVE_ICONV_H 1
#define HAVE_SIGNAL_H 1
#define HAVE_M_PI /**/
#define HAVE_ALLOCA_H 1
#define HAVE_ALLOCA 1
#define HAVE_MPROTECT 1
#define HAVE_MALLOC 1
#define HAVE_CALLOC 1
#define HAVE_REALLOC 1
#define HAVE_FREE 1
#define HAVE_GETENV 1
#define HAVE_SETENV 1
#define HAVE_PUTENV 1
#define HAVE_UNSETENV 1
#define HAVE_BSEARCH 1
#define HAVE_QSORT 1
#define HAVE_ABS 1
#define HAVE_BCOPY 1
#define HAVE_MEMSET 1
#define HAVE_MEMCMP 1
#define HAVE_MEMCPY 1
#define HAVE_MEMMOVE 1
#define HAVE_WCSLEN 1
#define HAVE_WCSLCPY 1
#define HAVE_WCSLCAT 1
#define HAVE_WCSDUP 1
#define HAVE_WCSSTR 1
#define HAVE_WCSCMP 1
#define HAVE_WCSNCMP 1
#define HAVE_WCSCASECMP 1
#define HAVE_WCSNCASECMP 1
#define HAVE_STRLEN 1
#define HAVE_STRLCPY 1
#define HAVE_STRLCAT 1
#define HAVE_INDEX 1
#define HAVE_RINDEX 1
#define HAVE_STRCHR 1
#define HAVE_STRRCHR 1
#define HAVE_STRSTR 1
#define HAVE_STRTOK_R 1
#define HAVE_STRTOD 1
#define HAVE_STRTOL 1
#define HAVE_STRTOUL 1
#define HAVE_STRTOLL 1
#define HAVE_STRTOULL 1
#define HAVE_ATOI 1
#define HAVE_ATOF 1
#define HAVE_STRCMP 1
#define HAVE_STRNCMP 1
#define HAVE_STRCASECMP 1
#define HAVE_STRNCASECMP 1
#define HAVE_STRCASESTR 1
#define HAVE_VSSCANF 1
#define HAVE_VSNPRINTF 1
#define HAVE_FOPEN64 1
#define HAVE_FSEEKO 1
#define HAVE_FSEEKO64 1
#define HAVE_SIGACTION 1
#define HAVE_SIGTIMEDWAIT 1
#define HAVE_SETJMP 1
#define HAVE_NANOSLEEP 1
#define HAVE_SYSCONF 1
#define HAVE_GETAUXVAL 1
#define HAVE_POLL 1
#define HAVE_MEMFD_CREATE 1
#define HAVE_POSIX_FALLOCATE 1
#define HAVE__EXIT 1
#define HAVE_ACOS 1
#define HAVE_ACOSF 1
#define HAVE_ASIN 1
#define HAVE_ASINF 1
#define HAVE_ATAN 1
#define HAVE_ATANF 1
#define HAVE_ATAN2 1
#define HAVE_ATAN2F 1
#define HAVE_CEIL 1
#define HAVE_CEILF 1
#define HAVE_COPYSIGN 1
#define HAVE_COPYSIGNF 1
#define HAVE_COS 1
#define HAVE_COSF 1
#define HAVE_EXP 1
#define HAVE_EXPF 1
#define HAVE_FABS 1
#define HAVE_FABSF 1
#define HAVE_FLOOR 1
#define HAVE_FLOORF 1
#define HAVE_TRUNC 1
#define HAVE_TRUNCF 1
#define HAVE_FMOD 1
#define HAVE_FMODF 1
#define HAVE_LOG 1
#define HAVE_LOGF 1
#define HAVE_LOG10 1
#define HAVE_LOG10F 1
#define HAVE_LROUND 1
#define HAVE_LROUNDF 1
#define HAVE_POW 1
#define HAVE_POWF 1
#define HAVE_ROUND 1
#define HAVE_ROUNDF 1
#define HAVE_SCALBN 1
#define HAVE_SCALBNF 1
#define HAVE_SIN 1
#define HAVE_SINF 1
#define HAVE_SQRT 1
#define HAVE_SQRTF 1
#define HAVE_TAN 1
#define HAVE_TANF 1
#define HAVE_ICONV 1
#define HAVE_SA_SIGACTION 1
#define HAVE_LIBUNWIND_H 1
#define HAVE_GCC_ATOMICS 1
#define HAVE_IMMINTRIN_H 1
#define SDL_VIDEO_DRIVER_DUMMY 1
#define SDL_VIDEO_DRIVER_OFFSCREEN 1
#define SDL_AUDIO_DRIVER_DISK 1
#define SDL_AUDIO_DRIVER_DUMMY 1
#define DYNAPI_NEEDS_DLOPEN 1
#define HAVE_DLOPEN 1
#define SDL_LOADSO_DLOPEN 1
#define HAVE_O_CLOEXEC 1
#define SDL_AUDIO_DRIVER_OSS 1
#define HAVE_LIBASOUND 1
#define SDL_AUDIO_DRIVER_ALSA 1
#define SDL_AUDIO_DRIVER_ALSA_DYNAMIC "libasound.so.2"
#define SDL_AUDIO_DRIVER_PIPEWIRE 1
#define SDL_AUDIO_DRIVER_PIPEWIRE_DYNAMIC "libpipewire-0.3.so.0"
#define SDL_AUDIO_DRIVER_PULSEAUDIO 1
#define SDL_AUDIO_DRIVER_PULSEAUDIO_DYNAMIC "libpulse.so.0"
#define SDL_AUDIO_DRIVER_JACK 1
#define SDL_AUDIO_DRIVER_JACK_DYNAMIC "libjack.so.0"
#define SDL_AUDIO_DRIVER_SNDIO_DYNAMIC "libsndio.so.7"
#define SDL_AUDIO_DRIVER_SNDIO 1
#define HAVE_LIBSAMPLERATE_H 1
#define SDL_LIBSAMPLERATE_DYNAMIC "libsamplerate.so.0"
#define SDL_VIDEO_DRIVER_X11 1
#define SDL_VIDEO_DRIVER_X11_DYNAMIC "libX11.so.6"
#define SDL_VIDEO_DRIVER_X11_DYNAMIC_XEXT "libXext.so.6"
#define SDL_VIDEO_DRIVER_X11_SUPPORTS_GENERIC_EVENTS 1
#define SDL_VIDEO_DRIVER_X11_HAS_XKBKEYCODETOKEYSYM 1
#define SDL_VIDEO_DRIVER_X11_DYNAMIC_XCURSOR "libXcursor.so.1"
#define SDL_VIDEO_DRIVER_X11_XCURSOR 1
#define SDL_VIDEO_DRIVER_X11_XDBE 1
#define SDL_VIDEO_DRIVER_X11_DYNAMIC_XINPUT2 "libXi.so.6"
#define SDL_VIDEO_DRIVER_X11_XINPUT2 1
#define SDL_VIDEO_DRIVER_X11_XINPUT2_SUPPORTS_MULTITOUCH 1
#define SDL_VIDEO_DRIVER_X11_DYNAMIC_XFIXES "libXfixes.so.3"
#define SDL_VIDEO_DRIVER_X11_XFIXES 1
#define SDL_VIDEO_DRIVER_X11_DYNAMIC_XRANDR "libXrandr.so.2"
#define SDL_VIDEO_DRIVER_X11_XRANDR 1
#define SDL_VIDEO_DRIVER_X11_DYNAMIC_XSS "libXss.so.1"
#define SDL_VIDEO_DRIVER_X11_XSCRNSAVER 1
#define SDL_VIDEO_DRIVER_X11_XSHAPE 1
#define SDL_VIDEO_OPENGL_EGL 1
#define SDL_VIDEO_DRIVER_KMSDRM 1
#define SDL_VIDEO_DRIVER_KMSDRM_DYNAMIC "libdrm.so.2"
#define SDL_VIDEO_DRIVER_KMSDRM_DYNAMIC_GBM "libgbm.so.1"
#define HAVE_KMSDRM_SHARED "TRUE"
#define SDL_VIDEO_OPENGL 1
#define SDL_VIDEO_OPENGL_GLX 1
#define SDL_VIDEO_OPENGL 1
#define SDL_VIDEO_RENDER_OGL 1
#define SDL_VIDEO_OPENGL_ES2 1
#define SDL_VIDEO_RENDER_OGL_ES2 1
#define SDL_VIDEO_VULKAN 1
#define SDL_VIDEO_DRIVER_WAYLAND 1
#define SDL_VIDEO_DRIVER_WAYLAND_QT_TOUCH 1
#define SDL_VIDEO_DRIVER_WAYLAND_DYNAMIC "libwayland-client.so.0"
#define SDL_VIDEO_DRIVER_WAYLAND_DYNAMIC_EGL "libwayland-egl.so.1"
#define SDL_VIDEO_DRIVER_WAYLAND_DYNAMIC_CURSOR "libwayland-cursor.so.0"
#define SDL_VIDEO_DRIVER_WAYLAND_DYNAMIC_XKBCOMMON "libxkbcommon.so.0"
#define HAVE_LIBDECOR_H 1
#define SDL_VIDEO_DRIVER_WAYLAND_DYNAMIC_LIBDECOR "libdecor-0.so.0"
#define HAVE_DECL_LIBDECOR_FRAME_GET_MIN_CONTENT_SIZE 1
#define HAVE_DECL_LIBDECOR_FRAME_GET_MAX_CONTENT_SIZE 1
#define SDL_HAVE_LIBDECOR_GET_MIN_MAX 1
#define HAVE_LINUX_INPUT_H 1
#define SDL_INPUT_LINUXEV 1
#define HAVE_LIBUDEV_H 1
#define SDL_UDEV_DYNAMIC "libudev.so.1"
#define HAVE_DBUS_DBUS_H 1
#define SDL_USE_IME 1
#define HAVE_SYS_INOTIFY_H 1
#define HAVE_INOTIFY_INIT 1
#define HAVE_INOTIFY_INIT1 1
#define HAVE_INOTIFY 1
#define HAVE_FCITX 1
#define SDL_INPUT_LINUXKD 1
#define SDL_JOYSTICK_HIDAPI 1
#define SDL_THREAD_PTHREAD 1
#define SDL_THREAD_PTHREAD_RECURSIVE_MUTEX 1
#define HAVE_SEM_TIMEDWAIT 1
#define HAVE_PTHREAD_SETNAME_NP 1
#define HAVE_CLOCK_GETTIME 1
#define SDL_JOYSTICK_LINUX 1
#define SDL_HAPTIC_LINUX 1
#define SDL_POWER_LINUX 1
#define SDL_FILESYSTEM_UNIX 1
#define SDL_TIMER_UNIX 1
#define SDL_JOYSTICK_VIRTUAL 1
#define SDL_SENSOR_DUMMY 1

configure: exit 0
